时间戳,数字标签,经度,纬度,艏向,角速度,x坐标,向北速度,y坐标,向东速度,期望艏向,期望速度,期望角速度,期望舵角,期望推进器电压,舵角积分补偿,航速,实际舵角,实际推进器电压,艏PG1,艏PG2,艏PG3,角PG1,角PG2,角PG3,速PG1,速PG2,速PG3
2025-07-14 12:55:36.068273,2966,126.62288350,45.80099470,112.592,0.000,36.772,-0.242,33.706,-0.042,0.000,0.000,0.000,0.000,0.000,0.000,0.246,3.287,0.000,0.600,0.500,0.000,0.000,1.000,0.000,0.000,1.000,0.000
2025-07-14 12:55:36.177777,2956,126.62288350,45.80099450,112.567,-0.114,36.750,-0.175,33.706,-0.037,0.000,0.000,0.000,0.000,0.000,0.000,0.212,3.287,0.000,0.600,0.500,0.000,0.000,1.000,0.000,0.000,1.000,0.000
2025-07-14 12:55:36.287926,3036,126.62288360,45.80099430,112.401,-0.579,36.728,-0.180,33.714,-0.018,0.000,0.000,0.000,0.000,0.000,0.000,0.202,3.287,0.000,0.600,0.500,0.000,0.000,1.000,0.000,0.000,1.000,0.000
2025-07-14 12:55:36.397983,3003,126.62288360,45.80099410,112.213,-0.861,36.705,-0.195,33.714,0.005,0.000,0.000,0.000,0.000,0.000,0.000,0.185,3.287,0.000,0.600,0.500,0.000,0.000,1.000,0.000,0.000,1.000,0.000
2025-07-14 12:55:36.508096,2996,126.62288360,45.80099390,112.088,-0.914,36.683,-0.253,33.714,-0.015,0.000,0.000,0.000,0.000,0.000,0.000,0.210,3.287,0.000,0.600,0.500,0.000,0.000,1.000,0.000,0.000,1.000,0.000
2025-07-14 12:55:36.618198,2976,126.62288360,45.80099370,112.085,-0.766,36.661,-0.247,33.714,-0.032,0.000,0.000,0.000,0.000,0.000,0.000,0.233,3.287,0.000,0.600,0.500,0.000,0.000,1.000,0.000,0.000,1.000,0.000
2025-07-14 12:55:36.728292,2956,126.62288360,45.80099350,112.102,-0.635,36.639,-0.250,33.714,-0.047,0.000,0.000,0.000,0.000,0.000,0.000,0.252,3.287,0.000,0.600,0.500,0.000,0.000,1.000,0.000,0.000,1.000,0.000
2025-07-14 12:55:36.838402,2946,126.62288360,45.80099340,112.036,-0.631,36.628,-0.255,33.714,-0.047,0.000,0.000,0.000,0.000,0.000,0.000,0.254,3.287,0.000,0.600,0.500,0.000,0.000,1.000,0.000,0.000,1.000,0.000
2025-07-14 12:55:36.948507,2816,126.62288350,45.80099310,111.859,-0.739,36.594,-0.214,33.706,-0.002,0.000,0.000,0.000,0.000,0.000,0.000,0.243,3.287,0.000,0.600,0.500,0.000,0.000,1.000,0.000,0.000,1.000,0.000
2025-07-14 12:55:37.058629,2796,126.62288350,45.80099290,111.717,-0.794,36.572,-0.210,33.706,0.009,0.000,0.000,0.000,0.000,0.000,0.000,0.228,3.287,0.000,0.600,0.500,0.000,0.000,1.000,0.000,0.000,1.000,0.000
2025-07-14 12:55:37.168704,2776,126.62288350,45.80099270,111.654,-0.852,36.550,-0.233,33.706,-0.016,0.000,0.000,0.000,0.000,0.000,0.000,0.219,3.287,0.000,0.600,0.500,0.000,0.000,1.000,0.000,0.000,1.000,0.000
2025-07-14 12:55:37.278821,2746,126.62288350,45.80099240,111.648,-0.834,36.516,-0.233,33.706,-0.026,0.000,0.000,0.000,0.000,0.000,0.000,0.226,3.287,0.000,0.600,0.500,0.000,0.000,1.000,0.000,0.000,1.000,0.000
2025-07-14 12:55:37.389046,2726,126.62288350,45.80099220,111.614,-0.714,36.494,-0.203,33.706,-0.081,0.000,0.000,0.000,0.000,0.000,0.000,0.229,3.287,0.000,0.600,0.500,0.000,0.000,1.000,0.000,0.000,1.000,0.000
2025-07-14 12:55:37.499030,2606,126.62288340,45.80099200,111.502,-0.645,36.472,-0.222,33.698,-0.031,0.000,0.000,0.000,0.000,0.000,0.000,0.226,3.287,0.000,0.600,0.500,0.000,0.000,1.000,0.000,0.000,1.000,0.000
2025-07-14 12:55:37.609120,2586,126.62288340,45.80099180,111.370,-0.652,36.450,-0.219,33.698,-0.025,0.000,0.000,0.000,0.000,0.000,0.000,0.221,3.287,0.000,0.600,0.500,0.000,0.000,1.000,0.000,0.000,1.000,0.000
2025-07-14 12:55:37.719227,2456,126.62288330,45.80099150,111.231,-0.775,36.416,-0.215,33.690,-0.021,0.000,0.000,0.000,0.000,0.000,0.000,0.220,3.287,0.000,0.600,0.500,0.000,0.000,1.000,0.000,0.000,1.000,0.000
2025-07-14 12:55:37.839351,2436,126.62288330,45.80099130,111.025,-0.962,36.394,-0.216,33.690,-0.024,0.000,0.000,0.000,0.000,0.000,0.000,0.218,3.287,0.000,0.600,0.500,0.000,0.000,1.000,0.000,0.000,1.000,0.000
2025-07-14 12:55:37.959551,2416,126.62288330,45.80099110,110.925,-0.986,36.372,-0.212,33.690,-0.029,0.000,0.000,0.000,0.000,0.000,0.000,0.216,3.287,0.000,0.600,0.500,0.000,0.000,1.000,0.000,0.000,1.000,0.000
2025-07-14 12:55:38.079577,2286,126.62288320,45.80099080,110.801,-0.928,36.339,-0.207,33.683,-0.034,0.000,0.000,0.000,0.000,0.000,0.000,0.214,3.287,0.000,0.600,0.500,0.000,0.000,1.000,0.000,0.000,1.000,0.000
2025-07-14 12:55:38.199702,2156,126.62288310,45.80099050,110.727,-0.861,36.305,-0.261,33.675,-0.010,0.000,0.000,0.000,0.000,0.000,0.000,0.228,3.287,0.000,0.600,0.500,0.000,0.000,1.000,0.000,0.000,1.000,0.000
2025-07-14 12:55:38.319823,2036,126.62288300,45.80099030,110.732,-0.799,36.283,-0.210,33.667,-0.060,0.000,0.000,0.000,0.000,0.000,0.000,0.230,3.287,0.000,0.600,0.500,0.000,0.000,1.000,0.000,0.000,1.000,0.000
2025-07-14 12:55:38.439923,1906,126.62288290,45.80099000,110.747,-0.781,36.250,-0.214,33.659,-0.062,0.000,0.000,0.000,0.000,0.000,0.000,0.234,3.287,0.000,0.600,0.500,0.000,0.000,1.000,0.000,0.000,1.000,0.000
2025-07-14 12:55:38.560038,1886,126.62288290,45.80098980,110.702,-0.788,36.227,-0.231,33.659,-0.038,0.000,0.000,0.000,0.000,0.000,0.000,0.225,3.287,0.000,0.600,0.500,0.000,0.000,1.000,0.000,0.000,1.000,0.000
2025-07-14 12:55:38.680147,1756,126.62288280,45.80098950,110.551,-0.811,36.194,-0.221,33.652,-0.033,0.000,0.000,0.000,0.000,0.000,0.000,0.227,3.287,0.000,0.600,0.500,0.000,0.000,1.000,0.000,0.000,1.000,0.000
2025-07-14 12:55:38.800274,1616,126.62288270,45.80098920,110.407,-0.812,36.161,-0.210,33.644,-0.032,0.000,0.000,0.000,0.000,0.000,0.000,0.223,3.287,0.000,0.600,0.500,0.000,0.000,1.000,0.000,0.000,1.000,0.000
2025-07-14 12:55:38.910445,1606,126.62288270,45.80098900,110.343,-0.744,36.138,-0.215,33.644,-0.045,0.000,0.000,0.000,0.000,0.000,0.000,0.219,3.287,0.000,0.600,0.500,0.000,0.000,1.000,0.000,0.000,1.000,0.000
2025-07-14 12:55:39.020482,1476,126.62288260,45.80098870,110.345,-0.570,36.105,-0.221,33.636,-0.046,0.000,0.000,0.000,0.000,0.000,0.000,0.219,3.287,0.000,0.600,0.500,0.000,0.000,1.000,0.000,0.000,1.000,0.000
2025-07-14 12:55:39.130952,1456,126.62288260,45.80098850,110.353,-0.480,36.083,-0.242,33.636,-0.046,0.000,0.000,0.000,0.000,0.000,0.000,0.231,3.287,0.000,0.600,0.500,0.000,0.000,1.000,0.000,0.000,1.000,0.000
2025-07-14 12:55:39.241052,1336,126.62288250,45.80098830,110.331,-0.396,36.061,-0.239,33.628,-0.053,0.000,0.000,0.000,0.000,0.000,0.000,0.239,3.287,0.000,0.600,0.500,0.000,0.000,1.000,0.000,0.000,1.000,0.000
2025-07-14 12:55:39.351133,1296,126.62288250,45.80098800,110.268,-0.391,36.027,-0.223,33.628,-0.059,0.000,0.000,0.000,0.000,0.000,0.000,0.241,3.287,0.000,0.600,0.500,0.000,0.000,1.000,0.000,0.000,1.000,0.000
2025-07-14 12:55:39.461260,1186,126.62288240,45.80098780,110.137,-0.515,36.005,-0.227,33.621,-0.053,0.000,0.000,0.000,0.000,0.000,0.000,0.236,3.287,0.000,0.600,0.500,0.000,0.000,1.000,0.000,0.000,1.000,0.000
2025-07-14 12:55:39.571348,1156,126.62288240,45.80098750,109.985,-0.665,35.972,-0.259,33.621,-0.012,0.000,0.000,0.000,0.000,0.000,0.000,0.241,3.287,0.000,0.600,0.500,0.000,0.000,1.000,0.000,0.000,1.000,0.000
2025-07-14 12:55:39.681457,1036,126.62288230,45.80098730,109.859,-0.742,35.949,-0.256,33.613,-0.017,0.000,0.000,0.000,0.000,0.000,0.000,0.250,3.287,0.000,0.600,0.500,0.000,0.000,1.000,0.000,0.000,1.000,0.000
2025-07-14 12:55:39.791564,1006,126.62288230,45.80098700,109.771,-0.698,35.916,-0.249,33.613,-0.028,0.000,0.000,0.000,0.000,0.000,0.000,0.255,3.287,0.000,0.600,0.500,0.000,0.000,1.000,0.000,0.000,1.000,0.000
2025-07-14 12:55:39.901676,876,126.62288220,45.80098680,109.791,-0.559,35.894,-0.217,33.605,-0.058,0.000,0.000,0.000,0.000,0.000,0.000,0.244,3.287,0.000,0.600,0.500,0.000,0.000,1.000,0.000,0.000,1.000,0.000
2025-07-14 12:55:40.011766,856,126.62288220,45.80098650,109.763,-0.527,35.860,-0.217,33.605,-0.058,0.000,0.000,0.000,0.000,0.000,0.000,0.233,3.287,0.000,0.600,0.500,0.000,0.000,1.000,0.000,0.000,1.000,0.000
2025-07-14 12:55:40.121895,836,126.62288220,45.80098630,109.653,-0.629,35.838,-0.276,33.605,-0.034,0.000,0.000,0.000,0.000,0.000,0.000,0.242,3.287,0.000,0.600,0.500,0.000,0.000,1.000,0.000,0.000,1.000,0.000
2025-07-14 12:55:40.231990,706,126.62288210,45.80098600,109.545,-0.734,35.805,-0.281,33.597,-0.031,0.000,0.000,0.000,0.000,0.000,0.000,0.262,3.287,0.000,0.600,0.500,0.000,0.000,1.000,0.000,0.000,1.000,0.000
2025-07-14 12:55:40.342082,676,126.62288210,45.80098570,109.485,-0.769,35.771,-0.237,33.597,-0.029,0.000,0.000,0.000,0.000,0.000,0.000,0.267,3.287,0.000,0.600,0.500,0.000,0.000,1.000,0.000,0.000,1.000,0.000
2025-07-14 12:55:40.452198,556,126.62288200,45.80098550,109.475,-0.721,35.749,-0.240,33.590,-0.033,0.000,0.000,0.000,0.000,0.000,0.000,0.255,3.287,0.000,0.600,0.500,0.000,0.000,1.000,0.000,0.000,1.000,0.000
2025-07-14 12:55:40.562384,526,126.62288200,45.80098520,109.393,-0.676,35.716,-0.219,33.590,-0.054,0.000,0.000,0.000,0.000,0.000,0.000,0.236,3.287,0.000,0.600,0.500,0.000,0.000,1.000,0.000,0.000,1.000,0.000
2025-07-14 12:55:40.672394,406,126.62288190,45.80098500,109.243,-0.674,35.694,-0.217,33.582,-0.057,0.000,0.000,0.000,0.000,0.000,0.000,0.231,3.287,0.000,0.600,0.500,0.000,0.000,1.000,0.000,0.000,1.000,0.000
2025-07-14 12:55:40.782491,376,126.62288190,45.80098470,109.093,-0.696,35.660,-0.205,33.582,-0.064,0.000,0.000,0.000,0.000,0.000,0.000,0.222,3.287,0.000,0.600,0.500,0.000,0.000,1.000,0.000,0.000,1.000,0.000
2025-07-14 12:55:40.892602,256,126.62288180,45.80098450,109.068,-0.639,35.638,-0.215,33.574,-0.012,0.000,0.000,0.000,0.000,0.000,0.000,0.218,3.287,0.000,0.600,0.500,0.000,0.000,1.000,0.000,0.000,1.000,0.000
2025-07-14 12:55:41.002784,236,126.62288180,45.80098430,109.184,-0.552,35.616,-0.217,33.574,-0.035,0.000,0.000,0.000,0.000,0.000,0.000,0.217,3.287,0.000,0.600,0.500,0.000,0.000,1.000,0.000,0.000,1.000,0.000
2025-07-14 12:55:41.112809,216,126.62288180,45.80098410,109.299,-0.422,35.593,-0.278,33.574,-0.086,0.000,0.000,0.000,0.000,0.000,0.000,0.242,3.287,0.000,0.600,0.500,0.000,0.000,1.000,0.000,0.000,1.000,0.000
2025-07-14 12:55:41.222938,96,126.62288170,45.80098390,109.264,-0.354,35.571,-0.302,33.566,-0.085,0.000,0.000,0.000,0.000,0.000,0.000,0.275,3.287,0.000,0.600,0.500,0.000,0.000,1.000,0.000,0.000,1.000,0.000
2025-07-14 12:55:41.333034,76,126.62288170,45.80098370,109.100,-0.404,35.549,-0.199,33.566,-0.038,0.000,0.000,0.000,0.000,0.000,0.000,0.269,3.287,0.000,0.600,0.500,0.000,0.000,1.000,0.000,0.000,1.000,0.000
2025-07-14 12:55:41.443115,9946,126.62288160,45.80098340,108.946,-0.489,35.516,-0.192,33.559,-0.041,0.000,0.000,0.000,0.000,0.000,0.000,0.238,3.287,0.000,0.600,0.500,0.000,0.000,1.000,0.000,0.000,1.000,0.000
2025-07-14 12:55:41.553236,9926,126.62288160,45.80098320,108.850,-0.567,35.493,-0.213,33.559,-0.021,0.000,0.000,0.000,0.000,0.000,0.000,0.204,3.287,0.000,0.600,0.500,0.000,0.000,1.000,0.000,0.000,1.000,0.000
2025-07-14 12:55:41.663349,9806,126.62288150,45.80098300,108.867,-0.477,35.471,-0.199,33.551,-0.031,-90.000,1.300,0.000,0.000,0.000,0.000,0.204,3.287,0.000,0.600,0.500,0.000,0.000,1.000,0.000,0.000,1.000,0.000
2025-07-14 12:55:41.773446,9786,126.62288150,45.80098280,108.974,-0.243,35.449,-0.198,33.551,-0.048,-90.000,1.300,0.000,30.000,0.188,0.002,0.206,3.287,0.000,0.600,0.500,0.000,0.000,1.000,0.000,0.000,1.000,0.000
2025-07-14 12:55:41.883569,9666,126.62288140,45.80098260,109.096,0.004,35.427,-0.239,33.543,-0.063,-90.000,1.300,0.000,30.000,0.375,0.003,0.217,3.287,0.000,0.600,0.500,0.000,0.000,1.000,0.000,0.000,1.000,0.000
2025-07-14 12:55:41.993669,9436,126.62288120,45.80098230,109.151,0.077,35.393,-0.253,33.528,-0.042,-90.000,1.300,0.000,30.000,0.561,0.005,0.236,3.287,0.000,0.600,0.500,0.000,0.000,1.000,0.000,0.000,0.999,-0.000
2025-07-14 12:55:42.103838,9316,126.62288110,45.80098210,109.100,-0.075,35.371,-0.261,33.520,-0.020,-90.000,1.300,0.000,30.000,0.743,0.007,0.255,28.392,0.000,0.600,0.500,0.000,0.000,1.000,0.000,0.000,0.999,-0.001
2025-07-14 12:55:42.213882,9286,126.62288110,45.80098180,108.971,-0.297,35.338,-0.235,33.520,-0.034,-90.000,1.300,0.000,30.000,0.922,0.009,0.252,28.392,0.000,0.600,0.500,0.000,0.000,1.000,0.000,0.000,0.999,-0.001
2025-07-14 12:55:42.323987,9166,126.62288100,45.80098160,108.942,-0.291,35.316,-0.191,33.512,-0.021,-90.000,1.300,0.000,30.000,1.102,0.010,0.230,28.392,0.000,0.600,0.500,0.000,0.000,1.000,0.000,0.000,0.998,-0.001
2025-07-14 12:55:42.434072,9046,126.62288090,45.80098140,108.972,-0.115,35.293,-0.182,33.504,-0.022,-90.000,1.300,0.000,30.000,1.285,0.012,0.204,28.392,0.000,0.600,0.500,0.000,0.000,1.000,0.000,0.000,0.998,-0.002
2025-07-14 12:55:42.544186,8926,126.62288080,45.80098120,108.942,-0.003,35.271,-0.252,33.497,-0.070,-90.000,1.300,0.000,30.000,1.473,0.014,0.212,28.392,0.000,0.600,0.500,0.000,0.000,1.000,0.000,0.000,0.998,-0.002
2025-07-14 12:55:42.654264,8896,126.62288080,45.80098090,108.824,-0.023,35.238,-0.267,33.497,-0.069,-90.000,1.300,0.000,30.000,1.659,0.016,0.240,29.392,0.000,0.600,0.500,0.000,0.000,1.000,0.000,0.000,0.997,-0.002
2025-07-14 12:55:42.764395,8766,126.62288070,45.80098070,108.751,-0.105,35.215,-0.268,33.489,-0.092,-90.000,1.300,0.000,30.000,1.841,0.018,0.274,29.392,0.000,0.600,0.500,0.000,0.000,1.000,0.000,0.000,0.997,-0.003
2025-07-14 12:55:42.874587,8546,126.62288050,45.80098040,108.784,-0.172,35.182,-0.212,33.473,-0.061,-90.000,1.300,0.000,30.000,2.017,0.019,0.260,29.392,0.000,0.600,0.500,0.000,0.000,1.000,0.000,0.000,0.997,-0.003
2025-07-14 12:55:42.984604,8536,126.62288050,45.80098030,108.878,-0.198,35.171,-0.192,33.473,-0.047,-90.000,1.300,0.000,30.000,2.195,0.021,0.234,29.392,0.000,0.600,0.500,0.000,0.000,1.000,0.000,0.000,0.996,-0.003
2025-07-14 12:55:43.094703,8306,126.62288030,45.80098010,108.936,-0.195,35.149,-0.187,33.458,-0.057,-90.000,1.300,0.000,30.000,2.378,0.023,0.205,29.392,0.000,0.600,0.500,0.000,0.000,1.000,0.000,0.000,0.996,-0.004
2025-07-14 12:55:43.204813,8196,126.62288020,45.80097990,108.902,-0.180,35.126,-0.223,33.450,-0.041,-90.000,1.300,0.000,30.000,2.565,0.025,0.207,29.392,0.000,0.600,0.500,0.000,0.000,1.000,0.000,0.000,0.996,-0.004
2025-07-14 12:55:43.314921,8076,126.62288010,45.80097970,108.810,-0.146,35.104,-0.262,33.442,0.009,-90.000,1.300,0.000,30.000,2.753,0.026,0.228,29.392,0.000,0.600,0.500,0.000,0.000,1.000,0.000,0.000,0.995,-0.004
2025-07-14 12:55:43.425029,7946,126.62288000,45.80097950,108.676,-0.242,35.082,-0.266,33.435,-0.024,-90.000,1.300,0.000,30.000,2.936,0.028,0.252,29.392,0.000,0.600,0.500,0.000,0.000,1.000,0.000,0.000,0.995,-0.005
2025-07-14 12:55:43.535135,7736,126.62287980,45.80097930,108.597,-0.340,35.060,-0.230,33.419,0.064,-90.000,1.300,0.000,30.000,3.116,0.030,0.256,29.392,0.000,0.600,0.500,0.000,0.000,1.000,0.000,0.000,0.995,-0.005
2025-07-14 12:55:43.645229,7516,126.62287960,45.80097910,108.614,-0.298,35.038,-0.215,33.403,0.009,-90.000,1.300,0.000,30.000,3.294,0.032,0.240,29.392,0.000,0.600,0.500,0.000,0.000,1.000,0.000,0.000,0.994,-0.005
2025-07-14 12:55:43.755339,7186,126.62287930,45.80097890,108.734,-0.081,35.015,-0.207,33.380,-0.036,-90.000,1.300,0.000,30.000,3.476,0.034,0.221,29.392,0.000,0.600,0.500,0.000,0.000,1.000,0.000,0.000,0.994,-0.006
2025-07-14 12:55:43.865456,6966,126.62287910,45.80097860,109.036,0.260,34.982,-0.285,33.365,0.087,-90.000,1.300,0.000,30.000,3.661,0.035,0.241,29.392,0.000,0.600,0.500,0.000,0.000,1.000,0.000,0.000,0.994,-0.006
2025-07-14 12:55:43.975585,7246,126.62287940,45.80097840,109.357,0.522,34.960,-0.286,33.388,0.144,-90.000,1.300,0.000,30.000,3.842,0.037,0.276,29.392,0.000,0.600,0.500,0.000,0.000,1.000,0.000,0.000,0.993,-0.006
2025-07-14 12:55:44.085639,7509,126.62287970,45.80097800,109.829,0.865,34.915,-0.295,33.411,0.090,-90.000,1.300,0.000,30.000,4.017,0.039,0.309,29.760,0.000,0.600,0.500,0.000,0.000,1.000,0.000,0.000,0.993,-0.007
2025-07-14 12:55:44.195936,7686,126.62287990,45.80097780,110.316,1.255,34.893,-0.186,33.427,0.192,-90.000,1.300,0.000,30.000,4.187,0.041,0.299,29.760,0.000,0.600,0.500,0.000,0.000,1.000,0.000,0.000,0.993,-0.007
2025-07-14 12:55:44.305830,7859,126.62288010,45.80097750,111.007,1.914,34.860,-0.217,33.442,0.284,-90.000,1.300,0.000,30.000,4.359,0.042,0.311,29.760,0.000,0.600,0.500,0.000,0.000,1.000,0.000,0.000,0.993,-0.007
2025-07-14 12:55:44.415956,7829,126.62288010,45.80097720,111.757,2.680,34.826,-0.208,33.442,0.222,-90.000,1.300,0.000,30.000,4.528,0.044,0.310,29.760,0.000,0.600,0.500,0.000,0.000,1.000,0.000,0.000,0.992,-0.007
2025-07-14 12:55:44.526062,7909,126.62288020,45.80097700,112.949,3.885,34.804,-0.207,33.450,0.349,-90.000,1.300,0.000,30.000,4.697,0.046,0.356,29.760,0.000,0.600,0.500,0.000,0.000,1.000,0.000,0.000,0.992,-0.008
2025-07-14 12:55:44.636174,7889,126.62288020,45.80097680,114.294,5.168,34.782,-0.193,33.450,0.297,-90.000,1.300,0.000,30.000,4.859,0.048,0.355,29.971,0.000,0.600,0.500,0.000,0.000,1.000,0.000,0.000,0.992,-0.008
2025-07-14 12:55:44.746269,7759,126.62288010,45.80097650,116.004,6.707,34.748,-0.175,33.442,0.249,-90.000,1.300,0.000,30.000,5.021,0.049,0.355,29.971,0.000,0.600,0.500,0.000,0.000,1.000,0.000,0.000,0.992,-0.008
2025-07-14 12:55:44.856373,7749,126.62288010,45.80097640,117.545,7.999,34.737,-0.120,33.442,0.303,-90.000,1.300,0.000,30.000,5.183,0.051,0.328,29.971,0.000,0.600,0.500,0.000,0.000,1.000,0.000,0.000,0.991,-0.008
2025-07-14 12:55:44.966564,8739,126.62288110,45.80097630,119.357,9.372,34.726,-0.133,33.520,0.436,-90.000,1.300,0.000,30.000,5.349,0.053,0.362,29.971,0.000,0.600,0.500,0.000,0.000,1.000,0.000,0.000,0.991,-0.009
2025-07-14 12:55:45.076595,9732,126.62288210,45.80097620,121.301,10.847,34.715,-0.110,33.597,0.405,-90.000,1.300,0.000,30.000,5.510,0.054,0.400,30.023,0.000,0.600,0.500,0.000,0.000,1.000,0.000,0.000,0.991,-0.009
2025-07-14 12:55:45.196334,532,126.62288290,45.80097620,123.123,11.936,34.715,-0.151,33.659,0.504,-90.000,1.300,0.000,30.000,5.664,0.056,0.467,30.023,0.000,0.600,0.500,0.000,0.000,1.000,0.000,0.000,0.991,-0.009
2025-07-14 12:55:45.306431,1332,126.62288370,45.80097620,125.378,13.544,34.715,-0.125,33.721,0.536,-90.000,1.300,0.000,30.000,5.806,0.058,0.499,30.023,0.000,0.600,0.500,0.000,0.000,1.000,0.000,0.000,0.990,-0.009
2025-07-14 12:55:45.416547,2135,126.62288450,45.80097620,127.767,15.087,34.715,-0.060,33.783,0.508,-90.000,1.300,0.000,30.000,5.943,0.059,0.529,30.023,0.000,0.600,0.500,0.000,0.000,1.000,0.000,0.000,0.990,-0.009
2025-07-14 12:55:45.526716,2845,126.62288520,45.80097630,129.953,16.393,34.726,-0.207,33.838,0.584,-90.000,1.300,0.000,30.000,6.075,0.061,0.561,30.023,0.000,0.600,0.500,0.000,0.000,1.000,0.000,0.000,0.990,-0.010
2025-07-14 12:55:45.636747,3555,126.62288590,45.80097640,132.503,17.627,34.737,-0.170,33.892,0.574,-90.000,1.300,0.000,30.000,6.202,0.062,0.577,30.181,0.000,0.600,0.500,0.000,0.000,1.000,0.000,0.000,0.990,-0.010
2025-07-14 12:55:45.746829,4165,126.62288650,45.80097650,134.826,18.527,34.748,-0.105,33.938,0.563,-90.000,1.300,0.000,30.000,6.326,0.064,0.597,30.181,0.000,0.600,0.500,0.000,0.000,1.000,0.000,0.000,0.990,-0.010
2025-07-14 12:55:45.856957,4978,126.62288730,45.80097660,137.631,19.523,34.760,-0.231,34.000,0.630,-90.000,1.300,0.000,30.000,6.446,0.065,0.614,30.181,0.000,0.600,0.500,0.000,0.000,1.000,0.000,0.000,0.990,-0.010
2025-07-14 12:55:45.967052,6338,126.62288870,45.80097620,139.921,20.204,34.715,-0.321,34.109,0.659,-90.000,1.300,0.000,30.000,6.563,0.067,0.659,30.181,0.000,0.600,0.500,0.000,0.000,1.000,0.000,0.000,0.990,-0.010
2025-07-14 12:55:46.077165,8001,126.62289040,45.80097580,142.442,20.828,34.671,-0.300,34.241,0.713,-90.000,1.300,0.000,30.000,6.673,0.068,0.726,30.181,0.000,0.600,0.500,0.000,0.000,1.000,0.000,0.000,0.990,-0.010
2025-07-14 12:55:46.187264,9271,126.62289170,45.80097550,144.615,21.036,34.637,-0.410,34.341,0.721,-90.000,1.300,0.000,30.000,6.772,0.070,0.779,30.181,0.000,0.600,0.500,0.000,0.000,1.000,0.000,0.000,0.990,-0.010
2025-07-14 12:55:46.297378,844,126.62289330,45.80097520,147.208,21.875,34.604,-0.372,34.466,0.755,-90.000,1.300,0.000,30.000,6.861,0.071,0.815,30.181,0.000,0.600,0.500,0.000,0.000,1.000,0.000,0.000,0.990,-0.010
2025-07-14 12:55:46.407471,2214,126.62289470,45.80097490,149.577,21.978,34.571,-0.407,34.574,0.707,-90.000,1.300,0.000,30.000,6.944,0.072,0.829,30.181,0.000,0.600,0.500,0.000,0.000,1.000,0.000,0.000,0.989,-0.010
2025-07-14 12:55:46.517574,3784,126.62289630,45.80097460,152.227,22.216,34.537,-0.440,34.698,0.613,-90.000,1.300,0.000,30.000,7.024,0.074,0.804,30.181,0.000,0.600,0.500,0.000,0.000,1.000,0.000,0.000,0.989,-0.010
2025-07-14 12:55:46.627717,5261,126.62289780,45.80097440,154.782,22.551,34.515,-0.403,34.814,0.691,-90.000,1.300,0.000,30.000,7.109,0.075,0.790,30.181,0.000,0.600,0.500,0.000,0.000,1.000,0.000,0.000,0.989,-0.010
2025-07-14 12:55:46.737783,6744,126.62289930,45.80097420,156.927,22.183,34.493,-0.379,34.931,0.767,-90.000,1.300,0.000,30.000,7.197,0.076,0.803,30.181,0.000,0.600,0.500,0.000,0.000,1.000,0.000,0.000,0.989,-0.010
2025-07-14 12:55:46.847900,8414,126.62290100,45.80097390,159.261,22.193,34.459,-0.514,35.062,0.689,-90.000,1.300,0.000,30.000,7.282,0.078,0.838,30.181,0.000,0.600,0.500,0.000,0.000,1.000,0.000,0.000,0.989,-0.011
2025-07-14 12:55:46.957992,9234,126.62290190,45.80097310,161.201,21.407,34.370,-0.670,35.132,0.580,-90.000,1.300,0.000,30.000,7.361,0.079,0.867,30.181,0.000,0.600,0.500,0.000,0.000,1.000,0.000,0.000,0.989,-0.011
2025-07-14 12:55:47.068114,134,126.62290290,45.80097210,163.441,21.343,34.259,-0.652,35.210,0.605,-90.000,1.300,0.000,30.000,7.435,0.080,0.878,30.181,0.000,0.600,0.500,0.000,0.000,1.000,0.000,0.000,0.989,-0.011
2025-07-14 12:55:47.178196,1064,126.62290390,45.80097140,165.459,20.906,34.181,-0.661,35.287,0.570,-90.000,1.300,0.000,30.000,7.507,0.081,0.883,30.181,0.000,0.600,0.500,0.000,0.000,1.000,0.000,0.000,0.989,-0.011
2025-07-14 12:55:47.288365,2084,126.62290500,45.80097060,167.807,21.065,34.092,-0.629,35.373,0.639,-90.000,1.300,0.000,30.000,7.578,0.082,0.886,30.181,0.000,0.600,0.500,0.000,0.000,1.000,0.000,0.000,0.989,-0.011
2025-07-14 12:55:47.398403,3114,126.62290610,45.80096990,169.871,20.584,34.015,-0.702,35.458,0.529,-90.000,1.300,0.000,30.000,7.649,0.083,0.883,30.181,0.000,0.600,0.500,0.000,0.000,1.000,0.000,0.000,0.989,-0.011
2025-07-14 12:55:47.508528,4234,126.62290730,45.80096910,172.252,20.595,33.926,-0.759,35.551,0.454,-90.000,1.300,0.000,30.000,7.720,0.085,0.887,30.181,0.000,0.600,0.500,0.000,0.000,1.000,0.000,0.000,0.989,-0.011
2025-07-14 12:55:47.618733,5274,126.62290840,45.80096850,174.258,20.010,33.859,-0.742,35.636,0.492,-90.000,1.300,0.000,30.000,7.791,0.086,0.885,30.181,0.000,0.600,0.500,0.000,0.000,1.000,0.000,0.000,0.989,-0.011
2025-07-14 12:55:47.728728,6504,126.62290970,45.80096780,176.462,19.691,33.781,-0.726,35.737,0.549,-90.000,1.300,0.000,30.000,7.862,0.087,0.895,30.181,0.000,0.600,0.500,0.000,0.000,1.000,0.000,0.000,0.989,-0.011
2025-07-14 12:55:47.838825,7647,126.62291090,45.80096720,178.297,19.409,33.714,-0.727,35.830,0.607,-90.000,1.300,0.000,30.000,7.932,0.088,0.916,30.181,0.000,0.600,0.500,0.000,0.000,1.000,0.000,0.000,0.989,-0.011
2025-07-14 12:55:47.949020,7727,126.62291110,45.80096600,-179.573,18.955,33.581,-0.860,35.845,0.356,-90.000,1.300,0.000,30.000,7.997,0.089,0.929,30.181,0.000,0.600,0.500,0.000,0.000,1.000,0.000,0.000,0.989,-0.011
2025-07-14 12:55:48.059035,7907,126.62291140,45.80096490,-177.678,18.914,33.459,-0.862,35.869,0.418,-90.000,1.300,0.000,30.000,8.061,0.090,0.945,30.181,0.000,0.600,0.500,0.000,0.000,1.000,0.000,0.000,0.989,-0.011
2025-07-14 12:55:48.169155,8207,126.62291180,45.80096380,-175.483,18.874,33.336,-0.880,35.900,0.374,-90.000,1.300,0.000,30.000,8.121,0.091,0.948,30.392,0.000,0.600,0.500,0.000,0.000,1.000,0.000,0.000,0.989,-0.011
2025-07-14 12:55:48.289245,8507,126.62291220,45.80096280,-173.602,18.607,33.225,-0.882,35.931,0.426,-90.000,1.300,0.000,30.000,8.182,0.092,0.965,30.392,0.000,0.600,0.500,0.000,0.000,1.000,0.000,0.000,0.989,-0.011
2025-07-14 12:55:48.409358,9077,126.62291290,45.80096150,-171.211,18.465,33.080,-0.886,35.985,0.232,-90.000,1.300,0.000,30.000,8.239,0.093,0.951,30.392,0.000,0.600,0.500,0.000,0.000,1.000,0.000,0.000,0.989,-0.011
2025-07-14 12:55:48.529466,9477,126.62291340,45.80096050,-169.004,18.428,32.969,-0.941,36.024,0.181,-90.000,1.300,0.000,30.000,8.299,0.094,0.951,30.392,0.000,0.600,0.500,0.000,0.000,1.000,0.000,0.000,0.989,-0.011
2025-07-14 12:55:48.649568,67,126.62291410,45.80095940,-166.613,18.256,32.847,-0.915,36.078,0.264,-90.000,1.300,0.000,30.000,8.359,0.095,0.942,30.392,0.000,0.600,0.500,0.000,0.000,1.000,0.000,0.000,0.989,-0.011
2025-07-14 12:55:48.769683,667,126.62291480,45.80095840,-164.212,18.433,32.736,-0.926,36.132,0.352,-90.000,1.300,0.000,30.000,8.420,0.095,0.967,30.392,0.000,0.600,0.500,0.000,0.000,1.000,0.000,0.000,0.989,-0.011
2025-07-14 12:55:48.889804,1157,126.62291540,45.80095730,-161.903,18.353,32.613,-0.962,36.179,0.266,-90.000,1.300,0.000,30.000,8.477,0.096,0.980,30.392,0.000,0.600,0.500,0.000,0.000,1.000,0.000,0.000,0.988,-0.011
2025-07-14 12:55:49.009931,717,126.62291510,45.80095590,-159.383,18.785,32.458,-0.978,36.155,0.067,-90.000,1.300,0.000,30.000,8.531,0.097,0.990,30.392,0.000,0.600,0.500,0.000,0.000,1.000,0.000,0.000,0.988,-0.011
2025-07-14 12:55:49.130032,287,126.62291480,45.80095460,-157.146,18.981,32.313,-0.983,36.132,0.010,-90.000,1.300,0.000,30.000,8.585,0.098,0.987,30.392,0.000,0.600,0.500,0.000,0.000,1.000,0.000,0.000,0.988,-0.011
2025-07-14 12:55:49.250136,67,126.62291470,45.80095340,-154.894,19.119,32.180,-0.968,36.124,0.057,-90.000,1.300,0.000,30.000,8.638,0.099,0.978,30.392,0.000,0.600,0.500,0.000,0.000,1.000,0.000,0.000,0.988,-0.011
2025-07-14 12:55:49.370262,9947,126.62291470,45.80095220,-152.650,19.012,32.046,-0.979,36.124,-0.005,-90.000,1.300,0.000,30.000,8.693,0.100,0.977,30.392,0.000,0.600,0.500,0.000,0.000,1.000,0.000,0.000,0.988,-0.011
2025-07-14 12:55:49.480376,9907,126.62291480,45.80095090,-150.025,19.831,31.902,-0.981,36.132,0.088,-90.000,1.300,0.000,30.000,8.748,0.100,0.978,30.392,0.000,0.600,0.500,0.000,0.000,1.000,0.000,0.000,0.988,-0.011
2025-07-14 12:55:49.590472,9827,126.62291480,45.80095000,-147.882,19.787,31.802,-0.974,36.132,-0.061,-90.000,1.300,0.000,30.000,8.804,0.101,0.980,30.392,0.000,0.600,0.500,0.000,0.000,1.000,0.000,0.000,0.988,-0.011
2025-07-14 12:55:49.700579,9827,126.62291490,45.80094900,-145.333,20.265,31.691,-0.986,36.140,0.001,-90.000,1.300,0.000,30.000,8.858,0.102,0.982,30.392,0.000,0.600,0.500,0.000,0.000,1.000,0.000,0.000,0.988,-0.011
2025-07-14 12:55:49.810680,9927,126.62291510,45.80094800,-143.106,20.297,31.579,-1.002,36.155,0.069,-90.000,1.300,0.000,30.000,8.913,0.102,0.989,30.392,0.000,0.600,0.500,0.000,0.000,1.000,0.000,0.000,0.988,-0.012
2025-07-14 12:55:49.920789,9690,126.62291500,45.80094690,-140.680,20.501,31.457,-1.080,36.148,-0.287,-90.000,1.300,0.000,30.000,8.966,0.103,1.036,30.392,0.000,0.600,0.500,0.000,0.000,1.000,0.000,0.000,0.988,-0.012
2025-07-14 12:55:50.030887,9390,126.62291480,45.80094590,-138.626,20.444,31.346,-1.086,36.132,-0.233,-90.000,1.300,0.000,30.000,9.011,0.103,1.078,30.392,0.000,0.600,0.500,0.000,0.000,1.000,0.000,0.000,0.988,-0.012
2025-07-14 12:55:50.140995,9073,126.62291460,45.80094470,-136.304,20.455,31.212,-1.108,36.117,-0.413,-90.000,1.300,0.000,30.000,9.049,0.104,1.137,30.602,0.000,0.600,0.500,0.000,0.000,1.000,0.000,0.000,0.988,-0.012
2025-07-14 12:55:50.251097,8853,126.62291450,45.80094360,-134.273,20.421,31.090,-1.168,36.109,-0.381,-90.000,1.300,0.000,30.000,9.077,0.105,1.174,30.602,0.000,0.600,0.500,0.000,0.000,1.000,0.000,0.000,0.988,-0.012
2025-07-14 12:55:50.361211,8733,126.62291450,45.80094230,-132.031,20.598,30.946,-1.064,36.109,-0.454,-90.000,1.300,0.000,30.000,9.099,0.105,1.189,30.602,0.000,0.600,0.500,0.000,0.000,1.000,0.000,0.000,0.988,-0.012
2025-07-14 12:55:50.471423,8513,126.62291440,45.80094110,-130.074,20.507,30.812,-1.103,36.101,-0.422,-90.000,1.300,0.000,30.000,9.118,0.105,1.189,30.602,0.000,0.600,0.500,0.000,0.000,1.000,0.000,0.000,0.988,-0.012
2025-07-14 12:55:50.581403,8373,126.62291440,45.80093970,-127.832,20.159,30.656,-0.980,36.101,-0.468,-90.000,1.300,0.000,30.000,9.137,0.106,1.141,30.602,0.000,0.600,0.500,0.000,0.000,1.000,0.000,0.000,0.988,-0.012
2025-07-14 12:55:50.691499,8353,126.62291450,45.80093850,-125.909,19.959,30.523,-1.014,36.109,-0.429,-90.000,1.300,0.000,30.000,9.164,0.106,1.123,30.602,0.000,0.600,0.500,0.000,0.000,1.000,0.000,0.000,0.988,-0.012
2025-07-14 12:55:50.801617,8203,126.62291450,45.80093700,-124.179,19.214,30.356,-1.076,36.109,-0.377,-90.000,1.300,0.000,30.000,9.194,0.107,1.109,30.602,0.000,0.600,0.500,0.000,0.000,1.000,0.000,0.000,0.988,-0.012
2025-07-14 12:55:50.911725,7613,126.62291400,45.80093610,-122.292,18.905,30.256,-0.876,36.070,-0.601,-90.000,1.300,0.000,30.000,9.227,0.107,1.101,30.602,0.000,0.600,0.500,0.000,0.000,1.000,0.000,0.000,0.988,-0.012
2025-07-14 12:55:51.021823,6633,126.62291310,45.80093530,-120.192,18.609,30.167,-0.951,36.000,-0.583,-90.000,1.300,0.000,30.000,9.261,0.107,1.106,30.602,0.000,0.600,0.500,0.000,0.000,1.000,0.000,0.000,0.988,-0.012
2025-07-14 12:55:51.131929,5840,126.62291240,45.80093440,-118.331,18.433,30.067,-0.804,35.946,-0.645,-90.000,1.300,0.000,30.000,9.294,0.108,1.070,30.602,0.000,0.600,0.500,0.000,0.000,1.000,0.000,0.000,0.988,-0.012
2025-07-14 12:55:51.242129,4940,126.62291160,45.80093340,-116.163,18.293,29.956,-0.857,35.884,-0.603,-90.000,1.300,0.000,30.000,9.334,0.108,1.065,30.602,0.000,0.600,0.500,0.000,0.000,1.000,0.000,0.000,0.988,-0.012
2025-07-14 12:55:51.352146,4260,126.62291100,45.80093260,-114.225,18.210,29.867,-0.749,35.838,-0.698,-90.000,1.300,0.000,30.000,9.374,0.108,1.034,30.602,0.000,0.600,0.500,0.000,0.000,1.000,0.000,0.000,0.988,-0.012
2025-07-14 12:55:51.462244,3450,126.62291030,45.80093150,-112.035,18.162,29.745,-0.804,35.783,-0.694,-90.000,1.300,0.000,30.000,9.419,0.109,1.045,30.602,0.000,0.600,0.500,0.000,0.000,1.000,0.000,0.000,0.988,-0.012
2025-07-14 12:55:51.572357,2750,126.62290970,45.80093050,-109.880,18.342,29.633,-0.752,35.737,-0.737,-90.000,1.300,0.000,30.000,9.463,0.109,1.046,30.602,0.000,0.600,0.500,0.000,0.000,1.000,0.000,0.000,0.988,-0.012
2025-07-14 12:55:51.682452,2050,126.62290910,45.80092950,-108.060,17.959,29.522,-0.824,35.690,-0.691,-90.000,1.300,0.000,28.065,9.506,0.109,1.063,30.602,0.000,0.600,0.500,0.000,0.000,1.000,0.000,0.000,0.988,-0.012
2025-07-14 12:55:51.792564,1430,126.62290860,45.80092830,-106.005,18.079,29.389,-0.884,35.652,-0.648,-90.000,1.300,0.000,26.005,9.547,0.109,1.075,30.602,0.000,0.600,0.500,0.000,0.000,1.000,0.000,0.000,0.988,-0.012
2025-07-14 12:55:51.902668,470,126.62290770,45.80092770,-104.162,18.181,29.322,-0.775,35.582,-0.741,-90.000,1.300,0.000,21.453,9.585,0.109,1.081,30.602,0.000,0.600,0.500,0.000,0.000,1.000,0.000,0.000,0.988,-0.012
2025-07-14 12:55:52.012773,9110,126.62290640,45.80092720,-102.086,18.353,29.267,-0.705,35.481,-0.791,-90.000,1.300,0.000,18.905,9.623,0.110,1.076,30.602,0.000,0.600,0.500,0.000,0.000,1.000,0.000,0.000,0.988,-0.012
2025-07-14 12:55:52.122881,7950,126.62290530,45.80092660,-100.366,18.008,29.200,-0.629,35.396,-0.910,-90.000,1.300,0.000,14.323,9.661,0.110,1.079,26.287,0.000,0.600,0.500,0.000,0.000,1.000,0.000,0.000,0.988,-0.012
2025-07-14 12:55:52.232986,6693,126.62290410,45.80092600,-98.522,17.992,29.133,-0.699,35.303,-0.897,-90.000,1.300,0.000,12.520,9.699,0.110,1.101,26.287,0.000,0.600,0.500,0.000,0.000,1.000,0.000,0.000,0.988,-0.012
2025-07-14 12:55:52.343087,5633,126.62290310,45.80092530,-96.971,17.431,29.055,-0.550,35.225,-1.061,-90.000,1.300,0.000,8.751,9.733,0.110,1.146,26.287,0.000,0.600,0.500,0.000,0.000,1.000,0.000,0.000,0.988,-0.012
2025-07-14 12:55:52.453192,4363,126.62290190,45.80092460,-95.358,17.139,28.977,-0.592,35.132,-1.045,-90.000,1.300,0.000,7.028,9.759,0.110,1.178,26.287,0.000,0.600,0.500,0.000,0.000,1.000,0.000,0.000,0.988,-0.012
2025-07-14 12:55:52.563283,3306,126.62290090,45.80092400,-94.170,16.228,28.911,-0.527,35.055,-1.101,-90.000,1.300,0.000,3.889,9.780,0.110,1.206,12.708,0.000,0.600,0.500,0.000,0.000,1.000,0.000,0.000,0.988,-0.012
2025-07-14 12:55:52.673398,1926,126.62289960,45.80092320,-93.010,15.323,28.822,-0.582,34.954,-1.103,-90.000,1.300,0.000,3.300,9.796,0.110,1.223,12.708,0.000,0.600,0.500,0.000,0.000,1.000,0.000,0.000,0.988,-0.012
2025-07-14 12:55:52.783504,856,126.62289860,45.80092250,-92.204,14.401,28.744,-0.646,34.876,-1.126,-90.000,1.300,0.000,1.314,9.810,0.110,1.255,12.708,0.000,0.600,0.500,0.000,0.000,1.000,0.000,0.000,0.988,-0.012
2025-07-14 12:55:52.893606,9116,126.62289690,45.80092210,-91.555,13.123,28.699,-0.413,34.745,-1.148,-90.000,1.300,0.000,1.149,9.817,0.110,1.255,12.708,0.000,0.600,0.500,0.000,0.000,1.000,0.000,0.000,0.988,-0.012
2025-07-14 12:55:53.003702,7426,126.62289520,45.80092220,-90.967,11.982,28.711,-0.295,34.613,-1.272,-90.000,1.300,0.000,0.551,9.825,0.110,1.275,12.708,0.000,0.600,0.500,0.000,0.000,1.000,0.000,0.000,0.988,-0.012
2025-07-14 12:55:53.113796,5326,126.62289310,45.80092220,-90.518,10.503,28.711,-0.199,34.450,-1.295,-90.000,1.300,0.000,-0.285,9.829,0.110,1.279,4.602,0.000,0.600,0.500,0.000,0.000,1.000,0.000,0.000,0.988,-0.012
2025-07-14 12:55:53.223919,3519,126.62289130,45.80092210,-90.291,9.146,28.699,-0.211,34.310,-1.299,-90.000,1.300,0.000,-0.588,9.833,0.110,1.311,4.602,0.000,0.600,0.500,0.000,0.000,1.000,0.000,0.000,0.988,-0.012
2025-07-14 12:55:53.334101,1409,126.62288920,45.80092200,-90.193,7.558,28.688,-0.143,34.148,-1.331,-90.000,1.300,0.000,-0.191,9.831,0.110,1.322,4.602,0.000,0.600,0.500,0.000,0.000,1.000,0.000,0.000,0.988,-0.012
2025-07-14 12:55:53.444127,9299,126.62288710,45.80092190,-90.238,6.107,28.677,-0.190,33.985,-1.333,-90.000,1.300,0.000,0.102,9.828,0.110,1.334,4.602,0.000,0.600,0.500,0.000,0.000,1.000,0.000,0.000,0.988,-0.012
2025-07-14 12:55:53.554225,7479,126.62288530,45.80092170,-90.339,4.562,28.655,-0.126,33.845,-1.380,-90.000,1.300,0.000,0.702,9.822,0.110,1.357,4.602,0.000,0.600,0.500,0.000,0.000,1.000,0.000,0.000,0.988,-0.012
2025-07-14 12:55:53.664332,5369,126.62288320,45.80092160,-90.349,3.473,28.644,-0.149,33.683,-1.373,-90.000,1.300,0.000,1.087,9.812,0.110,1.371,4.234,0.000,0.600,0.500,0.000,0.000,1.000,0.000,0.000,0.988,-0.012
2025-07-14 12:55:53.774424,3549,126.62288140,45.80092140,-90.277,2.484,28.622,-0.139,33.543,-1.320,-90.000,1.300,0.000,0.775,9.800,0.110,1.365,4.234,0.000,0.600,0.500,0.000,0.000,1.000,0.000,0.000,0.988,-0.012
2025-07-14 12:55:53.884588,1459,126.62287930,45.80092150,-90.151,1.866,28.633,-0.078,33.380,-1.361,-90.000,1.300,0.000,0.347,9.789,0.110,1.357,4.234,0.000,0.600,0.500,0.000,0.000,1.000,0.000,0.000,0.988,-0.012
2025-07-14 12:55:53.994644,9499,126.62287730,45.80092190,-90.080,1.340,28.677,-0.112,33.225,-1.462,-90.000,1.300,0.000,-0.075,9.779,0.110,1.386,4.234,0.000,0.600,0.500,0.000,0.000,1.000,0.000,0.000,0.988,-0.012
2025-07-14 12:55:54.104741,7332,126.62287510,45.80092220,-90.109,0.779,28.711,-0.078,33.055,-1.508,-90.000,1.300,0.000,-0.004,9.764,0.110,1.447,4.444,0.000,0.600,0.500,0.000,0.000,1.000,0.000,0.000,0.988,-0.012
2025-07-14 12:55:54.214861,5352,126.62287310,45.80092240,-90.156,0.328,28.733,-0.069,32.900,-1.483,-90.000,1.300,0.000,0.412,9.739,0.110,1.487,4.444,0.000,0.600,0.500,0.000,0.000,1.000,0.000,0.000,0.988,-0.012
2025-07-14 12:55:54.324970,3085,126.62287080,45.80092270,-90.212,0.071,28.766,-0.075,32.721,-1.537,-90.000,1.300,0.000,0.562,9.707,0.110,1.511,4.444,0.000,0.600,0.500,0.000,0.000,1.000,0.000,0.000,0.988,-0.012
2025-07-14 12:55:54.435057,1095,126.62286880,45.80092280,-90.172,0.019,28.777,-0.086,32.566,-1.536,-90.000,1.300,0.000,0.695,9.671,0.110,1.521,4.444,0.000,0.600,0.500,0.000,0.000,1.000,0.000,0.000,0.988,-0.012
2025-07-14 12:55:54.545172,8815,126.62286650,45.80092300,-90.126,0.101,28.799,-0.059,32.388,-1.507,-90.000,1.300,0.000,0.275,9.634,0.110,1.528,4.444,0.000,0.600,0.500,0.000,0.000,1.000,0.000,0.000,0.988,-0.012
2025-07-14 12:55:54.655259,6825,126.62286450,45.80092310,-90.106,0.211,28.811,-0.058,32.233,-1.537,-90.000,1.300,0.000,0.170,9.594,0.110,1.528,4.076,0.000,0.600,0.500,0.000,0.000,1.000,0.000,0.000,0.988,-0.012
2025-07-14 12:55:54.765377,4435,126.62286210,45.80092320,-90.041,0.280,28.822,-0.089,32.047,-1.539,-90.000,1.300,0.000,0.228,9.555,0.110,1.529,4.076,0.000,0.600,0.500,0.000,0.000,1.000,0.000,0.000,0.988,-0.012
2025-07-14 12:55:54.875486,2345,126.62286000,45.80092330,-89.701,0.523,28.833,-0.096,31.884,-1.556,-90.000,1.300,0.000,-0.052,9.516,0.110,1.546,4.076,0.000,0.600,0.500,0.000,0.000,1.000,0.000,0.000,0.988,-0.012
2025-07-14 12:55:54.985582,9855,126.62285750,45.80092340,-89.644,0.461,28.844,-0.077,31.690,-1.498,-90.000,1.300,0.000,-1.663,9.474,0.110,1.534,4.076,0.000,0.600,0.500,0.000,0.000,1.000,0.000,0.000,0.988,-0.012
2025-07-14 12:55:55.095676,7565,126.62285520,45.80092350,-89.639,0.401,28.855,-0.080,31.512,-1.495,-90.000,1.300,0.000,-0.738,9.434,0.110,1.519,3.971,0.000,0.600,0.500,0.000,0.000,1.000,0.000,0.000,0.988,-0.012
2025-07-14 12:55:55.205792,4962,126.62285260,45.80092350,-89.678,0.391,28.855,-0.028,31.310,-1.470,-90.000,1.300,0.000,-0.558,9.397,0.110,1.489,3.971,0.000,0.600,0.500,0.000,0.000,1.000,0.000,0.000,0.988,-0.012
2025-07-14 12:55:55.315898,2675,126.62285030,45.80092360,-89.849,0.279,28.866,-0.050,31.132,-1.544,-90.000,1.300,0.000,-0.328,9.364,0.110,1.504,3.971,0.000,0.600,0.500,0.000,0.000,1.000,0.000,0.000,0.988,-0.012
2025-07-14 12:55:55.426087,75,126.62284770,45.80092360,-89.980,0.212,28.866,-0.061,30.931,-1.554,-90.000,1.300,0.000,0.459,9.329,0.110,1.523,3.971,0.000,0.600,0.500,0.000,0.000,1.000,0.000,0.000,0.988,-0.012
2025-07-14 12:55:55.536109,7375,126.62284500,45.80092360,-90.242,-0.063,28.866,-0.017,30.721,-1.525,-90.000,1.300,0.000,0.550,9.291,0.110,1.542,3.971,0.000,0.600,0.500,0.000,0.000,1.000,0.000,0.000,0.988,-0.012
2025-07-14 12:55:55.646203,4975,126.62284260,45.80092360,-90.577,-0.409,28.866,-0.027,30.535,-1.517,-90.000,1.300,0.000,1.498,9.250,0.110,1.533,-0.766,0.000,0.600,0.500,0.000,0.000,1.000,0.000,0.000,0.988,-0.012
2025-07-14 12:55:55.756324,2175,126.62283980,45.80092360,-91.111,-0.913,28.866,-0.032,30.318,-1.548,-90.000,1.300,0.000,2.366,9.210,0.110,1.530,-0.766,0.000,0.600,0.500,0.000,0.000,1.000,0.000,0.000,0.988,-0.012
2025-07-14 12:55:55.866417,9775,126.62283740,45.80092360,-91.662,-1.473,28.866,0.002,30.132,-1.585,-90.000,1.300,0.000,4.050,9.171,0.110,1.550,-0.766,0.000,0.600,0.500,0.000,0.000,1.000,0.000,0.000,0.988,-0.012
2025-07-14 12:55:55.976539,7295,126.62283490,45.80092380,-92.272,-2.336,28.888,-0.034,29.938,-1.561,-90.000,1.300,0.000,5.104,9.128,0.110,1.565,-0.766,0.000,0.600,0.500,0.000,0.000,1.000,0.000,0.000,0.988,-0.012
2025-07-14 12:55:56.086616,5005,126.62283260,45.80092390,-92.783,-2.853,28.900,-0.031,29.760,-1.585,-90.000,1.300,0.000,6.416,9.083,0.110,1.577,1.287,0.000,0.600,0.500,0.000,0.000,1.000,0.000,0.000,0.988,-0.012
2025-07-14 12:55:56.196737,2315,126.62282990,45.80092400,-93.270,-3.300,28.911,0.009,29.551,-1.578,-90.000,1.300,0.000,6.977,9.035,0.110,1.575,1.287,0.000,0.600,0.500,0.000,0.000,1.000,0.000,0.000,0.988,-0.012
2025-07-14 12:55:56.306836,25,126.62282760,45.80092410,-93.591,-3.556,28.922,-0.053,29.372,-1.547,-90.000,1.300,0.000,7.765,8.988,0.110,1.570,1.287,0.000,0.600,0.500,0.000,0.000,1.000,0.000,0.000,0.988,-0.012
2025-07-14 12:55:56.416948,7335,126.62282490,45.80092420,-93.804,-3.594,28.933,-0.051,29.163,-1.527,-90.000,1.300,0.000,7.740,8.942,0.110,1.551,1.287,0.000,0.600,0.500,0.000,0.000,1.000,0.000,0.000,0.988,-0.012
2025-07-14 12:55:56.527044,5145,126.62282270,45.80092430,-93.830,-3.500,28.944,-0.143,28.993,-1.478,-90.000,1.300,0.000,7.731,8.899,0.110,1.520,1.287,0.000,0.600,0.500,0.000,0.000,1.000,0.000,0.000,0.988,-0.012
2025-07-14 12:55:56.637138,2555,126.62282010,45.80092440,-93.807,-3.241,28.955,-0.149,28.791,-1.505,-90.000,1.300,0.000,7.099,8.861,0.111,1.508,5.708,0.000,0.600,0.500,0.000,0.000,1.000,0.000,0.000,0.988,-0.012
2025-07-14 12:55:56.747253,165,126.62281770,45.80092450,-93.759,-2.893,28.966,-0.152,28.605,-1.541,-90.000,1.300,0.000,6.879,8.825,0.111,1.515,5.708,0.000,0.600,0.500,0.000,0.000,1.000,0.000,0.000,0.988,-0.012
2025-07-14 12:55:56.857340,7465,126.62281500,45.80092450,-93.731,-2.382,28.966,-0.118,28.396,-1.525,-90.000,1.300,0.000,6.702,8.789,0.111,1.530,5.708,0.000,0.600,0.500,0.000,0.000,1.000,0.000,0.000,0.988,-0.012
2025-07-14 12:55:56.967459,5345,126.62281290,45.80092430,-93.573,-1.737,28.944,-0.094,28.233,-1.458,-90.000,1.300,0.000,6.725,8.749,0.111,1.513,5.708,0.000,0.600,0.500,0.000,0.000,1.000,0.000,0.000,0.988,-0.012
2025-07-14 12:55:57.077547,2922,126.62281050,45.80092410,-93.305,-0.939,28.922,-0.082,28.047,-1.424,-90.000,1.300,0.000,5.968,8.713,0.111,1.472,5.865,0.000,0.600,0.500,0.000,0.000,1.000,0.000,0.000,0.988,-0.012
2025-07-14 12:55:57.187666,912,126.62280850,45.80092400,-92.984,-0.183,28.911,-0.116,27.892,-1.436,-90.000,1.300,0.000,5.086,8.683,0.111,1.443,5.865,0.000,0.600,0.500,0.000,0.000,1.000,0.000,0.000,0.988,-0.012
2025-07-14 12:55:57.307790,8492,126.62280610,45.80092380,-92.581,0.596,28.888,-0.136,27.706,-1.450,-90.000,1.300,0.000,4.393,8.659,0.111,1.441,5.865,0.000,0.600,0.500,0.000,0.000,1.000,0.000,0.000,0.988,-0.012
2025-07-14 12:55:57.417885,6072,126.62280370,45.80092360,-92.120,1.307,28.866,-0.185,27.520,-1.484,-90.000,1.300,0.000,3.322,8.635,0.111,1.464,5.865,0.000,0.600,0.500,0.000,0.000,1.000,0.000,0.000,0.988,-0.012
2025-07-14 12:55:57.528000,3552,126.62280120,45.80092340,-91.627,1.948,28.844,-0.137,27.326,-1.427,-90.000,1.300,0.000,2.253,8.607,0.111,1.462,5.865,0.000,0.600,0.500,0.000,0.000,1.000,0.000,0.000,0.988,-0.012
2025-07-14 12:55:57.638082,1332,126.62279900,45.80092320,-91.291,2.277,28.822,-0.162,27.155,-1.462,-90.000,1.300,0.000,1.248,8.579,0.111,1.467,5.865,0.000,0.600,0.500,0.000,0.000,1.000,0.000,0.000,0.988,-0.012
2025-07-14 12:55:57.748207,8812,126.62279650,45.80092300,-91.044,2.479,28.799,-0.174,26.962,-1.443,-90.000,1.300,0.000,1.214,8.550,0.111,1.453,5.865,0.000,0.600,0.500,0.000,0.000,1.000,0.000,0.000,0.988,-0.012
2025-07-14 12:55:57.858309,6592,126.62279430,45.80092280,-90.861,2.602,28.777,-0.132,26.791,-1.401,-90.000,1.300,0.000,1.093,8.524,0.111,1.444,5.865,0.000,0.600,0.500,0.000,0.000,1.000,0.000,0.000,0.988,-0.012
2025-07-14 12:55:57.968417,4272,126.62279200,45.80092260,-90.619,2.797,28.755,-0.106,26.613,-1.459,-90.000,1.300,0.000,0.996,8.500,0.111,1.441,5.865,0.000,0.600,0.500,0.000,0.000,1.000,0.000,0.000,0.988,-0.012
2025-07-14 12:55:58.078512,2362,126.62279010,45.80092250,-90.376,2.874,28.744,-0.103,26.465,-1.455,-90.000,1.300,0.000,0.345,8.476,0.111,1.443,3.865,0.000,0.600,0.500,0.000,0.000,1.000,0.000,0.000,0.988,-0.012
2025-07-14 12:55:58.188622,52,126.62278780,45.80092240,-90.172,2.816,28.733,-0.144,26.287,-1.428,-90.000,1.300,0.000,-0.095,8.451,0.111,1.452,3.865,0.000,0.600,0.500,0.000,0.000,1.000,0.000,0.000,0.988,-0.012
2025-07-14 12:55:58.298715,8032,126.62278580,45.80092220,-90.074,2.613,28.711,-0.134,26.132,-1.421,-90.000,1.300,0.000,-0.321,8.425,0.111,1.440,3.865,0.000,0.600,0.500,0.000,0.000,1.000,0.000,0.000,0.988,-0.012
2025-07-14 12:55:58.408827,5622,126.62278340,45.80092210,-90.141,2.216,28.699,-0.108,25.946,-1.488,-90.000,1.300,0.000,-0.112,8.401,0.111,1.451,3.865,0.000,0.600,0.500,0.000,0.000,1.000,0.000,0.000,0.988,-0.012
2025-07-14 12:55:58.518924,3612,126.62278140,45.80092200,-90.227,1.719,28.688,-0.060,25.791,-1.512,-90.000,1.300,0.000,0.608,8.375,0.111,1.477,3.865,0.000,0.600,0.500,0.000,0.000,1.000,0.000,0.000,0.988,-0.012
2025-07-14 12:55:58.629056,1195,126.62277900,45.80092180,-90.256,1.244,28.666,-0.060,25.605,-1.522,-90.000,1.300,0.000,0.832,8.345,0.111,1.509,3.655,0.000,0.600,0.500,0.000,0.000,1.000,0.000,0.000,0.988,-0.012
2025-07-14 12:55:58.749146,9185,126.62277700,45.80092170,-90.158,1.020,28.655,-0.056,25.450,-1.538,-90.000,1.300,0.000,0.677,8.309,0.111,1.525,3.655,0.000,0.600,0.500,0.000,0.000,1.000,0.000,0.000,0.987,-0.012
2025-07-14 12:55:58.869272,6475,126.62277430,45.80092160,-90.063,0.877,28.644,-0.086,25.241,-1.474,-90.000,1.300,0.000,0.069,8.270,0.111,1.513,3.655,0.000,0.600,0.500,0.000,0.000,1.000,0.000,0.000,0.987,-0.012
2025-07-14 12:55:58.989384,4172,126.62277200,45.80092160,-90.126,0.658,28.644,-0.026,25.062,-1.484,-90.000,1.300,0.000,-0.092,8.234,0.111,1.500,3.655,0.000,0.600,0.500,0.000,0.000,1.000,0.000,0.000,0.987,-0.012
2025-07-14 12:55:59.109480,1872,126.62276970,45.80092160,-90.290,0.301,28.644,-0.018,24.884,-1.476,-90.000,1.300,0.000,0.547,8.200,0.111,1.479,3.655,0.000,0.600,0.500,0.000,0.000,1.000,0.000,0.000,0.987,-0.012
2025-07-14 12:55:59.229599,9472,126.62276730,45.80092160,-90.372,0.012,28.644,-0.036,24.698,-1.538,-90.000,1.300,0.000,1.179,8.169,0.111,1.500,3.655,0.000,0.600,0.500,0.000,0.000,1.000,0.000,0.000,0.987,-0.012
2025-07-14 12:55:59.349752,6875,126.62276470,45.80092160,-90.369,-0.171,28.644,-0.095,24.496,-1.525,-90.000,1.300,0.000,1.054,8.135,0.111,1.514,3.655,0.000,0.600,0.500,0.000,0.000,1.000,0.000,0.000,0.987,-0.012
2025-07-14 12:55:59.469844,4475,126.62276230,45.80092160,-90.242,-0.154,28.644,-0.099,24.310,-1.527,-90.000,1.300,0.000,0.765,8.098,0.111,1.532,3.655,0.000,0.600,0.500,0.000,0.000,1.000,0.000,0.000,0.987,-0.012
2025-07-14 12:55:59.589941,1465,126.62275930,45.80092150,-90.190,-0.050,28.633,-0.063,24.078,-1.493,-90.000,1.300,0.000,0.123,8.059,0.111,1.517,3.655,0.000,0.600,0.500,0.000,0.000,1.000,0.000,0.000,0.987,-0.012
2025-07-14 12:55:59.710062,8065,126.62275590,45.80092150,-90.242,-0.015,28.633,-0.065,23.814,-1.522,-90.000,1.300,0.000,0.280,8.021,0.111,1.516,3.655,0.000,0.600,0.500,0.000,0.000,1.000,0.000,0.000,0.987,-0.012
2025-07-14 12:55:59.830180,4655,126.62275250,45.80092140,-90.355,-0.082,28.622,-0.070,23.551,-1.519,-90.000,1.300,0.000,0.720,7.985,0.111,1.513,3.655,0.000,0.600,0.500,0.000,0.000,1.000,0.000,0.000,0.987,-0.012
2025-07-14 12:55:59.950359,1245,126.62274910,45.80092130,-90.430,-0.226,28.610,-0.099,23.287,-1.486,-90.000,1.300,0.000,1.126,7.948,0.111,1.511,3.655,0.000,0.600,0.500,0.000,0.000,1.000,0.000,0.000,0.987,-0.012
2025-07-14 12:56:00.060392,8345,126.62274620,45.80092130,-90.422,-0.298,28.610,-0.100,23.062,-1.500,-90.000,1.300,0.000,1.135,7.912,0.111,1.504,3.655,0.000,0.600,0.500,0.000,0.000,1.000,0.000,0.000,0.987,-0.012
2025-07-14 12:56:00.170499,5832,126.62274370,45.80092120,-90.336,-0.167,28.599,-0.046,22.868,-1.459,-90.000,1.300,0.000,0.841,7.877,0.111,1.484,3.655,0.000,0.600,0.500,0.000,0.000,1.000,0.000,0.000,0.987,-0.012
2025-07-14 12:56:00.280622,3112,126.62274100,45.80092110,-90.277,0.023,28.588,-0.044,22.659,-1.464,-90.000,1.300,0.000,0.403,7.846,0.111,1.476,3.655,0.000,0.600,0.500,0.000,0.000,1.000,0.000,0.000,0.987,-0.012
2025-07-14 12:56:00.390713,712,126.62273860,45.80092100,-90.298,0.072,28.577,-0.066,22.473,-1.443,-90.000,1.300,0.000,0.395,7.815,0.111,1.456,3.655,0.000,0.600,0.500,0.000,0.000,1.000,0.000,0.000,0.987,-0.012
2025-07-14 12:56:00.500818,8112,126.62273600,45.80092100,-90.339,0.033,28.577,-0.073,22.272,-1.461,-90.000,1.300,0.000,0.724,7.789,0.111,1.457,3.655,0.000,0.600,0.500,0.000,0.000,1.000,0.000,0.000,0.987,-0.012
2025-07-14 12:56:00.610909,5802,126.62273370,45.80092090,-90.420,-0.147,28.566,-0.099,22.093,-1.482,-90.000,1.300,0.000,0.870,7.762,0.111,1.464,3.655,0.000,0.600,0.500,0.000,0.000,1.000,0.000,0.000,0.987,-0.012
2025-07-14 12:56:00.721021,3292,126.62273120,45.80092080,-90.478,-0.243,28.555,-0.092,21.899,-1.480,-90.000,1.300,0.000,1.161,7.734,0.111,1.477,3.655,0.000,0.600,0.500,0.000,0.000,1.000,0.000,0.000,0.987,-0.012
2025-07-14 12:56:00.831128,982,126.62272890,45.80092070,-90.461,-0.184,28.544,-0.086,21.721,-1.428,-90.000,1.300,0.000,1.182,7.703,0.111,1.466,3.655,0.000,0.600,0.500,0.000,0.000,1.000,0.000,0.000,0.987,-0.012
2025-07-14 12:56:00.941234,8582,126.62272650,45.80092070,-90.412,-0.046,28.544,-0.063,21.535,-1.533,-90.000,1.300,0.000,0.879,7.675,0.111,1.483,3.655,0.000,0.600,0.500,0.000,0.000,1.000,0.000,0.000,0.987,-0.012
2025-07-14 12:56:01.051339,6085,126.62272400,45.80092070,-90.321,0.099,28.544,-0.054,21.341,-1.546,-90.000,1.300,0.000,0.675,7.644,0.111,1.504,3.655,0.000,0.600,0.500,0.000,0.000,1.000,0.000,0.000,0.987,-0.012
2025-07-14 12:56:01.161422,3985,126.62272190,45.80092070,-90.219,0.184,28.544,-0.083,21.179,-1.524,-90.000,1.300,0.000,0.358,7.609,0.111,1.536,3.655,0.000,0.600,0.500,0.000,0.000,1.000,0.000,0.000,0.987,-0.012
2025-07-14 12:56:01.271551,1475,126.62271940,45.80092060,-90.147,0.172,28.533,-0.099,20.985,-1.556,-90.000,1.300,0.000,0.135,7.568,0.111,1.544,3.655,0.000,0.600,0.500,0.000,0.000,1.000,0.000,0.000,0.987,-0.012
2025-07-14 12:56:01.381646,9275,126.62271720,45.80092060,-90.136,0.128,28.533,-0.073,20.814,-1.488,-90.000,1.300,0.000,0.114,7.527,0.111,1.525,3.655,0.000,0.600,0.500,0.000,0.000,1.000,0.000,0.000,0.987,-0.012
2025-07-14 12:56:01.491766,6875,126.62271480,45.80092060,-90.098,0.182,28.533,-0.086,20.628,-1.500,-90.000,1.300,0.000,0.316,7.488,0.111,1.517,3.655,0.000,0.600,0.500,0.000,0.000,1.000,0.000,0.000,0.987,-0.013
2025-07-14 12:56:01.601847,4655,126.62271260,45.80092050,-90.026,0.284,28.521,-0.075,20.458,-1.514,-90.000,1.300,0.000,0.149,7.451,0.111,1.503,3.655,0.000,0.600,0.500,0.000,0.000,1.000,0.000,0.000,0.987,-0.013
2025-07-14 12:56:01.711962,2255,126.62271020,45.80092040,-89.897,0.475,28.510,-0.078,20.272,-1.516,-90.000,1.300,0.000,-0.104,7.416,0.111,1.512,3.655,0.000,0.600,0.500,0.000,0.000,1.000,0.000,0.000,0.987,-0.013
2025-07-14 12:56:01.822067,155,126.62270810,45.80092040,-89.855,0.566,28.510,-0.102,20.109,-1.562,-90.000,1.300,0.000,-0.543,7.380,0.111,1.533,3.655,0.000,0.600,0.500,0.000,0.000,1.000,0.000,0.000,0.987,-0.013
2025-07-14 12:56:01.932175,7845,126.62270580,45.80092030,-89.803,0.598,28.499,-0.050,19.930,-1.508,-90.000,1.300,0.000,-0.303,7.340,0.111,1.531,3.655,0.000,0.600,0.500,0.000,0.000,1.000,0.000,0.000,0.987,-0.013
2025-07-14 12:56:02.042356,5745,126.62270370,45.80092030,-89.861,0.500,28.499,-0.050,19.768,-1.546,-90.000,1.300,0.000,-0.433,7.301,0.111,1.540,3.655,0.000,0.600,0.500,0.000,0.000,1.000,0.000,0.000,0.987,-0.013
2025-07-14 12:56:02.152381,3435,126.62270140,45.80092020,-90.012,0.280,28.488,-0.042,19.589,-1.493,-90.000,1.300,0.000,0.071,7.260,0.111,1.516,3.550,0.000,0.600,0.500,0.000,0.000,1.000,0.000,0.000,0.987,-0.013
2025-07-14 12:56:02.262485,1425,126.62269940,45.80092010,-90.053,0.150,28.477,-0.031,19.434,-1.473,-90.000,1.300,0.000,0.681,7.223,0.111,1.505,3.550,0.000,0.600,0.500,0.000,0.000,1.000,0.000,0.000,0.987,-0.013
2025-07-14 12:56:02.372588,9112,126.62269710,45.80092000,-89.983,0.149,28.466,-0.058,19.256,-1.450,-90.000,1.300,0.000,0.355,7.188,0.111,1.473,3.550,0.000,0.600,0.500,0.000,0.000,1.000,0.000,0.000,0.987,-0.013
2025-07-14 12:56:02.482700,7012,126.62269500,45.80092000,-89.924,0.192,28.466,-0.070,19.093,-1.476,-90.000,1.300,0.000,-0.174,7.158,0.111,1.467,3.550,0.000,0.600,0.500,0.000,0.000,1.000,0.000,0.000,0.987,-0.013
2025-07-14 12:56:02.592789,4692,126.62269270,45.80091990,-90.031,0.060,28.455,-0.130,18.915,-1.450,-90.000,1.300,0.000,-0.240,7.129,0.111,1.462,7.655,0.000,0.600,0.500,0.000,0.000,1.000,0.000,0.000,0.987,-0.013
2025-07-14 12:56:02.702894,2592,126.62269060,45.80091980,-90.401,-0.341,28.444,-0.143,18.752,-1.479,-90.000,1.300,0.000,0.556,7.102,0.111,1.473,7.655,0.000,0.600,0.500,0.000,0.000,1.000,0.000,0.000,0.987,-0.013
2025-07-14 12:56:02.813005,182,126.62268820,45.80091970,-90.836,-0.854,28.433,-0.138,18.566,-1.489,-90.000,1.300,0.000,2.177,7.072,0.111,1.479,7.655,0.000,0.600,0.500,0.000,0.000,1.000,0.000,0.000,0.987,-0.013
2025-07-14 12:56:02.923114,8382,126.62268640,45.80091970,-91.218,-1.236,28.433,-0.023,18.427,-1.500,-90.000,1.300,0.000,3.195,7.042,0.111,1.494,7.655,0.000,0.600,0.500,0.000,0.000,1.000,0.000,0.000,0.987,-0.013
2025-07-14 12:56:03.033199,6285,126.62268430,45.80091970,-91.738,-1.756,28.433,-0.022,18.264,-1.519,-90.000,1.300,0.000,3.692,7.008,0.111,1.505,7.655,0.000,0.600,0.500,0.000,0.000,1.000,0.000,0.000,0.987,-0.013
2025-07-14 12:56:03.143313,4085,126.62268210,45.80091970,-92.230,-2.151,28.433,-0.010,18.093,-1.510,-90.000,1.300,0.000,5.129,6.973,0.111,1.510,0.550,0.000,0.600,0.500,0.000,0.000,1.000,0.000,0.000,0.987,-0.013
2025-07-14 12:56:03.253419,2185,126.62268020,45.80091970,-92.537,-2.292,28.433,0.018,17.946,-1.524,-90.000,1.300,0.000,5.912,6.937,0.111,1.518,0.550,0.000,0.600,0.500,0.000,0.000,1.000,0.000,0.000,0.987,-0.013
2025-07-14 12:56:03.363536,85,126.62267810,45.80091970,-92.792,-2.487,28.433,-0.024,17.783,-1.504,-90.000,1.300,0.000,5.793,6.900,0.111,1.513,0.550,0.000,0.600,0.500,0.000,0.000,1.000,0.000,0.000,0.987,-0.013
2025-07-14 12:56:03.473625,8085,126.62267610,45.80091970,-92.995,-2.735,28.433,-0.018,17.628,-1.503,-90.000,1.300,0.000,6.063,6.864,0.111,1.510,0.550,0.000,0.600,0.500,0.000,0.000,1.000,0.000,0.000,0.987,-0.013
2025-07-14 12:56:03.583738,5882,126.62267390,45.80091970,-93.172,-2.950,28.433,-0.093,17.458,-1.471,-90.000,1.300,0.000,6.240,6.828,0.111,1.494,5.181,0.000,0.600,0.500,0.000,0.000,1.000,0.000,0.000,0.987,-0.013
2025-07-14 12:56:03.693840,3982,126.62267200,45.80091970,-93.197,-2.875,28.433,-0.077,17.310,-1.464,-90.000,1.300,0.000,6.464,6.795,0.111,1.481,5.181,0.000,0.600,0.500,0.000,0.000,1.000,0.000,0.000,0.987,-0.013
2025-07-14 12:56:03.803958,1882,126.62266990,45.80091970,-92.991,-2.351,28.433,-0.076,17.147,-1.445,-90.000,1.300,0.000,5.957,6.764,0.111,1.462,5.181,0.000,0.600,0.500,0.000,0.000,1.000,0.000,0.000,0.987,-0.013
2025-07-14 12:56:03.914051,9972,126.62266800,45.80091960,-92.789,-1.772,28.421,-0.135,17.000,-1.414,-90.000,1.300,0.000,4.747,6.736,0.111,1.444,5.181,0.000,0.600,0.500,0.000,0.000,1.000,0.000,0.000,0.987,-0.013
2025-07-14 12:56:04.024160,7962,126.62266600,45.80091950,-92.514,-1.180,28.410,-0.145,16.845,-1.450,-90.000,1.300,0.000,4.397,6.711,0.111,1.442,5.181,0.000,0.600,0.500,0.000,0.000,1.000,0.000,0.000,0.987,-0.013
2025-07-14 12:56:04.134722,6152,126.62266420,45.80091940,-92.226,-0.446,28.399,-0.128,16.706,-1.392,-90.000,1.300,0.000,3.638,6.687,0.111,1.425,5.550,0.000,0.600,0.500,0.000,0.000,1.000,0.000,0.000,0.987,-0.013
2025-07-14 12:56:04.244737,3932,126.62266200,45.80091920,-91.799,0.390,28.377,-0.123,16.535,-1.396,-90.000,1.300,0.000,3.076,6.666,0.111,1.419,5.550,0.000,0.600,0.500,0.000,0.000,1.000,0.000,0.000,0.987,-0.013
2025-07-14 12:56:04.354918,2119,126.62266020,45.80091910,-91.375,1.054,28.366,-0.153,16.396,-1.320,-90.000,1.300,0.000,1.797,6.645,0.111,1.376,5.550,0.000,0.600,0.500,0.000,0.000,1.000,0.000,0.000,0.987,-0.013
2025-07-14 12:56:04.464928,9899,126.62265800,45.80091890,-90.939,1.682,28.344,-0.185,16.225,-1.318,-90.000,1.300,0.000,1.047,6.632,0.111,1.354,5.550,0.000,0.600,0.500,0.000,0.000,1.000,0.000,0.000,0.987,-0.013
2025-07-14 12:56:04.575053,8069,126.62265620,45.80091870,-90.604,2.171,28.321,-0.135,16.085,-1.348,-90.000,1.300,0.000,0.216,6.623,0.111,1.338,4.234,0.000,0.600,0.500,0.000,0.000,1.000,0.000,0.000,0.987,-0.013
2025-07-14 12:56:04.685130,5959,126.62265410,45.80091850,-90.375,2.539,28.299,-0.160,15.923,-1.385,-90.000,1.300,0.000,-0.018,6.616,0.111,1.360,4.234,0.000,0.600,0.500,0.000,0.000,1.000,0.000,0.000,0.987,-0.013
2025-07-14 12:56:04.795253,4039,126.62265220,45.80091830,-90.220,2.702,28.277,-0.167,15.775,-1.397,-90.000,1.300,0.000,-0.045,6.606,0.111,1.385,4.234,0.000,0.600,0.500,0.000,0.000,1.000,0.000,0.000,0.987,-0.013
2025-07-14 12:56:04.905484,2029,126.62265020,45.80091820,-90.102,2.622,28.266,-0.086,15.620,-1.388,-90.000,1.300,0.000,-0.056,6.592,0.111,1.397,4.234,0.000,0.600,0.500,0.000,0.000,1.000,0.000,0.000,0.987,-0.013
2025-07-14 12:56:05.015471,209,126.62264840,45.80091810,-89.975,2.554,28.255,-0.074,15.481,-1.394,-90.000,1.300,0.000,-0.133,6.575,0.111,1.398,4.234,0.000,0.600,0.500,0.000,0.000,1.000,0.000,0.000,0.987,-0.013
2025-07-14 12:56:05.125565,8512,126.62264670,45.80091800,-89.952,2.327,28.244,-0.091,15.349,-1.428,-90.000,1.300,0.000,-0.396,6.558,0.111,1.406,3.655,0.000,0.600,0.500,0.000,0.000,1.000,0.000,0.000,0.987,-0.013
2025-07-14 12:56:05.235669,6602,126.62264480,45.80091790,-89.964,2.054,28.232,-0.103,15.202,-1.433,-90.000,1.300,0.000,-0.059,6.540,0.111,1.421,3.655,0.000,0.600,0.500,0.000,0.000,1.000,0.000,0.000,0.987,-0.013
2025-07-14 12:56:05.345772,5002,126.62264320,45.80091790,-89.942,1.686,28.232,-0.059,15.078,-1.475,-90.000,1.300,0.000,0.090,6.519,0.111,1.448,3.655,0.000,0.600,0.500,0.000,0.000,1.000,0.000,0.000,0.987,-0.013
2025-07-14 12:56:05.455885,2982,126.62264120,45.80091770,-89.906,1.334,28.210,-0.063,14.923,-1.497,-90.000,1.300,0.000,-0.073,6.494,0.111,1.470,3.655,0.000,0.600,0.500,0.000,0.000,1.000,0.000,0.000,0.987,-0.013
2025-07-14 12:56:05.565986,1272,126.62263950,45.80091760,-89.940,0.906,28.199,-0.080,14.791,-1.431,-90.000,1.300,0.000,-0.189,6.465,0.111,1.469,3.497,0.000,0.600,0.500,0.000,0.000,1.000,0.000,0.000,0.987,-0.013
2025-07-14 12:56:05.676101,9172,126.62263740,45.80091760,-90.001,0.547,28.199,-0.075,14.628,-1.451,-90.000,1.300,0.000,0.127,6.436,0.111,1.461,3.497,0.000,0.600,0.500,0.000,0.000,1.000,0.000,0.000,0.987,-0.013
2025-07-14 12:56:05.786198,7362,126.62263560,45.80091750,-90.227,0.135,28.188,-0.085,14.489,-1.440,-90.000,1.300,0.000,0.335,6.408,0.111,1.443,3.497,0.000,0.600,0.500,0.000,0.000,1.000,0.000,0.000,0.987,-0.013
2025-07-14 12:56:05.896304,5252,126.62263350,45.80091740,-90.272,-0.047,28.177,-0.111,14.326,-1.447,-90.000,1.300,0.000,1.341,6.384,0.111,1.449,3.497,0.000,0.600,0.500,0.000,0.000,1.000,0.000,0.000,0.987,-0.013
2025-07-14 12:56:06.006393,3342,126.62263160,45.80091730,-90.251,-0.135,28.166,-0.066,14.178,-1.494,-90.000,1.300,0.000,0.764,6.358,0.111,1.463,3.497,0.000,0.600,0.500,0.000,0.000,1.000,0.000,0.000,0.987,-0.013
2025-07-14 12:56:06.116485,1132,126.62262940,45.80091720,-90.113,-0.125,28.155,-0.053,14.008,-1.434,-90.000,1.300,0.000,0.487,6.331,0.111,1.461,3.497,0.000,0.600,0.500,0.000,0.000,1.000,0.000,0.000,0.987,-0.013
2025-07-14 12:56:06.226615,9222,126.62262750,45.80091710,-89.957,-0.004,28.143,-0.055,13.861,-1.453,-90.000,1.300,0.000,-0.187,6.303,0.111,1.461,3.497,0.000,0.600,0.500,0.000,0.000,1.000,0.000,0.000,0.987,-0.013
2025-07-14 12:56:06.336695,6912,126.62262520,45.80091700,-89.844,0.110,28.132,-0.094,13.682,-1.413,-90.000,1.300,0.000,-0.533,6.275,0.111,1.435,3.497,0.000,0.600,0.500,0.000,0.000,1.000,0.000,0.000,0.987,-0.013
2025-07-14 12:56:06.446820,5002,126.62262330,45.80091690,-89.784,0.144,28.121,-0.098,13.535,-1.421,-90.000,1.300,0.000,-0.580,6.252,0.111,1.432,3.497,0.000,0.600,0.500,0.000,0.000,1.000,0.000,0.000,0.987,-0.013
2025-07-14 12:56:06.556920,2692,126.62262100,45.80091680,-89.763,0.130,28.110,-0.067,13.357,-1.452,-90.000,1.300,0.000,-0.495,6.230,0.111,1.431,3.497,0.000,0.600,0.500,0.000,0.000,1.000,0.000,0.000,0.987,-0.013
2025-07-14 12:56:06.667015,682,126.62261900,45.80091670,-89.817,0.112,28.099,-0.062,13.202,-1.447,-90.000,1.300,0.000,-0.392,6.207,0.111,1.442,1.497,0.000,0.600,0.500,0.000,0.000,1.000,0.000,0.000,0.987,-0.013
2025-07-14 12:56:06.777134,8372,126.62261670,45.80091660,-89.855,0.133,28.088,-0.082,13.023,-1.475,-90.000,1.300,0.000,-0.022,6.183,0.111,1.460,1.497,0.000,0.600,0.500,0.000,0.000,1.000,0.000,0.000,0.987,-0.013
2025-07-14 12:56:06.887246,6472,126.62261480,45.80091660,-89.975,0.229,28.088,-0.034,12.876,-1.436,-90.000,1.300,0.000,-0.012,6.156,0.111,1.454,1.497,0.000,0.600,0.500,0.000,0.000,1.000,0.000,0.000,0.987,-0.013
2025-07-14 12:56:06.997483,4372,126.62261270,45.80091660,-90.145,0.116,28.088,-0.008,12.713,-1.424,-90.000,1.300,0.000,0.503,6.129,0.111,1.446,1.497,0.000,0.600,0.500,0.000,0.000,1.000,0.000,0.000,0.987,-0.013
2025-07-14 12:56:07.107445,2272,126.62261060,45.80091660,-90.313,-0.056,28.088,0.001,12.551,-1.414,-90.000,1.300,0.000,0.989,6.104,0.111,1.425,1.076,0.000,0.600,0.500,0.000,0.000,1.000,0.000,0.000,0.987,-0.013
2025-07-14 12:56:07.217555,382,126.62260870,45.80091670,-90.510,-0.361,28.099,-0.000,12.403,-1.434,-90.000,1.300,0.000,1.286,6.083,0.111,1.424,1.076,0.000,0.600,0.500,0.000,0.000,1.000,0.000,0.000,0.987,-0.013
2025-07-14 12:56:07.327670,8282,126.62260660,45.80091670,-90.759,-0.729,28.099,-0.046,12.240,-1.437,-90.000,1.300,0.000,1.745,6.062,0.111,1.429,1.076,0.000,0.600,0.500,0.000,0.000,1.000,0.000,0.000,0.987,-0.013
2025-07-14 12:56:07.437746,6382,126.62260470,45.80091670,-91.033,-1.081,28.099,-0.059,12.093,-1.438,-90.000,1.300,0.000,2.382,6.040,0.111,1.437,1.076,0.000,0.600,0.500,0.000,0.000,1.000,0.000,0.000,0.987,-0.013
2025-07-14 12:56:07.547865,4182,126.62260250,45.80091670,-91.352,-1.425,28.099,-0.035,11.923,-1.472,-90.000,1.300,0.000,2.966,6.016,0.111,1.450,1.076,0.000,0.600,0.500,0.000,0.000,1.000,0.000,0.000,0.987,-0.013
2025-07-14 12:56:07.657950,2282,126.62260060,45.80091670,-91.583,-1.654,28.099,-0.018,11.775,-1.469,-90.000,1.300,0.000,3.704,5.991,0.111,1.460,1.076,0.000,0.600,0.500,0.000,0.000,1.000,0.000,0.000,0.987,-0.013
2025-07-14 12:56:07.768050,82,126.62259840,45.80091670,-91.823,-1.823,28.099,-0.023,11.605,-1.477,-90.000,1.300,0.000,3.800,5.963,0.111,1.473,1.076,0.000,0.600,0.500,0.000,0.000,1.000,0.000,0.000,0.987,-0.013
2025-07-14 12:56:07.878166,8282,126.62259660,45.80091670,-91.953,-1.906,28.099,-0.054,11.465,-1.427,-90.000,1.300,0.000,4.265,5.934,0.111,1.458,1.076,0.000,0.600,0.500,0.000,0.000,1.000,0.000,0.000,0.987,-0.013
2025-07-14 12:56:07.988273,6172,126.62259450,45.80091660,-92.200,-2.022,28.088,-0.019,11.302,-1.446,-90.000,1.300,0.000,4.099,5.907,0.111,1.450,1.076,0.000,0.600,0.500,0.000,0.000,1.000,0.000,0.000,0.987,-0.013
2025-07-14 12:56:08.098463,4272,126.62259260,45.80091660,-92.468,-2.111,28.088,-0.018,11.155,-1.463,-90.000,1.300,0.000,4.969,5.881,0.111,1.446,1.865,0.000,0.600,0.500,0.000,0.000,1.000,0.000,0.000,0.987,-0.013
2025-07-14 12:56:08.208489,2172,126.62259050,45.80091660,-92.746,-2.211,28.088,-0.048,10.992,-1.449,-90.000,1.300,0.000,5.527,5.856,0.112,1.453,1.865,0.000,0.600,0.500,0.000,0.000,1.000,0.000,0.000,0.987,-0.013
2025-07-14 12:56:08.318598,272,126.62258860,45.80091660,-92.942,-2.210,28.088,-0.111,10.845,-1.435,-90.000,1.300,0.000,6.065,5.830,0.112,1.451,1.865,0.000,0.600,0.500,0.000,0.000,1.000,0.000,0.000,0.987,-0.013
2025-07-14 12:56:08.428694,8162,126.62258650,45.80091650,-93.130,-2.154,28.077,-0.106,10.682,-1.409,-90.000,1.300,0.000,6.119,5.804,0.112,1.434,1.865,0.000,0.600,0.500,0.000,0.000,1.000,0.000,0.000,0.987,-0.013
2025-07-14 12:56:08.538789,6262,126.62258460,45.80091650,-93.269,-2.032,28.077,-0.093,10.535,-1.455,-90.000,1.300,0.000,6.429,5.781,0.112,1.437,1.865,0.000,0.600,0.500,0.000,0.000,1.000,0.000,0.000,0.987,-0.013
2025-07-14 12:56:08.648899,4162,126.62258250,45.80091650,-93.279,-1.751,28.077,-0.090,10.372,-1.452,-90.000,1.300,0.000,6.501,5.758,0.112,1.442,5.181,0.000,0.600,0.500,0.000,0.000,1.000,0.000,0.000,0.987,-0.013
2025-07-14 12:56:08.759012,2352,126.62258070,45.80091640,-93.219,-1.486,28.066,-0.083,10.233,-1.456,-90.000,1.300,0.000,6.050,5.734,0.112,1.457,5.181,0.000,0.600,0.500,0.000,0.000,1.000,0.000,0.000,0.987,-0.013
2025-07-14 12:56:08.869105,152,126.62257850,45.80091640,-92.990,-1.062,28.066,-0.131,10.062,-1.444,-90.000,1.300,0.000,5.688,5.707,0.112,1.454,5.181,0.000,0.600,0.500,0.000,0.000,1.000,0.000,0.000,0.987,-0.013
2025-07-14 12:56:08.988865,8332,126.62257670,45.80091620,-92.789,-0.776,28.043,-0.165,9.923,-1.400,-90.000,1.300,0.000,4.663,5.680,0.112,1.439,5.181,0.000,0.600,0.500,0.000,0.000,1.000,0.000,0.000,0.987,-0.013
2025-07-14 12:56:09.098988,5802,126.62257420,45.80091590,-92.711,-0.480,28.010,-0.069,9.729,-1.417,-90.000,1.300,0.000,4.460,5.656,0.112,1.426,3.497,0.000,0.600,0.500,0.000,0.000,1.000,0.000,0.000,0.987,-0.013
2025-07-14 12:56:09.209088,3892,126.62257230,45.80091580,-92.593,-0.129,27.999,-0.066,9.582,-1.405,-90.000,1.300,0.000,4.708,5.635,0.112,1.412,3.497,0.000,0.600,0.500,0.000,0.000,1.000,0.000,0.000,0.987,-0.013
2025-07-14 12:56:09.319192,1772,126.62257020,45.80091560,-92.439,0.262,27.977,-0.152,9.419,-1.368,-90.000,1.300,0.000,4.350,5.616,0.112,1.401,3.497,0.000,0.600,0.500,0.000,0.000,1.000,0.000,0.000,0.987,-0.013
2025-07-14 12:56:09.439284,9849,126.62256830,45.80091540,-92.297,0.559,27.954,-0.164,9.271,-1.388,-90.000,1.300,0.000,3.943,5.599,0.112,1.394,3.497,0.000,0.600,0.500,0.000,0.000,1.000,0.000,0.000,0.987,-0.013
2025-07-14 12:56:09.559401,7729,126.62256620,45.80091520,-92.354,0.682,27.932,-0.125,9.109,-1.409,-90.000,1.300,0.000,3.773,5.583,0.112,1.396,3.497,0.000,0.600,0.500,0.000,0.000,1.000,0.000,0.000,0.987,-0.013
2025-07-14 12:56:09.679516,5212,126.62256370,45.80091500,-92.507,0.681,27.910,-0.130,8.915,-1.431,-90.000,1.300,0.000,4.539,5.566,0.112,1.416,0.813,0.000,0.600,0.500,0.000,0.000,1.000,0.000,0.000,0.987,-0.013
2025-07-14 12:56:09.799616,2992,126.62256150,45.80091480,-92.578,0.631,27.888,-0.137,8.744,-1.433,-90.000,1.300,0.000,5.134,5.546,0.112,1.430,0.813,0.000,0.600,0.500,0.000,0.000,1.000,0.000,0.000,0.987,-0.013
2025-07-14 12:56:09.919725,782,126.62255930,45.80091470,-92.637,0.527,27.877,-0.122,8.574,-1.402,-90.000,1.300,0.000,4.989,5.524,0.112,1.428,0.813,0.000,0.600,0.500,0.000,0.000,1.000,0.000,0.000,0.987,-0.013
2025-07-14 12:56:10.039939,8672,126.62255720,45.80091460,-92.683,0.282,27.865,-0.126,8.411,-1.387,-90.000,1.300,0.000,5.055,5.502,0.112,1.413,0.813,0.000,0.600,0.500,0.000,0.000,1.000,0.000,0.000,0.987,-0.013
2025-07-14 12:56:10.159972,6272,126.62255480,45.80091460,-92.681,0.115,27.865,-0.099,8.225,-1.417,-90.000,1.300,0.000,5.094,5.483,0.112,1.407,2.023,0.000,0.600,0.500,0.000,0.000,1.000,0.000,0.000,0.987,-0.013
2025-07-14 12:56:10.280083,4062,126.62255260,45.80091450,-92.611,0.103,27.854,-0.102,8.054,-1.426,-90.000,1.300,0.000,4.932,5.464,0.112,1.414,2.023,0.000,0.600,0.500,0.000,0.000,1.000,0.000,0.000,0.987,-0.013
2025-07-14 12:56:10.400198,1952,126.62255050,45.80091440,-92.539,0.055,27.843,-0.117,7.892,-1.411,-90.000,1.300,0.000,4.564,5.445,0.112,1.422,2.023,0.000,0.600,0.500,0.000,0.000,1.000,0.000,0.000,0.987,-0.013
2025-07-14 12:56:10.520310,9752,126.62254830,45.80091440,-92.483,-0.037,27.843,-0.133,7.721,-1.406,-90.000,1.300,0.000,4.443,5.424,0.112,1.419,2.023,0.000,0.600,0.500,0.000,0.000,1.000,0.000,0.000,0.987,-0.013
2025-07-14 12:56:10.630387,7642,126.62254620,45.80091430,-92.422,-0.100,27.832,-0.151,7.558,-1.402,-90.000,1.300,0.000,4.395,5.404,0.112,1.413,2.076,0.000,0.600,0.500,0.000,0.000,1.000,0.000,0.000,0.987,-0.013
2025-07-14 12:56:10.740506,5432,126.62254400,45.80091420,-92.424,-0.054,27.821,-0.157,7.388,-1.418,-90.000,1.300,0.000,4.250,5.384,0.112,1.416,2.076,0.000,0.600,0.500,0.000,0.000,1.000,0.000,0.000,0.987,-0.013
2025-07-14 12:56:10.850610,3522,126.62254210,45.80091410,-92.529,-0.022,27.810,-0.106,7.240,-1.385,-90.000,1.300,0.000,4.483,5.364,0.112,1.409,2.076,0.000,0.600,0.500,0.000,0.000,1.000,0.000,0.000,0.987,-0.013
2025-07-14 12:56:10.960717,1512,126.62254010,45.80091400,-92.538,0.029,27.799,-0.088,7.085,-1.387,-90.000,1.300,0.000,5.046,5.346,0.112,1.402,2.076,0.000,0.600,0.500,0.000,0.000,1.000,0.000,0.000,0.987,-0.013
2025-07-14 12:56:11.070801,9799,126.62253840,45.80091390,-92.581,0.039,27.788,-0.091,6.954,-1.390,-90.000,1.300,0.000,4.713,5.328,0.112,1.391,2.076,0.000,0.600,0.500,0.000,0.000,1.000,0.000,0.000,0.987,-0.013
2025-07-14 12:56:11.181015,7782,126.62253640,45.80091380,-92.618,0.043,27.776,-0.109,6.799,-1.456,-90.000,1.300,0.000,4.914,5.313,0.112,1.414,2.076,0.000,0.600,0.500,0.000,0.000,1.000,0.000,0.000,0.987,-0.013
2025-07-14 12:56:11.291061,5782,126.62253440,45.80091370,-92.709,-0.041,27.765,-0.125,6.643,-1.496,-90.000,1.300,0.000,4.959,5.293,0.112,1.451,2.076,0.000,0.600,0.500,0.000,0.000,1.000,0.000,0.000,0.987,-0.013
2025-07-14 12:56:11.401135,3872,126.62253250,45.80091360,-92.744,-0.131,27.754,-0.124,6.496,-1.432,-90.000,1.300,0.000,5.319,5.267,0.112,1.466,2.076,0.000,0.600,0.500,0.000,0.000,1.000,0.000,0.000,0.987,-0.013
2025-07-14 12:56:11.511251,1752,126.62253040,45.80091340,-92.713,-0.162,27.732,-0.093,6.333,-1.383,-90.000,1.300,0.000,5.179,5.239,0.112,1.442,2.076,0.000,0.600,0.500,0.000,0.000,1.000,0.000,0.000,0.987,-0.013
2025-07-14 12:56:11.621364,9942,126.62252860,45.80091330,-92.700,-0.197,27.721,-0.086,6.194,-1.382,-90.000,1.300,0.000,4.883,5.215,0.112,1.403,2.076,0.000,0.600,0.500,0.000,0.000,1.000,0.000,0.000,0.987,-0.013
2025-07-14 12:56:11.731462,7819,126.62252650,45.80091320,-92.606,-0.167,27.710,-0.087,6.031,-1.400,-90.000,1.300,0.000,4.925,5.197,0.112,1.391,2.076,0.000,0.600,0.500,0.000,0.000,1.000,0.000,0.000,0.987,-0.013
2025-07-14 12:56:11.841550,5922,126.62252460,45.80091310,-92.544,-0.109,27.699,-0.128,5.884,-1.424,-90.000,1.300,0.000,4.462,5.182,0.112,1.406,2.076,0.000,0.600,0.500,0.000,0.000,1.000,0.000,0.000,0.987,-0.013
2025-07-14 12:56:11.951662,3809,126.62252250,45.80091300,-92.526,0.003,27.688,-0.132,5.721,-1.345,-90.000,1.300,0.000,4.466,5.164,0.113,1.395,2.076,0.000,0.600,0.500,0.000,0.000,1.000,0.000,0.000,0.987,-0.013
2025-07-14 12:56:12.061774,1989,126.62252070,45.80091280,-92.549,-0.010,27.665,-0.134,5.581,-1.362,-90.000,1.300,0.000,4.594,5.147,0.113,1.383,2.234,0.000,0.600,0.500,0.000,0.000,1.000,0.000,0.000,0.987,-0.013
2025-07-14 12:56:12.171871,9879,126.62251860,45.80091270,-92.675,-0.085,27.654,-0.084,5.419,-1.380,-90.000,1.300,0.000,4.784,5.133,0.113,1.368,2.234,0.000,0.600,0.500,0.000,0.000,1.000,0.000,0.000,0.987,-0.013
2025-07-14 12:56:12.282049,7959,126.62251670,45.80091260,-92.821,-0.184,27.643,-0.078,5.271,-1.388,-90.000,1.300,0.000,5.385,5.122,0.113,1.380,2.234,0.000,0.600,0.500,0.000,0.000,1.000,0.000,0.000,0.987,-0.013
2025-07-14 12:56:12.392081,5849,126.62251460,45.80091240,-92.929,-0.200,27.621,-0.104,5.109,-1.368,-90.000,1.300,0.000,5.720,5.108,0.113,1.382,2.234,0.000,0.600,0.500,0.000,0.000,1.000,0.000,0.000,0.987,-0.013
2025-07-14 12:56:12.502180,3939,126.62251270,45.80091230,-92.960,-0.196,27.610,-0.104,4.961,-1.360,-90.000,1.300,0.000,5.777,5.094,0.113,1.375,2.234,0.000,0.600,0.500,0.000,0.000,1.000,0.000,0.000,0.987,-0.013
2025-07-14 12:56:12.612280,1929,126.62251070,45.80091220,-92.861,-0.134,27.599,-0.113,4.806,-1.321,-90.000,1.300,0.000,5.553,5.081,0.113,1.354,3.813,0.000,0.600,0.500,0.000,0.000,1.000,0.000,0.000,0.987,-0.013
2025-07-14 12:56:12.722376,119,126.62250890,45.80091210,-92.739,-0.035,27.587,-0.129,4.667,-1.324,-90.000,1.300,0.000,4.903,5.072,0.113,1.340,3.813,0.000,0.600,0.500,0.000,0.000,1.000,0.000,0.000,0.987,-0.013
2025-07-14 12:56:12.832491,7999,126.62250680,45.80091190,-92.536,0.064,27.565,-0.096,4.504,-1.375,-90.000,1.300,0.000,4.600,5.065,0.113,1.345,3.813,0.000,0.600,0.500,0.000,0.000,1.000,0.000,0.000,0.987,-0.013
2025-07-14 12:56:12.942598,6299,126.62250510,45.80091190,-92.463,0.074,27.565,-0.081,4.372,-1.347,-90.000,1.300,0.000,3.940,5.057,0.113,1.353,3.813,0.000,0.600,0.500,0.000,0.000,1.000,0.000,0.000,0.987,-0.013
2025-07-14 12:56:13.052701,4289,126.62250310,45.80091180,-92.371,0.141,27.554,-0.068,4.217,-1.349,-90.000,1.300,0.000,4.281,5.048,0.113,1.359,3.813,0.000,0.600,0.500,0.000,0.000,1.000,0.000,0.000,0.987,-0.013
2025-07-14 12:56:13.162797,2579,126.62250140,45.80091170,-92.208,0.310,27.543,-0.133,4.085,-1.295,-90.000,1.300,0.000,4.047,5.038,0.113,1.334,4.865,0.000,0.600,0.500,0.000,0.000,1.000,0.000,0.000,0.987,-0.013
2025-07-14 12:56:13.272912,579,126.62249940,45.80091170,-91.906,0.699,27.543,-0.137,3.930,-1.275,-90.000,1.300,0.000,3.521,5.032,0.113,1.312,4.865,0.000,0.600,0.500,0.000,0.000,1.000,0.000,0.000,0.987,-0.013
2025-07-14 12:56:13.383027,8659,126.62249750,45.80091150,-91.572,1.136,27.521,-0.097,3.783,-1.314,-90.000,1.300,0.000,2.392,5.030,0.113,1.301,4.865,0.000,0.600,0.500,0.000,0.000,1.000,0.000,0.000,0.987,-0.013
2025-07-14 12:56:13.493134,6959,126.62249580,45.80091150,-91.260,1.515,27.521,-0.099,3.651,-1.309,-90.000,1.300,0.000,1.729,5.030,0.113,1.304,4.865,0.000,0.600,0.500,0.000,0.000,1.000,0.000,0.000,0.987,-0.013
2025-07-14 12:56:13.603218,4939,126.62249380,45.80091130,-90.916,1.856,27.499,-0.143,3.496,-1.317,-90.000,1.300,0.000,1.247,5.029,0.113,1.318,4.655,0.000,0.600,0.500,0.000,0.000,1.000,0.000,0.000,0.987,-0.013
2025-07-14 12:56:13.713341,3229,126.62249210,45.80091120,-90.678,1.982,27.487,-0.150,3.364,-1.323,-90.000,1.300,0.000,0.512,5.026,0.113,1.323,4.655,0.000,0.600,0.500,0.000,0.000,1.000,0.000,0.000,1.000,0.000
2025-07-14 12:56:13.823440,1219,126.62249010,45.80091110,-90.446,2.082,27.476,-0.131,3.209,-1.308,-90.000,1.300,0.000,0.469,5.022,0.113,1.324,4.655,0.000,0.600,0.500,0.000,0.000,1.000,0.000,0.000,1.000,-0.000
2025-07-14 12:56:13.933537,9609,126.62248850,45.80091100,-90.298,2.032,27.465,-0.092,3.085,-1.316,-90.000,1.300,0.000,0.073,5.018,0.113,1.322,4.655,0.000,0.600,0.500,0.000,0.000,1.000,0.000,0.000,1.000,-0.000
2025-07-14 12:56:14.043648,7679,126.62248660,45.80091080,-90.205,2.050,27.443,-0.117,2.938,-1.329,-90.000,1.300,0.000,0.112,5.014,0.113,1.323,4.655,0.000,0.600,0.500,0.000,0.000,1.000,0.000,0.000,1.000,-0.000
2025-07-14 12:56:14.153739,6079,126.62248500,45.80091070,-90.182,1.987,27.432,-0.112,2.814,-1.355,-90.000,1.300,0.000,0.144,5.011,0.113,1.338,2.655,0.000,0.600,0.500,0.000,0.000,1.000,0.000,0.000,1.000,-0.000
2025-07-14 12:56:14.263857,4059,126.62248300,45.80091050,-90.186,1.836,27.410,-0.111,2.659,-1.379,-90.000,1.300,0.000,0.357,5.004,0.113,1.359,2.655,0.000,0.600,0.500,0.000,0.000,1.000,0.000,0.000,1.000,-0.000
2025-07-14 12:56:14.374029,2349,126.62248130,45.80091040,-90.111,1.629,27.398,-0.026,2.527,-1.356,-90.000,1.300,0.000,0.462,4.994,0.113,1.366,2.655,0.000,0.600,0.500,0.000,0.000,1.000,0.000,0.000,1.000,-0.000
2025-07-14 12:56:14.484063,439,126.62247940,45.80091030,-89.973,1.451,27.387,-0.033,2.380,-1.348,-90.000,1.300,0.000,0.040,4.983,0.113,1.363,2.655,0.000,0.600,0.500,0.000,0.000,1.000,0.000,0.000,1.000,-0.000
2025-07-14 12:56:14.594149,8619,126.62247760,45.80091020,-89.926,1.212,27.376,-0.095,2.240,-1.341,-90.000,1.300,0.000,-0.437,4.972,0.113,1.350,2.655,0.000,0.600,0.500,0.000,0.000,1.000,0.000,0.000,1.000,-0.000
2025-07-14 12:56:14.704262,6709,126.62247570,45.80091000,-89.934,0.892,27.354,-0.112,2.093,-1.349,-90.000,1.300,0.000,-0.191,4.963,0.113,1.349,2.655,0.000,0.600,0.500,0.000,0.000,1.000,0.000,0.000,1.000,-0.000
2025-07-14 12:56:14.814372,4899,126.62247390,45.80090990,-89.844,0.758,27.343,-0.110,1.954,-1.341,-90.000,1.300,0.000,0.023,4.955,0.113,1.348,2.655,0.000,0.600,0.500,0.000,0.000,1.000,0.000,0.000,1.000,-0.000
2025-07-14 12:56:14.924478,2899,126.62247190,45.80090990,-89.823,0.566,27.343,-0.041,1.798,-1.402,-90.000,1.300,0.000,-0.495,4.947,0.113,1.367,2.655,0.000,0.600,0.500,0.000,0.000,1.000,0.000,0.000,1.000,-0.000
2025-07-14 12:56:15.034575,1109,126.62247010,45.80091000,-89.795,0.457,27.354,-0.036,1.659,-1.413,-90.000,1.300,0.000,-0.282,4.935,0.113,1.387,2.655,0.000,0.600,0.500,0.000,0.000,1.000,0.000,0.000,1.000,-0.000
2025-07-14 12:56:15.144669,9009,126.62246800,45.80091000,-89.753,0.411,27.354,-0.114,1.496,-1.327,-90.000,1.300,0.000,-0.358,4.920,0.113,1.383,2.655,0.000,0.600,0.500,0.000,0.000,1.000,0.000,0.000,1.000,-0.000
2025-07-14 12:56:15.254788,7209,126.62246620,45.80091000,-89.701,0.437,27.354,-0.126,1.357,-1.325,-90.000,1.300,0.000,-0.484,4.906,0.113,1.359,2.655,0.000,0.600,0.500,0.000,0.000,1.000,0.000,0.000,1.000,-0.000
2025-07-14 12:56:15.364896,5109,126.62246410,45.80091000,-89.614,0.520,27.354,0.005,1.194,-1.354,-90.000,1.300,0.000,-0.614,4.896,0.113,1.339,2.655,0.000,0.600,0.500,0.000,0.000,1.000,0.000,0.000,1.000,-0.000
2025-07-14 12:56:15.475001,3009,126.62246200,45.80091000,-89.493,0.561,27.354,0.014,1.031,-1.346,-90.000,1.300,0.000,-0.898,4.889,0.113,1.344,2.655,0.000,0.600,0.500,0.000,0.000,1.000,0.000,0.000,1.000,-0.000
2025-07-14 12:56:15.585097,1209,126.62246020,45.80091000,-89.384,0.534,27.354,-0.065,0.891,-1.349,-90.000,1.300,0.000,-1.239,4.882,0.113,1.350,1.760,0.000,0.600,0.500,0.000,0.000,1.000,0.000,0.000,1.000,-0.000
2025-07-14 12:56:15.695217,9209,126.62245820,45.80091000,-89.361,0.513,27.354,-0.084,0.736,-1.354,-90.000,1.300,0.000,-1.392,4.873,0.113,1.351,1.760,0.000,0.600,0.500,0.000,0.000,1.000,0.000,0.000,1.000,-0.000
2025-07-14 12:56:15.805297,7409,126.62245640,45.80091000,-89.379,0.504,27.354,-0.089,0.597,-1.360,-90.000,1.300,0.000,-1.121,4.865,0.113,1.357,1.760,0.000,0.600,0.500,0.000,0.000,1.000,0.000,0.000,1.000,-0.000
2025-07-14 12:56:15.915424,5399,126.62245440,45.80090990,-89.398,0.405,27.343,-0.047,0.442,-1.347,-90.000,1.300,0.000,-0.939,4.855,0.113,1.356,1.760,0.000,0.600,0.500,0.000,0.000,1.000,0.000,0.000,1.000,-0.000
2025-07-14 12:56:16.025515,3699,126.62245270,45.80090990,-89.453,0.335,27.343,-0.051,0.310,-1.346,-90.000,1.300,0.000,-0.902,4.845,0.113,1.353,1.760,0.000,0.600,0.500,0.000,0.000,1.000,0.000,0.000,1.000,-0.000
2025-07-14 12:56:16.135616,1699,126.62245070,45.80090990,-89.640,0.140,27.343,-0.026,0.155,-1.352,-90.000,1.300,0.000,-0.672,4.836,0.113,1.349,1.339,0.000,0.600,0.500,0.000,0.000,1.000,0.000,0.000,1.000,-0.000
2025-07-14 12:56:16.245729,9899,126.62244890,45.80090990,-89.794,-0.038,27.343,-0.041,0.016,-1.352,-90.000,1.300,0.000,0.000,0.000,0.000,1.351,1.339,0.000,0.600,0.500,0.000,0.000,1.000,0.000,0.000,1.000,0.000
2025-07-14 12:56:16.355840,7989,126.62244700,45.80090980,-89.908,-0.189,27.332,-0.037,-0.132,-1.376,-90.000,1.300,0.000,0.000,0.000,0.000,1.360,1.339,0.000,0.600,0.500,0.000,0.000,1.000,0.000,0.000,1.000,0.000
2025-07-14 12:56:16.466016,6189,126.62244520,45.80090980,-89.899,-0.260,27.332,-0.025,-0.271,-1.374,-90.000,1.300,0.000,0.000,0.000,0.000,1.368,1.339,0.000,0.600,0.500,0.000,0.000,1.000,0.000,0.000,1.000,0.000
2025-07-14 12:56:16.576037,4189,126.62244320,45.80090980,-89.864,-0.338,27.332,-0.051,-0.426,-1.354,-90.000,1.300,0.000,0.000,0.000,0.000,1.369,1.076,0.000,0.600,0.500,0.000,0.000,1.000,0.000,0.000,1.000,0.000
2025-07-14 12:56:16.686141,2379,126.62244140,45.80090970,-89.925,-0.491,27.321,-0.069,-0.566,-1.424,-90.000,1.300,0.000,0.000,0.000,0.000,1.385,1.076,0.000,0.600,0.500,0.000,0.000,1.000,0.000,0.000,1.000,0.000
2025-07-14 12:56:16.796244,82,126.62243910,45.80090970,-90.170,-0.735,27.321,-0.091,-0.744,-1.490,-90.000,1.300,0.000,0.000,0.000,0.000,1.424,1.076,0.000,0.600,0.500,0.000,0.000,1.000,0.000,0.000,1.000,0.000
2025-07-14 12:56:16.906359,8372,126.62243740,45.80090960,-90.333,-0.867,27.309,-0.049,-0.876,-1.364,-90.000,1.300,0.000,0.000,0.000,0.000,1.428,1.076,0.000,0.600,0.500,0.000,0.000,1.000,0.000,0.000,1.000,0.000
2025-07-14 12:56:17.016458,6369,126.62243540,45.80090960,-90.537,-1.035,27.309,0.001,-1.031,-1.194,-90.000,1.300,0.000,0.000,0.000,0.000,1.351,1.076,0.000,0.600,0.500,0.000,0.000,1.000,0.000,0.000,1.000,0.000
2025-07-14 12:56:17.126582,4666,126.62243370,45.80090960,-90.705,-1.138,27.309,-0.048,-1.163,-1.155,-90.000,1.300,0.000,0.000,0.000,0.000,1.238,1.076,0.000,0.600,0.500,0.000,0.000,1.000,0.000,0.000,1.000,0.000
2025-07-14 12:56:17.236661,2663,126.62243170,45.80090960,-90.898,-1.143,27.309,-0.064,-1.318,-1.161,-90.000,1.300,0.000,0.000,0.000,0.000,1.171,1.076,0.000,0.600,0.500,0.000,0.000,1.000,0.000,0.000,1.000,0.000
2025-07-14 12:56:17.346775,963,126.62243000,45.80090960,-91.041,-1.133,27.309,0.006,-1.450,-1.085,-90.000,1.300,0.000,0.000,0.000,0.000,1.135,1.076,0.000,0.600,0.500,0.000,0.000,1.000,0.000,0.000,1.000,0.000
2025-07-14 12:56:17.456866,9053,126.62242810,45.80090950,-91.176,-1.152,27.298,0.017,-1.597,-1.113,-90.000,1.300,0.000,0.000,0.000,0.000,1.120,1.076,0.000,0.600,0.500,0.000,0.000,1.000,0.000,0.000,1.000,0.000
2025-07-14 12:56:17.566977,7050,126.62242610,45.80090950,-91.270,-1.246,27.298,0.004,-1.752,-1.067,-90.000,1.300,0.000,0.000,0.000,0.000,1.088,1.076,0.000,0.600,0.500,0.000,0.000,1.000,0.000,0.000,1.000,0.000
2025-07-14 12:56:17.677075,5350,126.62242440,45.80090950,-91.369,-1.368,27.298,-0.006,-1.884,-1.097,-90.000,1.300,0.000,0.000,0.000,0.000,1.092,1.076,0.000,0.600,0.500,0.000,0.000,1.000,0.000,0.000,1.000,0.000
2025-07-14 12:56:17.787200,3350,126.62242240,45.80090950,-91.501,-1.432,27.298,-0.038,-2.039,-1.119,-90.000,1.300,0.000,0.000,0.000,0.000,1.095,1.076,0.000,0.600,0.500,0.000,0.000,1.000,0.000,0.000,1.000,0.000
2025-07-14 12:56:17.897303,2040,126.62242110,45.80090940,-91.603,-1.302,27.287,-0.045,-2.140,-1.067,-90.000,1.300,0.000,0.000,0.000,0.000,1.095,1.076,0.000,0.600,0.500,0.000,0.000,1.000,0.000,0.000,1.000,0.000
2025-07-14 12:56:18.007397,840,126.62241990,45.80090940,-91.719,-1.259,27.287,-0.049,-2.233,-0.976,-90.000,1.300,0.000,0.000,0.000,0.000,1.055,1.076,0.000,0.600,0.500,0.000,0.000,1.000,0.000,0.000,1.000,0.000
2025-07-14 12:56:18.117488,9867,126.62241890,45.80090940,-91.847,-1.190,27.287,-0.006,-2.310,-0.949,-90.000,1.300,0.000,0.000,0.000,0.000,0.998,1.076,0.000,0.600,0.500,0.000,0.000,1.000,0.000,0.000,1.000,0.000
2025-07-14 12:56:18.227612,8567,126.62241760,45.80090940,-91.962,-1.142,27.287,-0.014,-2.411,-0.974,-90.000,1.300,0.000,0.000,0.000,0.000,0.967,1.076,0.000,0.600,0.500,0.000,0.000,1.000,0.000,0.000,1.000,0.000
2025-07-14 12:56:18.337712,7367,126.62241640,45.80090940,-92.035,-1.033,27.287,-0.083,-2.504,-0.879,-90.000,1.300,0.000,0.000,0.000,0.000,0.935,1.076,0.000,0.600,0.500,0.000,0.000,1.000,0.000,0.000,1.000,0.000
2025-07-14 12:56:18.447822,6067,126.62241510,45.80090940,-92.119,-0.979,27.287,-0.090,-2.605,-0.888,-90.000,1.300,0.000,0.000,0.000,0.000,0.917,1.076,0.000,0.600,0.500,0.000,0.000,1.000,0.000,0.000,1.000,0.000
2025-07-14 12:56:18.557995,4864,126.62241390,45.80090940,-92.192,-0.923,27.287,-0.053,-2.698,-0.843,-90.000,1.300,0.000,0.000,0.000,0.000,0.873,1.076,0.000,0.600,0.500,0.000,0.000,1.000,0.000,0.000,1.000,0.000
2025-07-14 12:56:18.668011,3464,126.62241250,45.80090940,-92.256,-0.895,27.287,-0.051,-2.806,-0.844,-90.000,1.300,0.000,0.000,0.000,0.000,0.861,1.076,0.000,0.600,0.500,0.000,0.000,1.000,0.000,0.000,1.000,0.000
2025-07-14 12:56:18.778207,2254,126.62241130,45.80090930,-92.232,-0.784,27.276,-0.063,-2.899,-0.848,-90.000,1.300,0.000,0.000,0.000,0.000,0.847,1.076,0.000,0.600,0.500,0.000,0.000,1.000,0.000,0.000,1.000,0.000
2025-07-14 12:56:18.888219,1154,126.62241020,45.80090930,-92.166,-0.605,27.276,-0.044,-2.985,-0.833,-90.000,1.300,0.000,0.000,0.000,0.000,0.843,1.076,0.000,0.600,0.500,0.000,0.000,1.000,0.000,0.000,1.000,0.000
2025-07-14 12:56:18.998334,454,126.62240950,45.80090930,-92.209,-0.551,27.276,-0.035,-3.039,-0.812,-90.000,1.300,0.000,0.000,0.000,0.000,0.832,1.076,0.000,0.600,0.500,0.000,0.000,1.000,0.000,0.000,1.000,0.000
2025-07-14 12:56:19.108423,9554,126.62240860,45.80090930,-92.316,-0.543,27.276,-0.042,-3.109,-0.756,-90.000,1.300,0.000,0.000,0.000,0.000,0.801,1.076,0.000,0.600,0.500,0.000,0.000,1.000,0.000,0.000,1.000,0.000
2025-07-14 12:56:19.218546,8751,126.62240780,45.80090930,-92.330,-0.439,27.276,-0.038,-3.171,-0.747,-90.000,1.300,0.000,0.000,0.000,0.000,0.773,1.076,0.000,0.600,0.500,0.000,0.000,1.000,0.000,0.000,1.000,0.000
2025-07-14 12:56:19.338660,7841,126.62240690,45.80090920,-92.271,-0.286,27.265,-0.054,-3.240,-0.719,-90.000,1.300,0.000,0.000,0.000,0.000,0.742,1.076,0.000,0.600,0.500,0.000,0.000,1.000,0.000,0.000,1.000,0.000
2025-07-14 12:56:19.448756,6941,126.62240600,45.80090920,-92.259,-0.208,27.265,-0.069,-3.310,-0.737,-90.000,1.300,0.000,0.000,0.000,0.000,0.736,1.076,0.000,0.600,0.500,0.000,0.000,1.000,0.000,0.000,1.000,0.000
2025-07-14 12:56:19.558873,5931,126.62240500,45.80090910,-92.325,-0.192,27.254,-0.082,-3.388,-0.749,-90.000,1.300,0.000,0.000,0.000,0.000,0.738,1.076,0.000,0.600,0.500,0.000,0.000,1.000,0.000,0.000,1.000,0.000
2025-07-14 12:56:19.668966,5031,126.62240410,45.80090910,-92.381,-0.176,27.254,-0.084,-3.457,-0.750,-90.000,1.300,0.000,0.000,0.000,0.000,0.749,1.076,0.000,0.600,0.500,0.000,0.000,1.000,0.000,0.000,1.000,0.000
2025-07-14 12:56:19.779082,3921,126.62240300,45.80090900,-92.398,-0.134,27.243,-0.079,-3.543,-0.743,-90.000,1.300,0.000,0.000,0.000,0.000,0.752,1.076,0.000,0.600,0.500,0.000,0.000,1.000,0.000,0.000,1.000,0.000
2025-07-14 12:56:19.889240,3121,126.62240220,45.80090900,-92.357,-0.118,27.243,-0.067,-3.605,-0.725,-90.000,1.300,0.000,0.000,0.000,0.000,0.743,1.076,0.000,0.600,0.500,0.000,0.000,1.000,0.000,0.000,1.000,0.000
2025-07-14 12:56:20.009298,2311,126.62240140,45.80090890,-92.259,-0.097,27.232,-0.059,-3.667,-0.706,-90.000,1.300,0.000,0.000,0.000,0.000,0.728,1.076,0.000,0.600,0.500,0.000,0.000,1.000,0.000,0.000,1.000,0.000
2025-07-14 12:56:20.129392,1411,126.62240050,45.80090890,-92.208,-0.015,27.232,-0.031,-3.736,-0.675,-90.000,1.300,0.000,0.000,0.000,0.000,0.704,1.076,0.000,0.600,0.500,0.000,0.000,1.000,0.000,0.000,1.000,0.000
2025-07-14 12:56:20.249535,498,126.62239960,45.80090880,-92.291,0.013,27.221,-0.032,-3.806,-0.691,-90.000,1.300,0.000,0.000,0.000,0.000,0.692,1.076,0.000,0.600,0.500,0.000,0.000,1.000,0.000,0.000,1.000,0.000
2025-07-14 12:56:20.369642,9598,126.62239870,45.80090880,-92.361,-0.033,27.221,-0.050,-3.876,-0.676,-90.000,1.300,0.000,0.000,0.000,0.000,0.682,1.076,0.000,0.600,0.500,0.000,0.000,1.000,0.000,0.000,1.000,0.000
2025-07-14 12:56:20.489763,8588,126.62239770,45.80090870,-92.292,-0.024,27.209,-0.057,-3.954,-0.656,-90.000,1.300,0.000,0.000,0.000,0.000,0.676,1.076,0.000,0.600,0.500,0.000,0.000,1.000,0.000,0.000,1.000,0.000
2025-07-14 12:56:20.609856,7578,126.62239670,45.80090860,-92.212,0.031,27.198,-0.009,-4.031,-0.605,-90.000,1.300,0.000,0.000,0.000,0.000,0.647,1.076,0.000,0.600,0.500,0.000,0.000,1.000,0.000,0.000,1.000,0.000
2025-07-14 12:56:20.729979,6678,126.62239580,45.80090860,-92.160,0.135,27.198,-0.007,-4.101,-0.616,-90.000,1.300,0.000,0.000,0.000,0.000,0.627,1.076,0.000,0.600,0.500,0.000,0.000,1.000,0.000,0.000,1.000,0.000
2025-07-14 12:56:20.850271,5768,126.62239490,45.80090850,-91.891,0.408,27.187,-0.045,-4.171,-0.631,-90.000,1.300,0.000,0.000,0.000,0.000,0.618,1.076,0.000,0.600,0.500,0.000,0.000,1.000,0.000,0.000,1.000,0.000
2025-07-14 12:56:20.970214,4868,126.62239400,45.80090850,-91.855,0.453,27.187,-0.053,-4.240,-0.613,-90.000,1.300,0.000,0.000,0.000,0.000,0.621,1.076,0.000,0.600,0.500,0.000,0.000,1.000,0.000,0.000,1.000,0.000
2025-07-14 12:56:21.090324,4168,126.62239330,45.80090850,-91.793,0.468,27.187,-0.058,-4.295,-0.606,-90.000,1.300,0.000,0.000,0.000,0.000,0.619,1.023,0.000,0.600,0.500,0.000,0.000,1.000,0.000,0.000,1.000,0.000
2025-07-14 12:56:21.200422,3358,126.62239250,45.80090840,-91.722,0.451,27.176,-0.040,-4.357,-0.594,-90.000,1.300,0.000,0.000,0.000,0.000,0.606,1.023,0.000,0.600,0.500,0.000,0.000,1.000,0.000,0.000,1.000,0.000
2025-07-14 12:56:21.310538,2658,126.62239180,45.80090840,-91.718,0.412,27.176,-0.059,-4.411,-0.623,-90.000,1.300,0.000,3.264,4.947,0.001,0.610,1.023,0.000,0.600,0.500,0.000,0.000,1.000,0.000,0.000,1.000,0.000
2025-07-14 12:56:21.420721,1758,126.62239090,45.80090840,-91.765,0.439,27.176,-0.059,-4.481,-0.621,-90.000,1.300,0.000,3.079,5.065,0.001,0.615,1.023,0.000,0.600,0.500,0.000,0.000,1.000,0.000,0.000,1.000,0.000
2025-07-14 12:56:21.530752,958,126.62239010,45.80090840,-91.747,0.513,27.176,-0.059,-4.543,-0.586,-90.000,1.300,0.000,3.348,5.182,0.001,0.613,1.023,0.000,0.600,0.500,0.000,0.000,1.000,0.000,0.000,1.000,-0.000
2025-07-14 12:56:21.640828,245,126.62238940,45.80090830,-91.617,0.574,27.165,-0.069,-4.597,-0.564,-90.000,1.300,0.000,3.080,5.300,0.001,0.594,1.602,0.000,0.600,0.500,0.000,0.000,1.000,0.000,0.000,1.000,-0.000
2025-07-14 12:56:21.750963,9545,126.62238870,45.80090830,-91.478,0.634,27.165,-0.070,-4.651,-0.534,-90.000,1.300,0.000,2.439,5.421,0.001,0.565,1.602,0.000,0.600,0.500,0.000,0.000,1.000,0.000,0.000,0.999,-0.000
2025-07-14 12:56:21.861062,8935,126.62238810,45.80090820,-91.492,0.578,27.154,-0.007,-4.698,-0.442,-90.000,1.300,0.000,2.157,5.547,0.001,0.516,1.602,0.000,0.600,0.500,0.000,0.000,1.000,0.000,0.000,0.999,-0.001
2025-07-14 12:56:21.971164,8345,126.62238750,45.80090830,-91.582,0.274,27.165,-0.016,-4.744,-0.585,-90.000,1.300,0.000,2.737,5.682,0.001,0.522,1.602,0.000,0.600,0.500,0.000,0.000,1.000,0.000,0.000,0.999,-0.001
2025-07-14 12:56:22.081248,7945,126.62238710,45.80090830,-91.597,0.231,27.165,-0.006,-4.775,-0.506,-90.000,1.300,0.000,3.176,5.815,0.001,0.511,2.444,0.000,0.600,0.500,0.000,0.000,1.000,0.000,0.000,0.999,-0.001
2025-07-14 12:56:22.191359,7558,126.62238670,45.80090840,-91.464,0.300,27.176,-0.054,-4.806,-0.734,-90.000,1.300,0.000,2.930,5.950,0.001,0.609,2.444,0.000,0.600,0.500,0.000,0.000,1.000,0.000,0.000,0.999,-0.001
2025-07-14 12:56:22.301484,7268,126.62238640,45.80090850,-91.277,0.405,27.187,-0.035,-4.830,-0.653,-90.000,1.300,0.000,2.153,6.069,0.001,0.632,2.444,0.000,0.600,0.500,0.000,0.000,1.000,0.000,0.000,0.999,-0.001
2025-07-14 12:56:22.411584,6971,126.62238610,45.80090850,-90.953,0.696,27.187,-0.038,-4.853,-0.791,-90.000,1.300,0.000,1.620,6.183,0.001,0.727,2.444,0.000,0.600,0.500,0.000,0.000,1.000,0.000,0.000,0.999,-0.001
2025-07-14 12:56:22.521678,6684,126.62238580,45.80090860,-90.682,0.985,27.198,-0.101,-4.876,-1.036,-90.000,1.300,0.000,0.539,6.281,0.001,0.829,2.444,0.000,0.600,0.500,0.000,0.000,1.000,0.000,0.000,0.999,-0.001
2025-07-14 12:56:22.631776,6187,126.62238530,45.80090860,-90.482,1.151,27.198,-0.100,-4.915,-0.997,-90.000,1.300,0.000,0.245,6.362,0.001,0.945,2.655,0.000,0.600,0.500,0.000,0.000,1.000,0.000,0.000,0.999,-0.001
2025-07-14 12:56:22.741889,5760,126.62238490,45.80090860,-90.352,1.151,27.198,-0.108,-4.946,-0.975,-90.000,1.300,0.000,0.141,6.423,0.001,1.008,2.655,0.000,0.600,0.500,0.000,0.000,1.000,0.000,0.000,0.999,-0.001
2025-07-14 12:56:22.851999,4960,126.62238410,45.80090860,-90.110,1.244,27.198,-0.086,-5.008,-1.056,-90.000,1.300,0.000,0.162,6.473,0.001,1.014,2.655,0.000,0.600,0.500,0.000,0.000,1.000,0.000,0.000,0.999,-0.001
2025-07-14 12:56:22.962098,2850,126.62238200,45.80090850,-89.935,1.415,27.187,-0.077,-5.171,-1.160,-90.000,1.300,0.000,-0.680,6.522,0.001,1.068,2.655,0.000,0.600,0.500,0.000,0.000,1.000,0.000,0.000,0.999,-0.001
2025-07-14 12:56:23.072185,333,126.62237950,45.80090830,-89.814,1.606,27.165,-0.073,-5.364,-1.158,-90.000,1.300,0.000,-0.752,6.562,0.001,1.127,2.655,0.000,0.600,0.500,0.000,0.000,1.000,0.000,0.000,0.999,-0.001
2025-07-14 12:56:23.182300,8323,126.62237750,45.80090820,-89.792,1.639,27.154,-0.077,-5.519,-1.241,-90.000,1.300,0.000,-0.773,6.591,0.001,1.189,2.655,0.000,0.600,0.500,0.000,0.000,1.000,0.000,0.000,0.999,-0.001
2025-07-14 12:56:23.292413,6006,126.62237520,45.80090800,-89.925,1.398,27.132,-0.088,-5.698,-1.220,-90.000,1.300,0.000,-0.453,6.610,0.001,1.209,2.655,0.000,0.600,0.500,0.000,0.000,1.000,0.000,0.000,0.999,-0.001
2025-07-14 12:56:23.402518,4096,126.62237330,45.80090790,-90.172,1.003,27.120,-0.073,-5.845,-1.338,-90.000,1.300,0.000,0.349,6.626,0.001,1.269,2.655,0.000,0.600,0.500,0.000,0.000,1.000,0.000,0.000,0.999,-0.001
2025-07-14 12:56:23.512702,1979,126.62237120,45.80090770,-90.506,0.405,27.098,-0.053,-6.008,-1.336,-90.000,1.300,0.000,1.208,6.631,0.001,1.300,2.655,0.000,0.600,0.500,0.000,0.000,1.000,0.000,0.000,0.999,-0.001
2025-07-14 12:56:23.622744,9769,126.62236900,45.80090760,-90.852,-0.156,27.087,-0.049,-6.178,-1.318,-90.000,1.300,0.000,2.124,6.631,0.001,1.332,1.076,0.000,0.600,0.500,0.000,0.000,1.000,0.000,0.000,0.999,-0.001
2025-07-14 12:56:23.732825,7959,126.62236720,45.80090750,-91.138,-0.598,27.076,-0.043,-6.318,-1.309,-90.000,1.300,0.000,2.793,6.626,0.001,1.322,1.076,0.000,0.600,0.500,0.000,0.000,1.000,0.000,0.000,0.999,-0.001
2025-07-14 12:56:23.842930,5759,126.62236500,45.80090750,-91.477,-1.024,27.076,-0.001,-6.488,-1.394,-90.000,1.300,0.000,3.089,6.622,0.001,1.341,1.076,0.000,0.600,0.500,0.000,0.000,1.000,0.000,0.000,0.999,-0.001
2025-07-14 12:56:23.953046,3359,126.62236260,45.80090750,-91.771,-1.511,27.076,-0.051,-6.674,-1.412,-90.000,1.300,0.000,3.891,6.615,0.001,1.372,1.076,0.000,0.600,0.500,0.000,0.000,1.000,0.000,0.000,0.999,-0.001
2025-07-14 12:56:24.063140,562,126.62235980,45.80090750,-92.104,-1.969,27.076,-0.054,-6.892,-1.412,-90.000,1.300,0.000,4.257,6.603,0.001,1.407,1.655,0.000,0.600,0.500,0.000,0.000,1.000,0.000,0.000,0.999,-0.001
2025-07-14 12:56:24.173247,8262,126.62235750,45.80090750,-92.381,-2.331,27.076,-0.038,-7.070,-1.414,-90.000,1.300,0.000,4.998,6.584,0.001,1.413,1.655,0.000,0.600,0.500,0.000,0.000,1.000,0.000,0.000,0.999,-0.001
2025-07-14 12:56:24.283354,5662,126.62235490,45.80090750,-92.595,-2.545,27.076,-0.023,-7.271,-1.374,-90.000,1.300,0.000,5.293,6.565,0.001,1.401,1.655,0.000,0.600,0.500,0.000,0.000,1.000,0.000,0.000,0.999,-0.001
2025-07-14 12:56:24.393456,3459,126.62235270,45.80090750,-92.667,-2.490,27.076,-0.034,-7.442,-1.392,-90.000,1.300,0.000,5.450,6.548,0.001,1.394,1.655,0.000,0.600,0.500,0.000,0.000,1.000,0.000,0.000,0.999,-0.001
2025-07-14 12:56:24.503575,1059,126.62235030,45.80090750,-92.689,-2.285,27.076,-0.150,-7.628,-1.411,-90.000,1.300,0.000,5.063,6.532,0.001,1.395,1.655,0.000,0.600,0.500,0.000,0.000,1.000,0.000,0.000,0.999,-0.001
2025-07-14 12:56:24.613646,8962,126.62234820,45.80090750,-92.691,-1.984,27.076,-0.138,-7.791,-1.404,-90.000,1.300,0.000,4.921,6.515,0.001,1.407,2.076,0.000,0.600,0.500,0.000,0.000,1.000,0.000,0.000,0.999,-0.001
2025-07-14 12:56:24.723771,6562,126.62234580,45.80090750,-92.676,-1.655,27.076,-0.123,-7.977,-1.402,-90.000,1.300,0.000,4.852,6.497,0.001,1.412,2.076,0.000,0.600,0.500,0.000,0.000,1.000,0.000,0.000,0.999,-0.001
2025-07-14 12:56:24.833868,4462,126.62234370,45.80090750,-92.734,-1.448,27.076,-0.125,-8.140,-1.400,-90.000,1.300,0.000,4.764,6.478,0.001,1.408,2.076,0.000,0.600,0.500,0.000,0.000,1.000,0.000,0.000,0.999,-0.001
2025-07-14 12:56:24.943977,2042,126.62234130,45.80090730,-92.637,-1.052,27.054,-0.147,-8.326,-1.415,-90.000,1.300,0.000,5.133,6.459,0.001,1.412,2.076,0.000,0.600,0.500,0.000,0.000,1.000,0.000,0.000,0.999,-0.001
2025-07-14 12:56:25.054076,9932,126.62233920,45.80090720,-92.598,-0.749,27.043,-0.157,-8.488,-1.411,-90.000,1.300,0.000,4.396,6.440,0.001,1.416,2.076,0.000,0.600,0.500,0.000,0.000,1.000,0.000,0.000,0.999,-0.001
2025-07-14 12:56:25.164184,7502,126.62233680,45.80090690,-92.555,-0.410,27.009,-0.052,-8.675,-1.467,-90.000,1.300,0.000,4.536,6.420,0.001,1.437,2.444,0.000,0.600,0.500,0.000,0.000,1.000,0.000,0.000,0.999,-0.001
2025-07-14 12:56:25.274273,5392,126.62233470,45.80090680,-92.401,-0.019,26.998,-0.053,-8.837,-1.475,-90.000,1.300,0.000,4.444,6.397,0.001,1.455,2.444,0.000,0.600,0.500,0.000,0.000,1.000,0.000,0.000,0.999,-0.001
2025-07-14 12:56:25.384398,3072,126.62233240,45.80090660,-92.200,0.359,26.976,-0.090,-9.016,-1.392,-90.000,1.300,0.000,3.764,6.370,0.001,1.446,2.444,0.000,0.600,0.500,0.000,0.000,1.000,0.000,0.000,0.999,-0.001
2025-07-14 12:56:25.494485,952,126.62233030,45.80090640,-92.208,0.417,26.954,-0.111,-9.178,-1.433,-90.000,1.300,0.000,3.231,6.345,0.001,1.436,2.444,0.000,0.600,0.500,0.000,0.000,1.000,0.000,0.000,0.999,-0.001
2025-07-14 12:56:25.605098,8632,126.62232800,45.80090620,-92.419,0.247,26.931,-0.105,-9.357,-1.382,-90.000,1.300,0.000,4.005,6.322,0.002,1.406,0.234,0.000,0.600,0.500,0.000,0.000,1.000,0.000,0.000,0.999,-0.001
2025-07-14 12:56:25.715087,6212,126.62232560,45.80090600,-92.652,0.035,26.909,-0.121,-9.543,-1.402,-90.000,1.300,0.000,5.119,6.304,0.002,1.410,0.234,0.000,0.600,0.500,0.000,0.000,1.000,0.000,0.000,0.999,-0.001
2025-07-14 12:56:25.825171,4092,126.62232350,45.80090590,-92.833,-0.142,26.898,-0.111,-9.706,-1.421,-90.000,1.300,0.000,5.622,6.285,0.002,1.406,0.234,0.000,0.600,0.500,0.000,0.000,1.000,0.000,0.000,0.999,-0.001
2025-07-14 12:56:25.935295,1792,126.62232120,45.80090580,-93.176,-0.401,26.887,-0.047,-9.884,-1.393,-90.000,1.300,0.000,5.759,6.267,0.002,1.409,0.234,0.000,0.600,0.500,0.000,0.000,1.000,0.000,0.000,0.999,-0.001
2025-07-14 12:56:26.045385,9792,126.62231920,45.80090580,-93.448,-0.736,26.887,-0.034,-10.039,-1.387,-90.000,1.300,0.000,6.964,6.248,0.002,1.402,0.234,0.000,0.600,0.500,0.000,0.000,1.000,0.000,0.000,0.999,-0.001
2025-07-14 12:56:26.155486,7589,126.62231700,45.80090580,-93.652,-0.957,26.887,-0.090,-10.209,-1.385,-90.000,1.300,0.000,7.196,6.230,0.002,1.390,4.655,0.000,0.600,0.500,0.000,0.000,1.000,0.000,0.000,0.999,-0.001
2025-07-14 12:56:26.265611,5589,126.62231500,45.80090580,-93.788,-1.120,26.887,-0.093,-10.364,-1.379,-90.000,1.300,0.000,7.316,6.215,0.002,1.386,4.655,0.000,0.600,0.500,0.000,0.000,1.000,0.000,0.000,0.999,-0.001
2025-07-14 12:56:26.375710,3389,126.62231280,45.80090580,-93.856,-1.321,26.887,-0.058,-10.535,-1.421,-90.000,1.300,0.000,7.314,6.200,0.002,1.397,4.655,0.000,0.600,0.500,0.000,0.000,1.000,0.000,0.000,0.998,-0.001
2025-07-14 12:56:26.485802,1492,126.62231090,45.80090580,-93.816,-1.468,26.887,-0.048,-10.682,-1.410,-90.000,1.300,0.000,7.190,6.184,0.002,1.405,4.655,0.000,0.600,0.500,0.000,0.000,1.000,0.000,0.000,0.998,-0.001
2025-07-14 12:56:26.595905,9392,126.62230880,45.80090580,-93.647,-1.307,26.887,-0.142,-10.845,-1.430,-90.000,1.300,0.000,6.725,6.166,0.002,1.423,5.497,0.000,0.600,0.500,0.000,0.000,1.000,0.000,0.000,0.998,-0.001
2025-07-14 12:56:26.706145,7482,126.62230690,45.80090570,-93.439,-0.929,26.876,-0.140,-10.992,-1.419,-90.000,1.300,0.000,5.953,6.144,0.002,1.425,5.497,0.000,0.600,0.500,0.000,0.000,1.000,0.000,0.000,0.998,-0.001
2025-07-14 12:56:26.816113,5282,126.62230470,45.80090570,-93.219,-0.516,26.876,-0.148,-11.163,-1.420,-90.000,1.300,0.000,5.437,6.123,0.002,1.430,5.497,0.000,0.600,0.500,0.000,0.000,1.000,0.000,0.000,0.998,-0.001
2025-07-14 12:56:26.926215,3462,126.62230290,45.80090550,-92.942,-0.101,26.854,-0.221,-11.302,-1.334,-90.000,1.300,0.000,0.000,0.000,0.000,1.402,5.497,0.000,0.600,0.500,0.000,0.000,1.000,0.000,0.000,1.000,0.000
2025-07-14 12:56:27.036360,1229,126.62230070,45.80090530,-92.600,0.522,26.831,-0.234,-11.473,-1.320,-90.000,1.300,0.000,0.000,0.000,0.000,1.373,5.497,0.000,0.600,0.500,0.000,0.000,1.000,0.000,0.000,1.000,0.000
2025-07-14 12:56:27.146498,9419,126.62229890,45.80090510,-92.299,1.043,26.809,-0.115,-11.613,-1.363,-90.000,1.300,0.000,0.000,0.000,0.000,1.354,5.865,0.000,0.600,0.500,0.000,0.000,1.000,0.000,0.000,1.000,0.000
2025-07-14 12:56:27.256519,7209,126.62229670,45.80090500,-92.008,1.493,26.798,-0.122,-11.783,-1.404,-90.000,1.300,0.000,0.000,0.000,0.000,1.373,5.865,0.000,0.600,0.500,0.000,0.000,1.000,0.000,0.000,1.000,0.000
2025-07-14 12:56:27.366640,5289,126.62229480,45.80090480,-91.728,1.871,26.776,-0.126,-11.930,-1.348,-90.000,1.300,0.000,0.000,0.000,0.000,1.377,5.865,0.000,0.600,0.500,0.000,0.000,1.000,0.000,0.000,1.000,0.000
2025-07-14 12:56:27.476726,3069,126.62229260,45.80090460,-91.297,2.325,26.753,-0.155,-12.101,-1.392,-90.000,1.300,0.000,0.000,0.000,0.000,1.388,5.865,0.000,0.600,0.500,0.000,0.000,1.000,0.000,0.000,1.000,0.000
2025-07-14 12:56:27.586850,1049,126.62229060,45.80090440,-90.948,2.606,26.731,-0.146,-12.256,-1.337,-90.000,1.300,0.000,0.000,0.000,0.000,1.366,3.076,0.000,0.600,0.500,0.000,0.000,1.000,0.000,0.000,1.000,0.000
2025-07-14 12:56:27.696955,8609,126.62228820,45.80090410,-90.752,2.630,26.698,-0.175,-12.442,-1.416,-90.000,1.300,0.000,0.000,0.000,0.000,1.391,3.076,0.000,0.600,0.500,0.000,0.000,1.000,0.000,0.000,1.000,0.000
2025-07-14 12:56:27.807054,6102,126.62228570,45.80090390,-90.693,2.496,26.676,-0.179,-12.636,-1.455,-90.000,1.300,0.000,0.000,0.000,0.000,1.413,3.076,0.000,0.600,0.500,0.000,0.000,1.000,0.000,0.000,1.000,0.000
2025-07-14 12:56:27.917164,4689,126.62228430,45.80090380,-90.561,2.415,26.665,-0.020,-12.744,-1.111,-90.000,1.300,0.000,0.000,0.000,0.000,1.335,3.076,0.000,0.600,0.500,0.000,0.000,1.000,0.000,0.000,1.000,0.000
2025-07-14 12:56:28.027256,3196,126.62228280,45.80090390,-90.285,2.414,26.676,-0.024,-12.861,-1.119,-90.000,1.300,0.000,0.000,0.000,0.000,1.232,3.076,0.000,0.600,0.500,0.000,0.000,1.000,0.000,0.000,1.000,0.000
2025-07-14 12:56:28.137365,1893,126.62228150,45.80090390,-90.073,2.296,26.676,-0.094,-12.961,-1.084,-90.000,1.300,0.000,0.000,0.000,0.000,1.106,3.076,0.000,0.600,0.500,0.000,0.000,1.000,0.000,0.000,1.000,0.000
2025-07-14 12:56:28.247477,283,126.62227990,45.80090380,-89.928,2.154,26.665,-0.120,-13.085,-1.111,-90.000,1.300,0.000,0.000,0.000,0.000,1.108,3.076,0.000,0.600,0.500,0.000,0.000,1.000,0.000,0.000,1.000,0.000
2025-07-14 12:56:28.357550,8880,126.62227850,45.80090380,-89.810,1.997,26.665,-0.094,-13.194,-1.050,-90.000,1.300,0.000,0.000,0.000,0.000,1.087,3.076,0.000,0.600,0.500,0.000,0.000,1.000,0.000,0.000,1.000,0.000
2025-07-14 12:56:28.467669,7270,126.62227690,45.80090370,-89.604,1.930,26.653,-0.090,-13.318,-1.073,-90.000,1.300,0.000,0.000,0.000,0.000,1.083,3.076,0.000,0.600,0.500,0.000,0.000,1.000,0.000,0.000,1.000,0.000
2025-07-14 12:56:28.577780,5870,126.62227550,45.80090370,-89.378,1.743,26.653,-0.042,-13.427,-0.978,-90.000,1.300,0.000,0.000,0.000,0.000,1.037,3.076,0.000,0.600,0.500,0.000,0.000,1.000,0.000,0.000,1.000,0.000
2025-07-14 12:56:28.687884,4160,126.62227380,45.80090360,-89.032,1.741,26.642,-0.051,-13.558,-0.986,-90.000,1.300,0.000,0.000,0.000,0.000,1.014,3.076,0.000,0.600,0.500,0.000,0.000,1.000,0.000,0.000,1.000,0.000
2025-07-14 12:56:28.798109,2787,126.62227240,45.80090360,-88.676,1.883,26.642,-0.071,-13.667,-1.001,-90.000,1.300,0.000,0.000,0.000,0.000,0.990,3.076,0.000,0.600,0.500,0.000,0.000,1.000,0.000,0.000,1.000,0.000
2025-07-14 12:56:28.908105,1467,126.62227110,45.80090350,-88.309,2.163,26.631,0.038,-13.768,-0.897,-90.000,1.300,0.000,0.000,0.000,0.000,0.963,3.076,0.000,0.600,0.500,0.000,0.000,1.000,0.000,0.000,1.000,0.000
2025-07-14 12:56:29.018199,367,126.62227000,45.80090350,-88.022,2.305,26.631,0.032,-13.853,-0.917,-90.000,1.300,0.000,0.000,0.000,0.000,0.940,3.076,0.000,0.600,0.500,0.000,0.000,1.000,0.000,0.000,1.000,0.000
2025-07-14 12:56:29.128338,9164,126.62226880,45.80090340,-87.688,2.358,26.620,-0.018,-13.946,-0.874,-90.000,1.300,0.000,0.000,0.000,0.000,0.897,3.076,0.000,0.600,0.500,0.000,0.000,1.000,0.000,0.000,1.000,0.000
2025-07-14 12:56:29.238408,8064,126.62226770,45.80090340,-87.363,2.461,26.620,-0.021,-14.031,-0.888,-90.000,1.300,0.000,0.000,0.000,0.000,0.893,3.076,0.000,0.600,0.500,0.000,0.000,1.000,0.000,0.000,1.000,0.000
2025-07-14 12:56:29.348509,6754,126.62226640,45.80090330,-87.004,2.655,26.609,-0.056,-14.132,-0.800,-90.000,1.300,0.000,0.000,0.000,0.000,0.855,3.076,0.000,0.600,0.500,0.000,0.000,1.000,0.000,0.000,1.000,0.000
2025-07-14 12:56:29.458615,5654,126.62226530,45.80090330,-86.787,2.745,26.609,-0.069,-14.217,-0.821,-90.000,1.300,0.000,0.000,0.000,0.000,0.838,3.076,0.000,0.600,0.500,0.000,0.000,1.000,0.000,0.000,1.000,0.000
2025-07-14 12:56:29.568840,4344,126.62226400,45.80090320,-86.562,2.763,26.598,-0.038,-14.318,-0.786,-90.000,1.300,0.000,0.000,0.000,0.000,0.804,3.076,0.000,0.600,0.500,0.000,0.000,1.000,0.000,0.000,1.000,0.000
2025-07-14 12:56:29.678846,3031,126.62226270,45.80090310,-86.254,2.837,26.587,-0.042,-14.419,-0.787,-90.000,1.300,0.000,0.000,0.000,0.000,0.800,3.076,0.000,0.600,0.500,0.000,0.000,1.000,0.000,0.000,1.000,0.000
2025-07-14 12:56:29.788922,1821,126.62226150,45.80090300,-85.940,2.808,26.576,-0.049,-14.512,-0.788,-90.000,1.300,0.000,0.000,0.000,0.000,0.788,3.076,0.000,0.600,0.500,0.000,0.000,1.000,0.000,0.000,1.000,0.000
2025-07-14 12:56:29.899050,821,126.62226050,45.80090300,-85.596,2.800,26.576,-0.007,-14.589,-0.678,-90.000,1.300,0.000,0.000,0.000,0.000,0.752,3.076,0.000,0.600,0.500,0.000,0.000,1.000,0.000,0.000,1.000,0.000
2025-07-14 12:56:30.009111,121,126.62225980,45.80090300,-85.361,2.678,26.576,-0.011,-14.644,-0.682,-90.000,1.300,0.000,0.000,0.000,0.000,0.717,3.076,0.000,0.600,0.500,0.000,0.000,1.000,0.000,0.000,1.000,0.000
2025-07-14 12:56:30.119253,9228,126.62225890,45.80090310,-85.097,2.657,26.587,0.027,-14.713,-0.736,-90.000,1.300,0.000,0.000,0.000,0.000,0.699,3.076,0.000,0.600,0.500,0.000,0.000,1.000,0.000,0.000,1.000,0.000
2025-07-14 12:56:30.239017,8431,126.62225810,45.80090310,-84.806,2.598,26.587,0.014,-14.775,-0.738,-90.000,1.300,0.000,0.000,0.000,0.000,0.719,3.076,0.000,0.600,0.500,0.000,0.000,1.000,0.000,0.000,1.000,0.000
2025-07-14 12:56:30.349101,7531,126.62225720,45.80090310,-84.389,2.678,26.587,-0.002,-14.845,-0.699,-90.000,1.300,0.000,0.000,0.000,0.000,0.725,3.076,0.000,0.600,0.500,0.000,0.000,1.000,0.000,0.000,1.000,0.000
2025-07-14 12:56:30.459213,6631,126.62225630,45.80090310,-83.938,2.762,26.587,-0.002,-14.915,-0.698,-90.000,1.300,0.000,0.000,0.000,0.000,0.712,3.076,0.000,0.600,0.500,0.000,0.000,1.000,0.000,0.000,1.000,0.000
2025-07-14 12:56:30.579303,5728,126.62225540,45.80090310,-83.574,2.868,26.587,-0.071,-14.985,-0.675,-90.000,1.300,0.000,0.000,0.000,0.000,0.692,3.076,0.000,0.600,0.500,0.000,0.000,1.000,0.000,0.000,1.000,0.000
2025-07-14 12:56:30.699495,4618,126.62225430,45.80090300,-83.235,2.946,26.576,-0.082,-15.070,-0.688,-90.000,1.300,0.000,0.000,0.000,0.000,0.690,3.076,0.000,0.600,0.500,0.000,0.000,1.000,0.000,0.000,1.000,0.000
2025-07-14 12:56:30.819537,3718,126.62225340,45.80090300,-82.663,3.143,26.576,-0.102,-15.140,-0.704,-90.000,1.300,0.000,0.000,0.000,0.000,0.694,3.076,0.000,0.600,0.500,0.000,0.000,1.000,0.000,0.000,1.000,0.000
2025-07-14 12:56:30.939650,2928,126.62225260,45.80090310,-82.355,3.114,26.587,0.023,-15.202,-0.642,-90.000,1.300,0.000,0.000,0.000,0.000,0.682,3.076,0.000,0.600,0.500,0.000,0.000,1.000,0.000,0.000,1.000,0.000
2025-07-14 12:56:31.059763,2128,126.62225180,45.80090310,-81.921,3.163,26.587,0.023,-15.264,-0.639,-90.000,1.300,0.000,0.000,0.000,0.000,0.664,3.076,0.000,0.600,0.500,0.000,0.000,1.000,0.000,0.000,1.000,0.000
2025-07-14 12:56:31.179913,1338,126.62225100,45.80090320,-81.471,3.326,26.598,0.050,-15.326,-0.648,-90.000,1.300,0.000,0.000,0.000,0.000,0.644,3.076,0.000,0.600,0.500,0.000,0.000,1.000,0.000,0.000,1.000,0.000
2025-07-14 12:56:31.300002,448,126.62225010,45.80090330,-81.072,3.419,26.609,0.044,-15.396,-0.655,-90.000,1.300,0.000,0.000,0.000,0.000,0.649,3.076,0.000,0.600,0.500,0.000,0.000,1.000,0.000,0.000,1.000,0.000
2025-07-14 12:56:31.420105,9548,126.62224920,45.80090330,-80.755,3.436,26.609,0.043,-15.465,-0.572,-90.000,1.300,0.000,0.000,0.000,0.000,0.627,3.076,0.000,0.600,0.500,0.000,0.000,1.000,0.000,0.000,1.000,0.000
2025-07-14 12:56:31.540220,8758,126.62224840,45.80090340,-80.369,3.382,26.620,0.063,-15.527,-0.591,-90.000,1.300,0.000,0.000,0.000,0.000,0.608,3.076,0.000,0.600,0.500,0.000,0.000,1.000,0.000,0.000,1.000,0.000
2025-07-14 12:56:31.650388,7955,126.62224760,45.80090340,-79.932,3.369,26.620,0.063,-15.589,-0.596,-90.000,1.300,0.000,0.000,0.000,0.000,0.589,3.076,0.000,0.600,0.500,0.000,0.000,1.000,0.000,0.000,1.000,0.000
2025-07-14 12:56:31.760436,7058,126.62224670,45.80090340,-79.526,3.435,26.620,0.056,-15.659,-0.609,-90.000,1.300,0.000,0.000,0.000,0.000,0.602,3.076,0.000,0.600,0.500,0.000,0.000,1.000,0.000,0.000,1.000,0.000
2025-07-14 12:56:31.870516,6355,126.62224600,45.80090350,-79.186,3.462,26.631,0.044,-15.713,-0.577,-90.000,1.300,0.000,0.000,0.000,0.000,0.597,3.076,0.000,0.600,0.500,0.000,0.000,1.000,0.000,0.000,1.000,0.000
2025-07-14 12:56:31.980646,5655,126.62224530,45.80090350,-78.789,3.346,26.631,0.014,-15.768,-0.581,-90.000,1.300,0.000,0.000,0.000,0.000,0.590,3.076,0.000,0.600,0.500,0.000,0.000,1.000,0.000,0.000,1.000,0.000
2025-07-14 12:56:32.090726,5055,126.62224470,45.80090350,-78.448,3.399,26.631,0.004,-15.814,-0.585,-90.000,1.300,0.000,0.000,0.000,0.000,0.582,3.076,0.000,0.600,0.500,0.000,0.000,1.000,0.000,0.000,1.000,0.000
2025-07-14 12:56:32.200843,4355,126.62224400,45.80090350,-78.084,3.368,26.631,0.143,-15.868,-0.523,-90.000,1.300,0.000,0.000,0.000,0.000,0.569,3.076,0.000,0.600,0.500,0.000,0.000,1.000,0.000,0.000,1.000,0.000
2025-07-14 12:56:32.310962,3675,126.62224330,45.80090360,-77.773,3.276,26.642,0.069,-15.923,-0.553,-90.000,1.300,0.000,0.000,0.000,0.000,0.561,3.076,0.000,0.600,0.500,0.000,0.000,1.000,0.000,0.000,1.000,0.000
2025-07-14 12:56:32.421052,2975,126.62224260,45.80090360,-77.348,3.330,26.642,0.075,-15.977,-0.534,-90.000,1.300,0.000,0.000,0.000,0.000,0.546,3.076,0.000,0.600,0.500,0.000,0.000,1.000,0.000,0.000,1.000,0.000
2025-07-14 12:56:32.531163,2375,126.62224200,45.80090360,-76.942,3.434,26.642,0.042,-16.023,-0.550,-90.000,1.300,0.000,0.000,0.000,0.000,0.549,3.076,0.000,0.600,0.500,0.000,0.000,1.000,0.000,0.000,1.000,0.000
2025-07-14 12:56:32.641262,1575,126.62224120,45.80090360,-76.502,3.512,26.642,0.030,-16.085,-0.564,-90.000,1.300,0.000,0.000,0.000,0.000,0.552,3.076,0.000,0.600,0.500,0.000,0.000,1.000,0.000,0.000,1.000,0.000
2025-07-14 12:56:32.751376,875,126.62224050,45.80090360,-76.142,3.442,26.642,0.020,-16.140,-0.578,-90.000,1.300,0.000,0.000,0.000,0.000,0.565,3.076,0.000,0.600,0.500,0.000,0.000,1.000,0.000,0.000,1.000,0.000
2025-07-14 12:56:32.861474,175,126.62223980,45.80090360,-75.852,3.337,26.642,0.036,-16.194,-0.520,-90.000,1.300,0.000,0.000,0.000,0.000,0.555,3.076,0.000,0.600,0.500,0.000,0.000,1.000,0.000,0.000,1.000,0.000
2025-07-14 12:56:32.971583,9485,126.62223910,45.80090370,-75.507,3.341,26.653,-0.027,-16.248,-0.604,-90.000,1.300,0.000,0.000,0.000,0.000,0.568,3.076,0.000,0.600,0.500,0.000,0.000,1.000,0.000,0.000,1.000,0.000
2025-07-14 12:56:33.081663,8885,126.62223850,45.80090370,-75.155,3.300,26.653,-0.024,-16.295,-0.593,-90.000,1.300,0.000,0.000,0.000,0.000,0.573,3.076,0.000,0.600,0.500,0.000,0.000,1.000,0.000,0.000,1.000,0.000
2025-07-14 12:56:33.191795,8185,126.62223780,45.80090370,-74.732,3.375,26.653,0.014,-16.349,-0.537,-90.000,1.300,0.000,0.000,0.000,0.000,0.578,3.076,0.000,0.600,0.500,0.000,0.000,1.000,0.000,0.000,1.000,0.000
2025-07-14 12:56:33.301892,7595,126.62223720,45.80090380,-74.413,3.334,26.665,0.002,-16.396,-0.548,-90.000,1.300,0.000,0.000,0.000,0.000,0.560,3.076,0.000,0.600,0.500,0.000,0.000,1.000,0.000,0.000,1.000,0.000
2025-07-14 12:56:33.411997,6795,126.62223640,45.80090380,-74.110,3.327,26.665,0.007,-16.458,-0.563,-90.000,1.300,0.000,0.000,0.000,0.000,0.549,3.076,0.000,0.600,0.500,0.000,0.000,1.000,0.000,0.000,1.000,0.000
2025-07-14 12:56:33.522097,6195,126.62223580,45.80090380,-73.798,3.221,26.665,0.082,-16.504,-0.535,-90.000,1.300,0.000,0.000,0.000,0.000,0.551,3.076,0.000,0.600,0.500,0.000,0.000,1.000,0.000,0.000,1.000,0.000
2025-07-14 12:56:33.632208,5635,126.62223520,45.80090420,-73.435,3.186,26.709,0.097,-16.551,-0.544,-90.000,1.300,0.000,0.000,0.000,0.000,0.552,3.076,0.000,0.600,0.500,0.000,0.000,1.000,0.000,0.000,1.000,0.000
2025-07-14 12:56:33.742378,5065,126.62223460,45.80090450,-73.204,2.996,26.742,0.103,-16.597,-0.548,-90.000,1.300,0.000,0.000,0.000,0.000,0.550,3.076,0.000,0.600,0.500,0.000,0.000,1.000,0.000,0.000,1.000,0.000
2025-07-14 12:56:33.852414,4395,126.62223390,45.80090480,-73.303,2.578,26.776,-0.002,-16.651,-0.518,-90.000,1.300,0.000,0.000,0.000,0.000,0.543,3.076,0.000,0.600,0.500,0.000,0.000,1.000,0.000,0.000,1.000,0.000
2025-07-14 12:56:33.962517,3905,126.62223340,45.80090490,-73.019,2.573,26.787,0.091,-16.690,-0.468,-90.000,1.300,0.000,0.000,0.000,0.000,0.517,3.076,0.000,0.600,0.500,0.000,0.000,1.000,0.000,0.000,1.000,0.000
2025-07-14 12:56:34.072600,3322,126.62223280,45.80090510,-72.632,2.611,26.809,0.074,-16.737,-0.484,-90.000,1.300,0.000,0.000,0.000,0.000,0.495,3.076,0.000,0.600,0.500,0.000,0.000,1.000,0.000,0.000,1.000,0.000
2025-07-14 12:56:34.182720,2732,126.62223220,45.80090520,-72.393,2.508,26.820,0.034,-16.783,-0.469,-90.000,1.300,0.000,0.000,0.000,0.000,0.479,3.076,0.000,0.600,0.500,0.000,0.000,1.000,0.000,0.000,1.000,0.000
2025-07-14 12:56:34.292831,2052,126.62223150,45.80090540,-72.261,2.244,26.842,0.061,-16.837,-0.478,-90.000,1.300,0.000,0.000,0.000,0.000,0.481,3.076,0.000,0.600,0.500,0.000,0.000,1.000,0.000,0.000,1.000,0.000
2025-07-14 12:56:34.402937,1572,126.62223100,45.80090560,-72.136,2.067,26.865,0.017,-16.876,-0.494,-90.000,1.300,0.000,0.000,0.000,0.000,0.482,3.076,0.000,0.600,0.500,0.000,0.000,1.000,0.000,0.000,1.000,0.000
2025-07-14 12:56:34.513126,882,126.62223030,45.80090570,-71.844,2.057,26.876,0.056,-16.930,-0.441,-90.000,1.300,0.000,0.000,0.000,0.000,0.474,3.076,0.000,0.600,0.500,0.000,0.000,1.000,0.000,0.000,1.000,0.000
2025-07-14 12:56:34.623161,392,126.62222980,45.80090580,-71.538,2.052,26.887,0.035,-16.969,-0.454,-90.000,1.300,0.000,0.000,0.000,0.000,0.465,3.076,0.000,0.600,0.500,0.000,0.000,1.000,0.000,0.000,1.000,0.000
2025-07-14 12:56:34.733254,9692,126.62222910,45.80090590,-71.281,1.956,26.898,0.022,-17.023,-0.484,-90.000,1.300,0.000,0.000,-4.000,0.000,0.461,3.076,0.000,0.600,0.500,0.000,0.000,1.000,0.000,0.000,1.000,0.000
2025-07-14 12:56:34.843357,9022,126.62222840,45.80090610,-71.102,1.908,26.920,0.088,-17.078,-0.456,-90.000,1.300,0.000,0.000,-4.000,0.000,0.468,3.076,0.000,0.600,0.500,0.000,0.000,1.000,0.000,0.000,1.000,0.000
2025-07-14 12:56:34.953448,8642,126.62222800,45.80090630,-70.974,2.115,26.943,0.079,-17.109,-0.472,-90.000,1.300,0.000,0.000,-4.000,0.000,0.476,3.076,0.000,0.600,0.500,0.000,0.000,1.000,0.000,0.000,1.000,0.000
2025-07-14 12:56:35.063557,8062,126.62222740,45.80090650,-70.802,2.013,26.965,0.088,-17.155,-0.453,-90.000,1.300,0.000,0.000,-4.000,0.000,0.468,3.076,0.000,0.600,0.500,0.000,0.000,1.000,0.000,0.000,1.000,0.000
2025-07-14 12:56:35.173659,7682,126.62222700,45.80090670,-70.649,1.800,26.987,0.051,-17.186,-0.441,-90.000,1.300,0.000,0.000,-4.000,0.000,0.461,3.076,0.000,0.600,0.500,0.000,0.000,1.000,0.000,0.000,1.000,0.000
2025-07-14 12:56:35.283770,7102,126.62222640,45.80090690,-70.451,1.763,27.009,0.035,-17.233,-0.447,-90.000,1.300,0.000,0.000,-4.000,0.000,0.451,3.076,0.000,0.600,0.500,0.000,0.000,1.000,0.000,0.000,1.000,0.000
2025-07-14 12:56:35.393870,6712,126.62222600,45.80090700,-70.212,1.860,27.020,0.030,-17.264,-0.439,-90.000,1.300,0.000,0.000,-4.000,0.000,0.444,3.076,0.000,0.600,0.500,0.000,0.000,1.000,0.000,0.000,1.000,0.000
2025-07-14 12:56:35.503992,6142,126.62222540,45.80090730,-69.914,2.017,27.054,0.102,-17.310,-0.399,-90.000,1.300,0.000,0.000,-4.000,0.000,0.433,3.076,0.000,0.600,0.500,0.000,0.000,1.000,0.000,0.000,1.000,0.000
2025-07-14 12:56:35.614065,5702,126.62222490,45.80090790,-69.693,1.953,27.120,0.117,-17.349,-0.428,-90.000,1.300,0.000,0.000,-4.000,0.000,0.432,3.076,0.000,0.600,0.500,0.000,0.000,1.000,0.000,0.000,1.000,0.000
2025-07-14 12:56:35.724195,5182,126.62222430,45.80090870,-69.524,1.830,27.209,0.114,-17.396,-0.465,-90.000,1.300,0.000,0.000,-4.000,0.000,0.445,3.076,0.000,0.600,0.500,0.000,0.000,1.000,0.000,0.000,1.000,0.000
2025-07-14 12:56:35.834337,4752,126.62222380,45.80090940,-68.741,2.308,27.287,0.018,-17.434,-0.366,-90.000,1.300,0.000,0.000,-4.000,0.000,0.430,3.076,0.000,0.600,0.500,0.000,0.000,1.000,0.000,0.000,1.000,0.000
2025-07-14 12:56:35.944394,4389,126.62222340,45.80090980,-68.505,2.360,27.332,0.094,-17.465,-0.338,-90.000,1.300,0.000,0.000,-4.000,0.000,0.399,3.076,0.000,0.600,0.500,0.000,0.000,1.000,0.000,0.000,1.000,0.000
2025-07-14 12:56:36.054496,4119,126.62222310,45.80091010,-68.277,2.450,27.365,0.100,-17.489,-0.339,-90.000,1.300,0.000,0.000,-4.000,0.000,0.357,3.076,0.000,0.600,0.500,0.000,0.000,1.000,0.000,0.000,1.000,0.000
2025-07-14 12:56:36.164594,3749,126.62222270,45.80091040,-68.047,2.503,27.398,0.008,-17.520,-0.289,-90.000,1.300,0.000,0.000,-4.000,0.000,0.331,3.023,0.000,0.600,0.500,0.000,0.000,1.000,0.000,0.000,1.000,0.000
2025-07-14 12:56:36.274707,3379,126.62222230,45.80091070,-67.848,2.545,27.432,0.008,-17.551,-0.293,-90.000,1.300,0.000,0.000,-4.000,0.000,0.312,3.023,0.000,0.600,0.500,0.000,0.000,1.000,0.000,0.000,1.000,0.000
2025-07-14 12:56:36.384810,3006,126.62222190,45.80091100,-67.545,2.640,27.465,-0.006,-17.582,-0.316,-90.000,1.300,0.000,0.000,-4.000,0.000,0.299,3.023,0.000,0.600,0.500,0.000,0.000,1.000,0.000,0.000,1.000,0.000
2025-07-14 12:56:36.494910,2629,126.62222150,45.80091120,-67.236,2.704,27.487,-0.019,-17.613,-0.321,-90.000,1.300,0.000,0.000,-4.000,0.000,0.310,3.023,0.000,0.600,0.500,0.000,0.000,1.000,0.000,0.000,1.000,0.000
2025-07-14 12:56:36.605079,2239,126.62222110,45.80091140,-66.869,2.767,27.510,0.062,-17.644,-0.256,-90.000,1.300,0.000,0.000,-4.000,0.000,0.300,3.076,0.000,0.600,0.500,0.000,0.000,1.000,0.000,0.000,1.000,0.000
2025-07-14 12:56:36.715133,1766,126.62222060,45.80091160,-66.612,2.797,27.532,0.089,-17.682,-0.287,-90.000,1.300,0.000,0.000,-4.000,0.000,0.295,3.076,0.000,0.600,0.500,0.000,0.000,1.000,0.000,0.000,1.000,0.000
2025-07-14 12:56:36.825228,1286,126.62222010,45.80091180,-66.459,2.784,27.554,-0.030,-17.721,-0.266,-90.000,1.300,0.000,0.000,-4.000,0.000,0.277,3.076,0.000,0.600,0.500,0.000,0.000,1.000,0.000,0.000,1.000,0.000
2025-07-14 12:56:36.935343,986,126.62221980,45.80091180,-66.247,2.265,27.554,-0.025,-17.744,-0.206,-90.000,1.300,0.000,0.000,-4.000,0.000,0.259,3.076,0.000,0.600,0.500,0.000,0.000,1.000,0.000,0.000,1.000,0.000
2025-07-14 12:56:37.045436,786,126.62221960,45.80091180,-65.965,2.307,27.554,-0.042,-17.760,-0.205,-90.000,1.300,0.000,0.000,-4.000,0.000,0.228,3.076,0.000,0.600,0.500,0.000,0.000,1.000,0.000,0.000,1.000,0.000
2025-07-14 12:56:37.155535,493,126.62221930,45.80091190,-65.578,2.452,27.565,-0.014,-17.783,-0.138,-90.000,1.300,0.000,0.000,-4.000,0.000,0.185,3.076,0.000,0.600,0.500,0.000,0.000,1.000,0.000,0.000,1.000,0.000
2025-07-14 12:56:37.265638,193,126.62221900,45.80091190,-65.330,2.468,27.565,0.003,-17.806,-0.169,-90.000,1.300,0.000,0.000,-4.000,0.000,0.172,3.076,0.000,0.600,0.500,0.000,0.000,1.000,0.000,0.000,1.000,0.000
2025-07-14 12:56:37.375805,9793,126.62221860,45.80091190,-65.188,2.416,27.565,-0.098,-17.837,-0.156,-90.000,1.300,0.000,0.000,-4.000,0.000,0.164,3.076,0.000,0.600,0.500,0.000,0.000,1.000,0.000,0.000,1.000,0.000
2025-07-14 12:56:37.485859,9493,126.62221830,45.80091190,-65.025,2.289,27.565,-0.116,-17.861,-0.151,-90.000,1.300,0.000,0.000,-4.000,0.000,0.181,3.076,0.000,0.600,0.500,0.000,0.000,1.000,0.000,0.000,1.000,0.000
2025-07-14 12:56:37.595957,9093,126.62221790,45.80091190,-64.623,2.373,27.565,-0.062,-17.892,-0.118,-90.000,1.300,0.000,0.000,-4.000,0.000,0.169,3.076,0.000,0.600,0.500,0.000,0.000,1.000,0.000,0.000,1.000,0.000
2025-07-14 12:56:37.706063,8793,126.62221760,45.80091190,-64.248,2.381,27.565,-0.043,-17.915,-0.155,-90.000,1.300,0.000,0.000,-4.000,0.000,0.162,3.076,0.000,0.600,0.500,0.000,0.000,1.000,0.000,0.000,1.000,0.000
2025-07-14 12:56:37.816181,8293,126.62221710,45.80091200,-64.010,2.364,27.576,-0.074,-17.954,-0.029,-90.000,1.300,0.000,0.000,-4.000,0.000,0.125,3.076,0.000,0.600,0.500,0.000,0.000,1.000,0.000,0.000,1.000,0.000
2025-07-14 12:56:37.926362,8393,126.62221720,45.80091190,-63.933,2.294,27.565,-0.093,-17.946,-0.011,-90.000,1.300,0.000,0.000,-4.000,0.000,0.111,3.076,0.000,0.600,0.500,0.000,0.000,1.000,0.000,0.000,1.000,0.000
2025-07-14 12:56:38.036365,8490,126.62221730,45.80091190,-63.739,2.278,27.565,-0.119,-17.938,-0.007,-90.000,1.300,0.000,0.000,-4.000,0.000,0.097,3.076,0.000,0.600,0.500,0.000,0.000,1.000,0.000,0.000,1.000,0.000
2025-07-14 12:56:38.146468,8583,126.62221740,45.80091180,-63.474,2.263,27.554,-0.156,-17.930,0.036,-90.000,1.300,0.000,0.000,-4.000,0.000,0.124,3.076,0.000,0.600,0.500,0.000,0.000,1.000,0.000,0.000,1.000,0.000
2025-07-14 12:56:38.256577,8663,126.62221750,45.80091160,-63.270,2.096,27.532,-0.137,-17.923,-0.001,-90.000,1.300,0.000,0.000,-4.000,0.000,0.139,3.076,0.000,0.600,0.500,0.000,0.000,1.000,0.000,0.000,1.000,0.000
2025-07-14 12:56:38.366694,8663,126.62221750,45.80091160,-63.247,1.892,27.532,-0.090,-17.923,0.064,-90.000,1.300,0.000,0.000,-4.000,0.000,0.136,3.076,0.000,0.600,0.500,0.000,0.000,1.000,0.000,0.000,1.000,0.000
2025-07-14 12:56:38.476784,8553,126.62221740,45.80091150,-63.234,1.774,27.521,-0.078,-17.930,0.050,-90.000,1.300,0.000,0.000,-4.000,0.000,0.113,3.076,0.000,0.600,0.500,0.000,0.000,1.000,0.000,0.000,1.000,0.000
2025-07-14 12:56:38.586885,8533,126.62221740,45.80091140,-63.096,1.752,27.510,-0.178,-17.930,0.117,-90.000,1.300,0.000,0.000,-4.000,0.000,0.139,3.076,0.000,0.600,0.500,0.000,0.000,1.000,0.000,0.000,1.000,0.000
2025-07-14 12:56:38.697072,8533,126.62221740,45.80091130,-62.894,1.570,27.499,-0.184,-17.930,0.107,-90.000,1.300,0.000,0.000,-4.000,0.000,0.173,3.076,0.000,0.600,0.500,0.000,0.000,1.000,0.000,0.000,1.000,0.000
2025-07-14 12:56:38.807110,8426,126.62221730,45.80091120,-62.747,1.361,27.487,-0.183,-17.938,0.091,-90.000,1.300,0.000,0.000,-4.000,0.000,0.210,3.076,0.000,0.600,0.500,0.000,0.000,1.000,0.000,0.000,1.000,0.000
2025-07-14 12:56:38.917220,8706,126.62221760,45.80091100,-62.658,1.228,27.465,-0.143,-17.915,0.170,-90.000,1.300,0.000,0.000,-4.000,0.000,0.213,3.076,0.000,0.600,0.500,0.000,0.000,1.000,0.000,0.000,1.000,0.000
2025-07-14 12:56:39.027323,9096,126.62221800,45.80091090,-62.571,1.237,27.454,-0.144,-17.884,0.151,-90.000,1.300,0.000,0.000,-4.000,0.000,0.212,3.076,0.000,0.600,0.500,0.000,0.000,1.000,0.000,0.000,1.000,0.000
2025-07-14 12:56:39.137417,9376,126.62221830,45.80091070,-62.494,1.131,27.432,-0.189,-17.861,0.214,-90.000,1.300,0.000,0.000,-4.000,0.000,0.239,3.076,0.000,0.600,0.500,0.000,0.000,1.000,0.000,0.000,1.000,0.000
2025-07-14 12:56:39.247532,9656,126.62221860,45.80091050,-62.444,0.935,27.410,-0.194,-17.837,0.209,-90.000,1.300,0.000,0.000,-4.000,0.000,0.260,3.076,0.000,0.600,0.500,0.000,0.000,1.000,0.000,0.000,1.000,0.000
2025-07-14 12:56:39.357627,9836,126.62221880,45.80091030,-62.415,0.776,27.387,-0.206,-17.822,0.255,-90.000,1.300,0.000,0.000,-4.000,0.000,0.299,3.076,0.000,0.600,0.500,0.000,0.000,1.000,0.000,0.000,1.000,0.000
2025-07-14 12:56:39.467739,219,126.62221920,45.80091010,-62.372,0.794,27.365,-0.223,-17.791,0.289,-90.000,1.300,0.000,0.000,-4.000,0.000,0.326,3.076,0.000,0.600,0.500,0.000,0.000,1.000,0.000,0.000,1.000,0.000
2025-07-14 12:56:39.577833,499,126.62221950,45.80090990,-62.177,0.960,27.343,-0.338,-17.768,0.375,-90.000,1.300,0.000,0.000,-4.000,0.000,0.399,3.076,0.000,0.600,0.500,0.000,0.000,1.000,0.000,0.000,1.000,0.000
2025-07-14 12:56:39.687920,1255,126.62222030,45.80090940,-60.992,1.912,27.287,-0.505,-17.706,0.566,-90.000,1.300,0.000,0.000,-4.000,0.000,0.543,3.076,0.000,0.600,0.500,0.000,0.000,1.000,0.000,0.000,1.000,0.000
2025-07-14 12:56:39.798043,1918,126.62222100,45.80090900,-60.206,2.442,27.243,-0.418,-17.651,0.480,-90.000,1.300,0.000,0.000,-4.000,0.000,0.633,3.076,0.000,0.600,0.500,0.000,0.000,1.000,0.000,0.000,1.000,0.000
2025-07-14 12:56:39.908150,2665,126.62222180,45.80090850,-59.404,3.033,27.187,0.025,-17.589,0.137,-90.000,1.300,0.000,0.000,-4.000,0.000,0.511,3.076,0.000,0.600,0.500,0.000,0.000,1.000,0.000,0.000,1.000,0.000
2025-07-14 12:56:40.018255,3219,126.62222240,45.80090810,-58.498,3.775,27.143,0.012,-17.543,0.156,-90.000,1.300,0.000,0.000,-4.000,0.000,0.311,3.076,0.000,0.600,0.500,0.000,0.000,1.000,0.000,0.000,1.000,0.000
2025-07-14 12:56:40.128393,3883,126.62222310,45.80090780,-57.331,4.757,27.109,-0.102,-17.489,0.206,-90.000,1.300,0.000,0.000,-4.000,0.000,0.175,2.865,0.000,0.600,0.500,0.000,0.000,1.000,0.000,0.000,1.000,0.000
2025-07-14 12:56:40.238473,4456,126.62222370,45.80090750,-56.238,5.681,27.076,-0.099,-17.442,0.208,-90.000,1.300,0.000,0.000,-4.000,0.000,0.206,2.865,0.000,0.600,0.500,0.000,0.000,1.000,0.000,0.000,1.000,0.000
2025-07-14 12:56:40.348567,5216,126.62222450,45.80090710,-55.017,6.745,27.031,-0.097,-17.380,0.225,-90.000,1.300,0.000,0.000,-4.000,0.000,0.235,2.865,0.000,0.600,0.500,0.000,0.000,1.000,0.000,0.000,1.000,0.000
2025-07-14 12:56:40.468681,5796,126.62222510,45.80090690,-53.884,7.663,27.009,-0.105,-17.334,0.224,-90.000,1.300,0.000,0.000,-4.000,0.000,0.241,2.865,0.000,0.600,0.500,0.000,0.000,1.000,0.000,0.000,1.000,0.000
2025-07-14 12:56:40.578789,6556,126.62222590,45.80090650,-52.398,8.975,26.965,-0.061,-17.272,0.223,-90.000,1.300,0.000,0.000,0.000,0.000,0.241,2.865,0.000,0.600,0.500,0.000,0.000,1.000,0.000,0.000,1.000,0.000
2025-07-14 12:56:40.688884,7236,126.62222660,45.80090630,-51.243,9.848,26.943,-0.069,-17.217,0.231,-90.000,1.300,0.000,0.000,0.000,0.000,0.240,2.865,0.000,0.600,0.500,0.000,0.000,1.000,0.000,0.000,1.000,0.000
2025-07-14 12:56:40.799000,7906,126.62222730,45.80090600,-49.915,9.978,26.909,-0.085,-17.163,0.243,-90.000,1.300,0.000,0.000,0.000,0.000,0.243,2.865,0.000,0.600,0.500,0.000,0.000,1.000,0.000,0.000,1.000,0.000
2025-07-14 12:56:40.909101,8416,126.62222780,45.80090610,-48.802,10.266,26.920,-0.067,-17.124,0.217,-90.000,1.300,0.000,0.000,0.000,0.000,0.242,2.865,0.000,0.600,0.500,0.000,0.000,1.000,0.000,0.000,1.000,0.000
2025-07-14 12:56:41.019206,8936,126.62222830,45.80090630,-47.502,10.725,26.943,-0.093,-17.085,0.230,-90.000,1.300,0.000,0.000,0.000,0.000,0.244,2.865,0.000,0.600,0.500,0.000,0.000,1.000,0.000,0.000,1.000,0.000
2025-07-14 12:56:41.129326,9346,126.62222870,45.80090640,-46.329,10.968,26.954,-0.073,-17.054,0.229,-90.000,1.300,0.000,0.000,0.000,0.000,0.239,2.865,0.000,0.600,0.500,0.000,0.000,1.000,0.000,0.000,1.000,0.000
2025-07-14 12:56:41.249430,9866,126.62222920,45.80090660,-45.015,11.002,26.976,-0.063,-17.016,0.249,-90.000,1.300,0.000,0.000,0.000,0.000,0.248,2.865,0.000,0.600,0.500,0.000,0.000,1.000,0.000,0.000,1.000,0.000
2025-07-14 12:56:41.369535,966,126.62223030,45.80090660,-43.824,11.001,26.976,-0.111,-16.930,0.174,-90.000,1.300,0.000,0.000,0.000,0.000,0.235,2.865,0.000,0.600,0.500,0.000,0.000,1.000,0.000,0.000,1.000,0.000
2025-07-14 12:56:41.489648,2476,126.62223180,45.80090670,-42.775,10.765,26.987,-0.117,-16.814,0.162,-90.000,1.300,0.000,0.000,0.000,0.000,0.221,2.865,0.000,0.600,0.500,0.000,0.000,1.000,0.000,0.000,1.000,0.000
2025-07-14 12:56:41.609757,3783,126.62223310,45.80090680,-41.781,10.649,26.998,-0.003,-16.713,0.183,-90.000,1.300,0.000,0.000,0.000,0.000,0.196,2.865,0.000,0.600,0.500,0.000,0.000,1.000,0.000,0.000,1.000,0.000
2025-07-14 12:56:41.729887,5183,126.62223450,45.80090680,-40.649,10.241,26.998,0.008,-16.605,0.211,-90.000,1.300,0.000,0.000,0.000,0.000,0.198,2.865,0.000,0.600,0.500,0.000,0.000,1.000,0.000,0.000,1.000,0.000
2025-07-14 12:56:41.849997,6393,126.62223570,45.80090690,-39.683,9.996,27.009,-0.028,-16.512,0.180,-90.000,1.300,0.000,0.000,0.000,0.000,0.192,2.865,0.000,0.600,0.500,0.000,0.000,1.000,0.000,0.000,1.000,0.000
2025-07-14 12:56:41.970101,7103,126.62223640,45.80090700,-38.712,9.592,27.020,-0.125,-16.458,0.099,-90.000,1.300,0.000,0.000,0.000,0.000,0.184,2.865,0.000,0.600,0.500,0.000,0.000,1.000,0.000,0.000,1.000,0.000
2025-07-14 12:56:42.090203,7703,126.62223700,45.80090700,-37.736,9.402,27.020,-0.136,-16.411,0.100,-90.000,1.300,0.000,0.000,0.000,0.000,0.170,2.865,0.000,0.600,0.500,0.000,0.000,1.000,0.000,0.000,1.000,0.000
2025-07-14 12:56:42.200326,8313,126.62223760,45.80090710,-36.753,9.114,27.031,-0.083,-16.365,0.133,-90.000,1.300,0.000,0.000,0.000,0.000,0.162,2.865,0.000,0.600,0.500,0.000,0.000,1.000,0.000,0.000,1.000,0.000
2025-07-14 12:56:42.310438,8803,126.62223810,45.80090700,-35.797,8.917,27.020,-0.073,-16.326,0.095,-90.000,1.300,0.000,0.000,0.000,0.000,0.148,2.865,0.000,0.600,0.500,0.000,0.000,1.000,0.000,0.000,1.000,0.000
2025-07-14 12:56:42.420538,8963,126.62223830,45.80090660,-34.921,8.618,26.976,-0.074,-16.310,0.101,-90.000,1.300,0.000,0.000,0.000,0.000,0.134,2.865,0.000,0.600,0.500,0.000,0.000,1.000,0.000,0.000,1.000,0.000
2025-07-14 12:56:42.530642,9233,126.62223860,45.80090630,-34.199,8.282,26.943,-0.045,-16.287,0.082,-90.000,1.300,0.000,0.000,0.000,0.000,0.113,2.865,0.000,0.600,0.500,0.000,0.000,1.000,0.000,0.000,1.000,0.000
2025-07-14 12:56:42.640741,9753,126.62223910,45.80090650,-33.354,8.176,26.965,-0.044,-16.248,0.095,-90.000,1.300,0.000,0.000,0.000,0.000,0.108,2.865,0.000,0.600,0.500,0.000,0.000,1.000,0.000,0.000,1.000,0.000
2025-07-14 12:56:42.750857,263,126.62223960,45.80090660,-32.563,8.067,26.976,-0.035,-16.209,0.113,-90.000,1.300,0.000,0.000,0.000,0.000,0.106,2.865,0.000,0.600,0.500,0.000,0.000,1.000,0.000,0.000,1.000,0.000
2025-07-14 12:56:42.860955,773,126.62224010,45.80090670,-31.153,8.405,26.987,-0.032,-16.171,0.080,-90.000,1.300,0.000,0.000,0.000,0.000,0.103,2.865,0.000,0.600,0.500,0.000,0.000,1.000,0.000,0.000,1.000,0.000
2025-07-14 12:56:42.971054,973,126.62224030,45.80090670,-30.393,8.291,26.987,-0.090,-16.155,0.047,-90.000,1.300,0.000,0.000,0.000,0.000,0.102,2.865,0.000,0.600,0.500,0.000,0.000,1.000,0.000,0.000,1.000,0.000
2025-07-14 12:56:43.081145,1183,126.62224050,45.80090680,-29.515,8.280,26.998,-0.124,-16.140,0.048,-90.000,1.300,0.000,0.000,0.000,0.000,0.107,2.865,0.000,0.600,0.500,0.000,0.000,1.000,0.000,0.000,1.000,0.000
2025-07-14 12:56:43.191252,1283,126.62224060,45.80090680,-28.676,8.229,26.998,-0.080,-16.132,0.004,-90.000,1.300,0.000,0.000,0.000,0.000,0.105,2.865,0.000,0.600,0.500,0.000,0.000,1.000,0.000,0.000,1.000,0.000
2025-07-14 12:56:43.301377,1370,126.62224070,45.80090670,-27.736,8.190,26.987,-0.025,-16.124,0.030,-90.000,1.300,0.000,0.000,0.000,0.000,0.084,2.865,0.000,0.600,0.500,0.000,0.000,1.000,0.000,0.000,1.000,0.000
2025-07-14 12:56:43.411472,1480,126.62224080,45.80090680,-27.010,7.981,26.998,0.007,-16.116,0.039,-90.000,1.300,0.000,0.000,0.000,0.000,0.053,2.865,0.000,0.600,0.500,0.000,0.000,1.000,0.000,0.000,1.000,0.000
2025-07-14 12:56:43.521960,1680,126.62224100,45.80090680,-26.295,7.835,26.998,-0.043,-16.101,0.011,-90.000,1.300,0.000,0.000,0.000,0.000,0.041,2.865,0.000,0.600,0.500,0.000,0.000,1.000,0.000,0.000,1.000,0.000
2025-07-14 12:56:43.632061,1780,126.62224110,45.80090680,-25.694,7.725,26.998,-0.047,-16.093,0.013,-90.000,1.300,0.000,0.000,0.000,0.000,0.044,2.865,0.000,0.600,0.500,0.000,0.000,1.000,0.000,0.000,1.000,0.000
2025-07-14 12:56:43.742153,1880,126.62224120,45.80090680,-24.943,7.633,26.998,-0.081,-16.085,0.012,-90.000,1.300,0.000,0.000,0.000,0.000,0.058,2.865,0.000,0.600,0.500,0.000,0.000,1.000,0.000,0.000,1.000,0.000
2025-07-14 12:56:43.852250,1880,126.62224120,45.80090680,-24.208,7.582,26.998,-0.038,-16.085,-0.040,-90.000,1.300,0.000,0.000,0.000,0.000,0.062,2.865,0.000,0.600,0.500,0.000,0.000,1.000,0.000,0.000,1.000,0.000
2025-07-14 12:56:43.962361,1780,126.62224110,45.80090680,-23.350,7.080,26.998,-0.024,-16.093,-0.006,-90.000,1.300,0.000,0.000,0.000,0.000,0.054,2.865,0.000,0.600,0.500,0.000,0.000,1.000,0.000,0.000,1.000,0.000
2025-07-14 12:56:44.072459,1680,126.62224100,45.80090680,-22.658,7.018,26.998,-0.016,-16.101,-0.001,-90.000,1.300,0.000,0.000,0.000,0.000,0.032,2.865,0.000,0.600,0.500,0.000,0.000,1.000,0.000,0.000,1.000,0.000
2025-07-14 12:56:44.182678,1580,126.62224090,45.80090680,-21.911,6.907,26.998,-0.045,-16.109,-0.014,-90.000,1.300,0.000,0.000,0.000,0.000,0.029,2.865,0.000,0.600,0.500,0.000,0.000,1.000,0.000,0.000,1.000,0.000
2025-07-14 12:56:44.292695,1490,126.62224080,45.80090690,-21.205,6.786,27.009,-0.061,-16.116,-0.049,-90.000,1.300,0.000,0.000,0.000,0.000,0.047,2.865,0.000,0.600,0.500,0.000,0.000,1.000,0.000,0.000,1.000,0.000
2025-07-14 12:56:44.402775,1390,126.62224070,45.80090690,-20.640,6.445,27.009,-0.054,-16.124,-0.054,-90.000,1.300,0.000,0.000,0.000,0.000,0.067,2.865,0.000,0.600,0.500,0.000,0.000,1.000,0.000,0.000,1.000,0.000
2025-07-14 12:56:44.512893,1290,126.62224060,45.80090690,-20.046,6.325,27.009,-0.004,-16.132,-0.012,-90.000,1.300,0.000,0.000,0.000,0.000,0.056,2.865,0.000,0.600,0.500,0.000,0.000,1.000,0.000,0.000,1.000,0.000
2025-07-14 12:56:44.622966,1190,126.62224050,45.80090690,-19.494,6.177,27.009,-0.014,-16.140,0.001,-90.000,1.300,0.000,0.000,0.000,0.000,0.034,2.865,0.000,0.600,0.500,0.000,0.000,1.000,0.000,0.000,1.000,0.000
2025-07-14 12:56:44.733103,1090,126.62224040,45.80090690,-18.779,6.274,27.009,-0.034,-16.147,0.010,-90.000,1.300,0.000,0.000,0.000,0.000,0.021,2.865,0.000,0.600,0.500,0.000,0.000,1.000,0.000,0.000,1.000,0.000
2025-07-14 12:56:44.843171,990,126.62224030,45.80090690,-19.044,5.357,27.009,-0.065,-16.155,-0.076,-90.000,1.300,0.000,0.000,0.000,0.000,0.050,2.865,0.000,0.600,0.500,0.000,0.000,1.000,0.000,0.000,1.000,0.000
2025-07-14 12:56:44.953307,790,126.62224010,45.80090690,-18.298,5.367,27.009,0.001,-16.171,-0.073,-90.000,1.300,0.000,0.000,0.000,0.000,0.069,2.865,0.000,0.600,0.500,0.000,0.000,1.000,0.000,0.000,1.000,0.000
2025-07-14 12:56:45.063406,680,126.62224000,45.80090680,-17.727,5.106,26.998,0.019,-16.178,-0.080,-90.000,1.300,0.000,0.000,0.000,0.000,0.085,2.865,0.000,0.600,0.500,0.000,0.000,1.000,0.000,0.000,1.000,0.000
2025-07-14 12:56:45.173514,480,126.62223980,45.80090680,-17.196,4.960,26.998,-0.004,-16.194,-0.072,-90.000,1.300,0.000,0.000,0.000,0.000,0.076,2.865,0.000,0.600,0.500,0.000,0.000,1.000,0.000,0.000,1.000,0.000
2025-07-14 12:56:45.283611,380,126.62223970,45.80090680,-16.790,4.650,26.998,-0.004,-16.202,-0.063,-90.000,1.300,0.000,0.000,0.000,0.000,0.072,2.865,0.000,0.600,0.500,0.000,0.000,1.000,0.000,0.000,1.000,0.000
2025-07-14 12:56:45.393726,180,126.62223950,45.80090680,-16.275,4.476,26.998,0.012,-16.217,-0.055,-90.000,1.300,0.000,0.000,0.000,0.000,0.064,2.865,0.000,0.600,0.500,0.000,0.000,1.000,0.000,0.000,1.000,0.000
2025-07-14 12:56:45.504000,80,126.62223940,45.80090680,-15.729,4.459,26.998,-0.013,-16.225,-0.059,-90.000,1.300,0.000,0.000,0.000,0.000,0.060,2.865,0.000,0.600,0.500,0.000,0.000,1.000,0.000,0.000,1.000,0.000
2025-07-14 12:56:45.613930,9970,126.62223930,45.80090670,-15.037,4.548,26.987,-0.027,-16.233,-0.073,-90.000,1.300,0.000,0.000,0.000,0.000,0.065,2.865,0.000,0.600,0.500,0.000,0.000,1.000,0.000,0.000,1.000,0.000
2025-07-14 12:56:45.724039,9870,126.62223920,45.80090670,-14.482,4.551,26.987,-0.018,-16.241,-0.082,-90.000,1.300,0.000,0.000,0.000,0.000,0.074,2.865,0.000,0.600,0.500,0.000,0.000,1.000,0.000,0.000,1.000,0.000
2025-07-14 12:56:45.834133,9660,126.62223900,45.80090660,-13.976,4.362,26.976,0.038,-16.256,-0.057,-90.000,1.300,0.000,0.000,0.000,0.000,0.077,2.865,0.000,0.600,0.500,0.000,0.000,1.000,0.000,0.000,1.000,0.000
2025-07-14 12:56:45.944250,9570,126.62223890,45.80090670,-13.611,4.935,26.987,0.032,-16.264,-0.087,-90.000,1.300,0.000,0.000,0.000,0.000,0.082,2.865,0.000,0.600,0.500,0.000,0.000,1.000,0.000,0.000,1.000,0.000
2025-07-14 12:56:46.054340,9580,126.62223890,45.80090680,-13.169,4.659,26.998,0.030,-16.264,-0.076,-90.000,1.300,0.000,0.000,0.000,0.000,0.081,2.865,0.000,0.600,0.500,0.000,0.000,1.000,0.000,0.000,1.000,0.000
2025-07-14 12:56:46.164450,9490,126.62223880,45.80090690,-12.742,4.528,27.009,0.036,-16.272,-0.098,-90.000,1.300,0.000,0.000,0.000,0.000,0.093,2.760,0.000,0.600,0.500,0.000,0.000,1.000,0.000,0.000,1.000,0.000
2025-07-14 12:56:46.274624,9400,126.62223870,45.80090700,-12.245,4.497,27.020,0.011,-16.279,-0.110,-90.000,1.300,0.000,0.000,0.000,0.000,0.099,2.760,0.000,0.600,0.500,0.000,0.000,1.000,0.000,0.000,1.000,0.000
2025-07-14 12:56:46.384674,9303,126.62223860,45.80090700,-11.720,4.605,27.020,0.010,-16.287,-0.090,-90.000,1.300,0.000,0.000,0.000,0.000,0.102,2.760,0.000,0.600,0.500,0.000,0.000,1.000,0.000,0.000,1.000,0.000
2025-07-14 12:56:46.494752,9200,126.62223850,45.80090700,-11.222,4.589,27.020,0.013,-16.295,-0.081,-90.000,1.300,0.000,0.000,0.000,0.000,0.094,2.760,0.000,0.600,0.500,0.000,0.000,1.000,0.000,0.000,1.000,0.000
2025-07-14 12:56:46.604883,9100,126.62223840,45.80090700,-10.643,4.619,27.020,-0.001,-16.303,-0.097,-90.000,1.300,0.000,0.000,0.000,0.000,0.090,2.655,0.000,0.600,0.500,0.000,0.000,1.000,0.000,0.000,1.000,0.000
2025-07-14 12:56:46.714967,9010,126.62223830,45.80090710,-10.222,4.373,27.031,0.022,-16.310,-0.102,-90.000,1.300,0.000,0.000,0.000,0.000,0.094,2.655,0.000,0.600,0.500,0.000,0.000,1.000,0.000,0.000,1.000,0.000
2025-07-14 12:56:46.825073,8913,126.62223820,45.80090710,-9.899,4.162,27.031,0.022,-16.318,-0.118,-90.000,1.300,0.000,0.000,0.000,0.000,0.107,2.655,0.000,0.600,0.500,0.000,0.000,1.000,0.000,0.000,1.000,0.000
2025-07-14 12:56:46.935165,8723,126.62223800,45.80090720,-9.671,3.912,27.043,0.021,-16.334,-0.101,-90.000,1.300,0.000,0.000,0.000,0.000,0.109,2.655,0.000,0.600,0.500,0.000,0.000,1.000,0.000,0.000,1.000,0.000
2025-07-14 12:56:47.045276,8523,126.62223780,45.80090720,-9.317,3.902,27.043,-0.006,-16.349,-0.099,-90.000,1.300,0.000,0.000,0.000,0.000,0.107,2.655,0.000,0.600,0.500,0.000,0.000,1.000,0.000,0.000,1.000,0.000
2025-07-14 12:56:47.155387,8313,126.62223760,45.80090710,-8.846,3.928,27.031,0.043,-16.365,-0.096,-90.000,1.300,0.000,0.000,0.000,0.000,0.103,2.655,0.000,0.600,0.500,0.000,0.000,1.000,0.000,0.000,1.000,0.000
2025-07-14 12:56:47.265494,8113,126.62223740,45.80090710,-8.199,4.128,27.031,0.041,-16.380,-0.088,-90.000,1.300,0.000,0.000,0.000,0.000,0.100,2.655,0.000,0.600,0.500,0.000,0.000,1.000,0.000,0.000,1.000,0.000
2025-07-14 12:56:47.375671,7913,126.62223720,45.80090710,-7.681,4.147,27.031,0.066,-16.396,-0.109,-90.000,1.300,0.000,0.000,0.000,0.000,0.110,2.655,0.000,0.600,0.500,0.000,0.000,1.000,0.000,0.000,1.000,0.000
2025-07-14 12:56:47.485695,7713,126.62223700,45.80090710,-7.240,4.071,27.031,0.091,-16.411,-0.107,-90.000,1.300,0.000,0.000,0.000,0.000,0.122,2.655,0.000,0.600,0.500,0.000,0.000,1.000,0.000,0.000,1.000,0.000
2025-07-14 12:56:47.595920,7623,126.62223690,45.80090720,-6.975,3.859,27.043,0.012,-16.419,-0.103,-90.000,1.300,0.000,0.000,0.000,0.000,0.124,2.655,0.000,0.600,0.500,0.000,0.000,1.000,0.000,0.000,1.000,0.000
2025-07-14 12:56:47.705886,7423,126.62223670,45.80090720,-6.694,3.588,27.043,0.013,-16.434,-0.112,-90.000,1.300,0.000,0.000,0.000,0.000,0.119,2.655,0.000,0.600,0.500,0.000,0.000,1.000,0.000,0.000,1.000,0.000
2025-07-14 12:56:47.816008,7223,126.62223650,45.80090720,-6.413,3.461,27.043,-0.002,-16.450,-0.128,-90.000,1.300,0.000,0.000,0.000,0.000,0.115,2.655,0.000,0.600,0.500,0.000,0.000,1.000,0.000,0.000,1.000,0.000
2025-07-14 12:56:47.926098,6933,126.62223620,45.80090730,-6.008,3.532,27.054,-0.025,-16.473,-0.119,-90.000,1.300,0.000,0.000,0.000,0.000,0.121,2.655,0.000,0.600,0.500,0.000,0.000,1.000,0.000,0.000,1.000,0.000
2025-07-14 12:56:48.036208,6633,126.62223590,45.80090730,-5.574,3.721,27.054,-0.043,-16.496,-0.125,-90.000,1.300,0.000,0.000,0.000,0.000,0.127,2.655,0.000,0.600,0.500,0.000,0.000,1.000,0.000,0.000,1.000,0.000
2025-07-14 12:56:48.146320,6433,126.62223570,45.80090730,-5.066,3.861,27.054,0.030,-16.512,-0.074,-90.000,1.300,0.000,0.000,0.000,0.000,0.111,2.655,0.000,0.600,0.500,0.000,0.000,1.000,0.000,0.000,1.000,0.000
2025-07-14 12:56:48.256477,6230,126.62223550,45.80090730,-4.687,3.778,27.054,0.057,-16.527,-0.059,-90.000,1.300,0.000,0.000,0.000,0.000,0.098,2.655,0.000,0.600,0.500,0.000,0.000,1.000,0.000,0.000,1.000,0.000
2025-07-14 12:56:48.366662,6040,126.62223530,45.80090740,-4.335,3.509,27.065,0.082,-16.543,-0.096,0.000,1.300,0.000,0.000,0.000,0.000,0.096,2.655,0.000,0.600,0.500,0.000,0.000,1.000,0.000,0.000,1.000,0.000
2025-07-14 12:56:48.476639,5853,126.62223510,45.80090750,-4.032,3.314,27.076,0.080,-16.558,-0.094,0.000,1.300,0.000,7.824,6.307,0.009,0.111,2.655,0.000,0.600,0.500,0.000,0.000,1.000,0.000,0.000,1.000,0.000
2025-07-14 12:56:48.586735,5653,126.62223490,45.80090750,-3.794,3.129,27.076,0.018,-16.574,-0.165,0.000,1.300,0.000,6.165,6.511,0.009,0.139,3.181,0.000,0.600,0.500,0.000,0.000,1.000,0.000,0.000,1.000,0.000
2025-07-14 12:56:48.696851,5463,126.62223470,45.80090760,-3.491,3.164,27.087,0.005,-16.589,-0.191,0.000,1.300,0.000,5.974,6.710,0.009,0.160,3.181,0.000,0.600,0.500,0.000,0.000,1.000,0.000,0.000,1.000,-0.000
2025-07-14 12:56:48.806955,5163,126.62223440,45.80090760,-3.179,3.192,27.087,0.001,-16.613,-0.218,0.000,1.300,0.000,5.193,6.906,0.009,0.192,3.181,0.000,0.600,0.500,0.000,0.000,1.000,0.000,0.000,0.999,-0.000
2025-07-14 12:56:48.917058,4973,126.62223420,45.80090770,-2.794,3.287,27.098,-0.011,-16.628,-0.108,0.000,1.300,0.000,4.598,7.095,0.010,0.173,3.181,0.000,0.600,0.500,0.000,0.000,1.000,0.000,0.000,0.999,-0.001
2025-07-14 12:56:49.027161,4773,126.62223400,45.80090770,-2.489,3.197,27.098,-0.014,-16.644,-0.106,0.000,1.300,0.000,3.640,7.289,0.010,0.144,3.181,0.000,0.600,0.500,0.000,0.000,1.000,0.000,0.000,0.998,-0.001
2025-07-14 12:56:49.137261,4580,126.62223380,45.80090780,-2.179,3.084,27.109,0.023,-16.659,-0.067,0.000,1.300,0.000,3.382,7.487,0.010,0.095,6.497,0.000,0.600,0.500,0.000,0.000,1.000,0.000,0.000,0.998,-0.002
2025-07-14 12:56:49.247357,4480,126.62223370,45.80090780,-1.887,2.888,27.109,0.002,-16.667,-0.029,0.000,1.300,0.000,2.805,7.693,0.010,0.069,6.497,0.000,0.600,0.500,0.000,0.000,1.000,0.000,0.000,0.998,-0.002
2025-07-14 12:56:49.357465,4380,126.62223360,45.80090780,-1.553,2.847,27.109,0.045,-16.675,-0.181,0.000,1.300,0.000,2.345,7.904,0.010,0.095,6.497,0.000,0.600,0.500,0.000,0.000,1.000,0.000,0.000,0.997,-0.002
2025-07-14 12:56:49.467574,4383,126.62223360,45.80090780,-1.334,2.726,27.109,-0.019,-16.675,-0.193,0.000,1.300,0.000,1.591,8.110,0.010,0.137,6.497,0.000,0.600,0.500,0.000,0.000,1.000,0.000,0.000,0.997,-0.003
2025-07-14 12:56:49.587354,4176,126.62223340,45.80090770,-1.191,2.569,27.098,0.057,-16.690,-0.223,0.000,1.300,0.000,1.651,8.310,0.010,0.204,2.392,0.000,0.600,0.500,0.000,0.000,1.000,0.000,0.000,0.996,-0.003
2025-07-14 12:56:49.697546,3956,126.62223320,45.80090750,-1.032,2.498,27.076,-0.086,-16.706,-0.226,0.000,1.300,0.000,1.655,8.498,0.010,0.222,2.392,0.000,0.600,0.500,0.000,0.000,1.000,0.000,0.000,0.996,-0.003
2025-07-14 12:56:49.807555,3816,126.62223310,45.80090710,-0.757,2.472,27.031,-0.199,-16.713,-0.210,0.000,1.300,0.000,1.291,8.682,0.010,0.254,2.392,0.000,0.600,0.500,0.000,0.000,1.000,0.000,0.000,0.996,-0.004
2025-07-14 12:56:49.917651,3579,126.62223290,45.80090670,-0.378,2.533,26.987,0.506,-16.729,-0.144,0.000,1.300,0.000,0.371,8.861,0.010,0.352,2.392,0.000,0.600,0.500,0.000,0.000,1.000,0.000,0.000,0.995,-0.004
2025-07-14 12:56:50.027766,3342,126.62223270,45.80090630,-0.161,2.380,26.943,0.415,-16.744,-0.112,0.000,1.300,0.000,-0.687,9.024,0.010,0.415,2.392,0.000,0.600,0.500,0.000,0.000,1.000,0.000,0.000,0.995,-0.004
2025-07-14 12:56:50.137848,3212,126.62223260,45.80090600,-0.092,2.168,26.909,0.339,-16.752,-0.068,0.000,1.300,0.000,-0.489,9.175,0.010,0.434,1.918,0.000,0.600,0.500,0.000,0.000,1.000,0.000,0.000,0.995,-0.004
2025-07-14 12:56:50.247980,3059,126.62223250,45.80090550,-0.132,1.850,26.854,0.268,-16.760,-0.069,0.000,1.300,0.000,-0.075,9.324,0.010,0.351,1.918,0.000,0.600,0.500,0.000,0.000,1.000,0.000,0.000,0.995,-0.005
2025-07-14 12:56:50.358077,2906,126.62223240,45.80090500,-0.140,1.577,26.798,0.185,-16.768,-0.064,0.000,1.300,0.000,0.393,9.486,0.010,0.273,1.918,0.000,0.600,0.500,0.000,0.000,1.000,0.000,0.000,0.995,-0.005
2025-07-14 12:56:50.468192,2733,126.62223230,45.80090430,-0.136,1.277,26.720,0.066,-16.775,-0.062,0.000,1.300,0.000,0.291,9.662,0.010,0.188,1.918,0.000,0.600,0.500,0.000,0.000,1.000,0.000,0.000,0.994,-0.005
2025-07-14 12:56:50.578281,2452,126.62223210,45.80090350,-0.200,1.020,26.631,1.013,-16.791,-0.105,0.000,1.300,0.000,0.240,9.853,0.010,0.435,4.339,0.000,0.600,0.500,0.000,0.000,1.000,0.000,0.000,0.994,-0.006
2025-07-14 12:56:50.688390,2158,126.62223190,45.80090240,-0.318,0.794,26.509,0.953,-16.806,-0.094,0.000,1.300,0.000,0.602,10.001,0.010,0.689,4.339,0.000,0.600,0.500,0.000,0.000,1.000,0.000,0.000,0.994,-0.006
2025-07-14 12:56:50.798490,1977,126.62223180,45.80090150,-0.324,0.644,26.409,0.936,-16.814,-0.080,0.000,1.300,0.000,1.011,10.106,0.010,0.972,4.339,0.000,0.600,0.500,0.000,0.000,1.000,0.000,0.000,0.994,-0.005
2025-07-14 12:56:50.908604,1740,126.62223150,45.80090240,-0.295,0.420,26.509,1.372,-16.837,-0.190,0.000,1.300,0.000,0.615,10.162,0.010,1.094,4.339,0.000,0.600,0.500,0.000,0.000,1.000,0.000,0.000,0.994,-0.005
2025-07-14 12:56:51.018679,1686,126.62223130,45.80090380,-0.235,0.130,26.665,1.403,-16.853,-0.178,0.000,1.300,0.000,0.435,10.197,0.010,1.246,4.339,0.000,0.600,0.500,0.000,0.000,1.000,0.000,0.000,0.994,-0.005
2025-07-14 12:56:51.128857,1649,126.62223110,45.80090540,-0.169,-0.007,26.842,1.296,-16.868,-0.145,0.000,1.300,0.000,0.215,10.206,0.010,1.368,3.287,0.000,0.600,0.500,0.000,0.000,1.000,0.000,0.000,0.994,-0.005
2025-07-14 12:56:51.238900,1499,126.62223080,45.80090690,-0.239,-0.134,27.009,1.307,-16.892,-0.164,0.000,1.300,0.000,0.074,10.195,0.010,1.345,3.287,0.000,0.600,0.500,0.000,0.000,1.000,0.000,0.000,0.994,-0.005
2025-07-14 12:56:51.349013,1259,126.62223040,45.80090850,-0.431,-0.272,27.187,1.339,-16.923,-0.110,0.000,1.300,0.000,0.694,10.187,0.010,1.322,3.287,0.000,0.600,0.500,0.000,0.000,1.000,0.000,0.000,0.994,-0.005
2025-07-14 12:56:51.459110,1099,126.62223010,45.80090990,-0.569,-0.389,27.343,1.336,-16.946,-0.137,0.000,1.300,0.000,1.483,10.183,0.010,1.335,3.287,0.000,0.600,0.500,0.000,0.000,1.000,0.000,0.000,0.994,-0.005
2025-07-14 12:56:51.569222,969,126.62222980,45.80091160,-0.712,-0.523,27.532,1.443,-16.969,-0.108,0.000,1.300,0.000,1.535,10.177,0.010,1.378,3.444,0.000,0.600,0.500,0.000,0.000,1.000,0.000,0.000,0.994,-0.005
2025-07-14 12:56:51.689325,812,126.62222950,45.80091300,-0.771,-0.513,27.688,1.435,-16.992,-0.102,0.000,1.300,0.000,1.811,10.164,0.010,1.410,3.444,0.000,0.600,0.500,0.000,0.000,1.000,0.000,0.000,0.994,-0.005
2025-07-14 12:56:51.809436,592,126.62222910,45.80091480,-0.904,-0.517,27.888,1.425,-17.023,-0.129,0.000,1.300,0.000,1.594,10.145,0.010,1.439,3.444,0.000,0.600,0.500,0.000,0.000,1.000,0.000,0.000,0.994,-0.005
2025-07-14 12:56:51.929552,452,126.62222880,45.80091640,-0.933,-0.536,28.066,1.476,-17.047,-0.134,0.000,1.300,0.000,2.080,10.122,0.010,1.451,3.444,0.000,0.600,0.500,0.000,0.000,1.000,0.000,0.000,0.994,-0.005
2025-07-14 12:56:52.049639,402,126.62222860,45.80091790,-0.973,-0.595,28.232,1.437,-17.062,-0.066,0.000,1.300,0.000,1.786,10.096,0.010,1.450,3.444,0.000,0.600,0.500,0.000,0.000,1.000,0.000,0.000,0.994,-0.005
2025-07-14 12:56:52.169841,362,126.62222840,45.80091950,-1.009,-0.680,28.410,1.451,-17.078,-0.310,0.000,1.300,0.000,1.894,10.070,0.010,1.468,3.392,0.000,0.600,0.500,0.000,0.000,1.000,0.000,0.000,0.994,-0.005
2025-07-14 12:56:52.289972,232,126.62222810,45.80092120,-1.240,-0.933,28.599,1.526,-17.101,-0.354,0.000,1.300,0.000,1.946,10.041,0.010,1.496,3.392,0.000,0.600,0.500,0.000,0.000,1.000,0.000,0.000,0.994,-0.005
2025-07-14 12:56:52.410006,105,126.62222780,45.80092290,-1.471,-1.061,28.788,1.486,-17.124,-0.203,0.000,1.300,0.000,3.011,10.008,0.010,1.517,3.392,0.000,0.600,0.500,0.000,0.000,1.000,0.000,0.000,0.994,-0.005
2025-07-14 12:56:52.530128,9882,126.62222740,45.80092470,-1.536,-0.941,28.989,1.426,-17.155,-0.146,0.000,1.300,0.000,3.427,9.971,0.010,1.500,3.392,0.000,0.600,0.500,0.000,0.000,1.000,0.000,0.000,0.994,-0.005
2025-07-14 12:56:52.650221,9722,126.62222700,45.80092710,-1.362,-0.671,29.255,1.368,-17.186,-0.128,0.000,1.300,0.000,2.991,9.936,0.010,1.436,3.339,0.000,0.600,0.500,0.000,0.000,1.000,0.000,0.000,0.994,-0.005
2025-07-14 12:56:52.760372,9672,126.62222670,45.80092960,-1.026,-0.236,29.533,1.393,-17.210,-0.130,0.000,1.300,0.000,1.882,9.913,0.010,1.402,3.339,0.000,0.600,0.500,0.000,0.000,1.000,0.000,0.000,0.994,-0.005
2025-07-14 12:56:52.870416,9502,126.62222630,45.80093190,-0.740,0.073,29.789,1.460,-17.241,-0.192,0.000,1.300,0.000,0.637,9.896,0.010,1.415,3.339,0.000,0.600,0.500,0.000,0.000,1.000,0.000,0.000,0.994,-0.005
2025-07-14 12:56:52.980537,9282,126.62222590,45.80093370,-0.542,0.364,29.989,1.508,-17.272,-0.128,0.000,1.300,0.000,0.302,9.876,0.010,1.462,3.339,0.000,0.600,0.500,0.000,0.000,1.000,0.000,0.000,0.994,-0.005
2025-07-14 12:56:53.090622,9105,126.62222550,45.80093590,-0.384,0.532,30.234,1.601,-17.303,-0.137,0.000,1.300,0.000,0.266,9.848,0.010,1.531,3.444,0.000,0.600,0.500,0.000,0.000,1.000,0.000,0.000,0.994,-0.005
2025-07-14 12:56:53.200747,8885,126.62222510,45.80093770,-0.434,0.520,30.434,1.524,-17.334,-0.185,0.000,1.300,0.000,0.127,9.809,0.010,1.552,3.444,0.000,0.600,0.500,0.000,0.000,1.000,0.000,0.000,0.994,-0.005
2025-07-14 12:56:53.310918,8705,126.62222470,45.80093990,-0.619,0.382,30.679,1.433,-17.365,-0.187,0.000,1.300,0.000,0.973,9.766,0.010,1.529,3.444,0.000,0.600,0.500,0.000,0.000,1.000,0.000,0.000,0.994,-0.005
2025-07-14 12:56:53.421004,8412,126.62222420,45.80094200,-0.805,0.405,30.912,1.438,-17.403,-0.195,0.000,1.300,0.000,1.796,9.726,0.010,1.477,3.444,0.000,0.600,0.500,0.000,0.000,1.000,0.000,0.000,0.994,-0.005
2025-07-14 12:56:53.531063,8182,126.62222380,45.80094370,-0.925,0.489,31.101,1.358,-17.434,-0.137,0.000,1.300,0.000,2.135,9.696,0.010,1.420,3.444,0.000,0.600,0.500,0.000,0.000,1.000,0.000,0.000,0.994,-0.005
2025-07-14 12:56:53.641161,7869,126.62222330,45.80094560,-0.978,0.495,31.312,1.330,-17.473,-0.127,0.000,1.300,0.000,2.111,9.675,0.010,1.384,3.287,0.000,0.600,0.500,0.000,0.000,1.000,0.000,0.000,0.994,-0.005
2025-07-14 12:56:53.751267,7529,126.62222280,45.80094720,-0.964,0.362,31.490,1.339,-17.512,-0.146,0.000,1.300,0.000,1.963,9.661,0.010,1.349,3.287,0.000,0.600,0.500,0.000,0.000,1.000,0.000,0.000,0.994,-0.005
2025-07-14 12:56:53.861378,7209,126.62222230,45.80094900,-0.897,0.118,31.691,1.333,-17.551,-0.146,90.000,1.300,0.000,1.694,9.652,0.000,1.341,3.287,0.000,0.600,0.500,0.000,0.000,1.000,0.000,0.000,1.000,0.000
2025-07-14 12:56:53.971478,7059,126.62222200,45.80095050,-0.793,-0.048,31.857,1.462,-17.574,-0.134,90.000,1.300,0.000,30.000,9.645,0.001,1.385,3.287,0.000,0.600,0.500,0.000,0.000,1.000,0.000,0.000,1.000,-0.000
2025-07-14 12:56:54.081567,6812,126.62222160,45.80095200,-0.576,-0.030,32.024,1.437,-17.605,-0.111,90.000,1.300,0.000,30.000,9.631,0.002,1.417,5.971,0.000,0.600,0.500,0.000,0.000,1.000,0.000,0.000,1.000,-0.000
2025-07-14 12:56:54.191740,5952,126.62222060,45.80095340,-0.229,0.141,32.180,1.486,-17.682,-0.117,90.000,1.300,0.000,30.000,9.611,0.003,1.467,5.971,0.000,0.600,0.500,0.000,0.000,1.000,0.000,0.000,1.000,-0.000
2025-07-14 12:56:54.301790,4912,126.62221940,45.80095500,0.971,1.278,32.358,1.417,-17.775,-0.292,90.000,1.300,0.000,30.000,9.582,0.004,1.460,5.971,0.000,0.600,0.500,0.000,0.000,1.000,0.000,0.000,1.000,-0.000
2025-07-14 12:56:54.411888,4142,126.62221850,45.80095640,2.424,2.767,32.513,1.464,-17.845,-0.311,90.000,1.300,0.000,30.000,9.555,0.005,1.478,5.971,0.000,0.600,0.500,0.000,0.000,1.000,0.000,0.000,1.000,-0.000
2025-07-14 12:56:54.522035,3225,126.62221740,45.80095810,4.356,4.692,32.702,1.518,-17.930,-0.355,90.000,1.300,0.000,30.000,9.524,0.006,1.501,5.971,0.000,0.600,0.500,0.000,0.000,1.000,0.000,0.000,1.000,-0.000
2025-07-14 12:56:54.632095,2375,126.62221640,45.80095960,6.156,6.423,32.869,1.533,-18.008,-0.399,90.000,1.300,0.000,30.000,9.490,0.007,1.547,26.392,0.000,0.600,0.500,0.000,0.000,1.000,0.000,0.000,1.000,-0.000
2025-07-14 12:56:54.742207,1345,126.62221520,45.80096130,8.270,8.393,33.058,1.536,-18.101,-0.458,90.000,1.300,0.000,30.000,9.448,0.008,1.582,26.392,0.000,0.600,0.500,0.000,0.000,1.000,0.000,0.000,1.000,-0.000
2025-07-14 12:56:54.852311,382,126.62221410,45.80096270,10.176,10.113,33.214,1.085,-18.186,-0.363,90.000,1.300,0.000,30.000,9.399,0.009,1.444,26.392,0.000,0.600,0.500,0.000,0.000,1.000,0.000,0.000,1.000,-0.000
2025-07-14 12:56:54.962411,9366,126.62221300,45.80096360,12.597,12.253,33.314,1.094,-18.272,-0.259,90.000,1.300,0.000,30.000,9.375,0.010,1.290,26.392,0.000,0.600,0.500,0.000,0.000,1.000,0.000,0.000,1.000,-0.000
2025-07-14 12:56:55.072503,8343,126.62221190,45.80096440,14.868,14.223,33.403,1.044,-18.357,-0.298,90.000,1.300,0.000,30.000,9.376,0.010,1.118,26.550,0.000,0.600,0.500,0.000,0.000,1.000,0.000,0.000,1.000,-0.000
2025-07-14 12:56:55.182659,7333,126.62221080,45.80096530,17.493,16.412,33.503,1.109,-18.442,-0.357,90.000,1.300,0.000,30.000,9.407,0.011,1.125,26.550,0.000,0.600,0.500,0.000,0.000,1.000,0.000,0.000,1.000,0.000
2025-07-14 12:56:55.292738,6423,126.62220980,45.80096620,19.741,18.140,33.603,1.144,-18.520,-0.400,90.000,1.300,0.000,30.000,9.437,0.012,1.154,26.550,0.000,0.600,0.500,0.000,0.000,1.000,0.000,0.000,1.000,0.000
2025-07-14 12:56:55.402964,5426,126.62220870,45.80096720,22.159,19.247,33.714,1.226,-18.605,-0.266,90.000,1.300,0.000,30.000,9.462,0.013,1.210,26.550,0.000,0.600,0.500,0.000,0.000,1.000,0.000,0.000,1.000,0.000
2025-07-14 12:56:55.512935,4236,126.62220740,45.80096830,24.537,20.088,33.837,1.244,-18.706,-0.020,90.000,1.300,0.000,30.000,9.478,0.014,1.237,26.550,0.000,0.600,0.500,0.000,0.000,1.000,0.000,0.000,1.000,0.000
2025-07-14 12:56:55.623038,3336,126.62220640,45.80096930,26.607,20.213,33.948,1.265,-18.783,-0.081,90.000,1.300,0.000,30.000,9.489,0.014,1.255,26.760,0.000,0.600,0.500,0.000,0.000,1.000,0.000,0.000,1.000,0.000
2025-07-14 12:56:55.733163,2156,126.62220510,45.80097050,29.013,20.759,34.081,1.291,-18.884,-0.133,90.000,1.300,0.000,30.000,9.496,0.015,1.270,26.760,0.000,0.600,0.500,0.000,0.000,1.000,0.000,0.000,1.000,0.000
2025-07-14 12:56:55.843250,1156,126.62220400,45.80097160,31.179,20.807,34.204,1.264,-18.969,0.005,90.000,1.300,0.000,30.000,9.501,0.016,1.276,26.760,0.000,0.600,0.500,0.000,0.000,1.000,0.000,0.000,1.000,0.000
2025-07-14 12:56:55.953341,1676,126.62220440,45.80097280,33.607,21.281,34.337,1.141,-18.938,0.021,90.000,1.300,0.000,30.000,9.505,0.016,1.234,26.760,0.000,0.600,0.500,0.000,0.000,1.000,0.000,0.000,1.000,0.000
2025-07-14 12:56:56.063442,2096,126.62220470,45.80097400,35.613,20.904,34.470,1.199,-18.915,-0.013,90.000,1.300,0.000,30.000,9.517,0.017,1.201,26.760,0.000,0.600,0.500,0.000,0.000,1.000,0.000,0.000,1.000,0.000
2025-07-14 12:56:56.173564,2433,126.62220490,45.80097530,37.707,20.743,34.615,1.133,-18.899,0.146,90.000,1.300,0.000,30.000,9.534,0.018,1.161,26.760,0.000,0.600,0.500,0.000,0.000,1.000,0.000,0.000,1.000,0.000
2025-07-14 12:56:56.283673,2763,126.62220510,45.80097660,39.394,19.890,34.760,1.142,-18.884,0.076,90.000,1.300,0.000,30.000,9.557,0.018,1.162,26.760,0.000,0.600,0.500,0.000,0.000,1.000,0.000,0.000,1.000,0.000
2025-07-14 12:56:56.393778,2903,126.62220510,45.80097800,41.329,19.606,34.915,1.008,-18.884,0.104,90.000,1.300,0.000,30.000,9.581,0.019,1.100,26.760,0.000,0.600,0.500,0.000,0.000,1.000,0.000,0.000,1.000,0.000
2025-07-14 12:56:56.503871,3020,126.62220510,45.80097920,43.141,19.055,35.049,1.040,-18.884,0.070,90.000,1.300,0.000,30.000,9.615,0.019,1.067,26.760,0.000,0.600,0.500,0.000,0.000,1.000,0.000,0.000,1.000,0.000
2025-07-14 12:56:56.613982,3260,126.62220520,45.80098070,45.268,18.827,35.215,1.062,-18.876,0.290,90.000,1.300,0.000,30.000,9.655,0.020,1.052,26.760,0.000,0.600,0.500,0.000,0.000,1.000,0.000,0.000,1.000,0.000
2025-07-14 12:56:56.724089,3400,126.62220520,45.80098200,47.151,18.641,35.360,1.122,-18.876,0.279,90.000,1.300,0.000,30.000,9.698,0.020,1.100,26.760,0.000,0.600,0.500,0.000,0.000,1.000,0.000,0.000,1.000,-0.000
2025-07-14 12:56:56.834186,3663,126.62220530,45.80098360,48.946,18.105,35.538,1.069,-18.868,0.259,90.000,1.300,0.000,30.000,9.732,0.021,1.119,26.760,0.000,0.600,0.500,0.000,0.000,1.000,0.000,0.000,1.000,-0.000
2025-07-14 12:56:56.944296,4520,126.62220610,45.80098420,50.768,17.793,35.605,0.993,-18.806,0.298,90.000,1.300,0.000,30.000,9.763,0.021,1.098,26.760,0.000,0.600,0.500,0.000,0.000,1.000,0.000,0.000,1.000,-0.000
2025-07-14 12:56:57.054398,5510,126.62220700,45.80098510,52.713,17.354,35.705,1.066,-18.737,0.302,90.000,1.300,0.000,30.000,9.798,0.022,1.082,26.760,0.000,0.600,0.500,0.000,0.000,1.000,0.000,0.000,1.000,-0.000
2025-07-14 12:56:57.164497,6380,126.62220780,45.80098580,54.263,16.939,35.783,0.841,-18.675,0.375,90.000,1.300,0.000,30.000,9.835,0.022,1.022,26.760,0.000,0.600,0.500,0.000,0.000,1.000,0.000,0.000,1.000,-0.000
2025-07-14 12:56:57.274602,7197,126.62220850,45.80098680,55.936,16.556,35.894,0.883,-18.620,0.347,90.000,1.300,0.000,30.000,9.883,0.022,0.993,26.760,0.000,0.600,0.500,0.000,0.000,1.000,0.000,0.000,1.000,-0.000
2025-07-14 12:56:57.384714,7887,126.62220910,45.80098760,57.431,16.382,35.983,0.899,-18.574,0.387,90.000,1.300,0.000,30.000,9.936,0.023,0.949,26.760,0.000,0.600,0.500,0.000,0.000,1.000,0.000,0.000,1.000,-0.000
2025-07-14 12:56:57.494811,8677,126.62220980,45.80098860,59.260,16.285,36.094,0.930,-18.520,0.343,90.000,1.300,0.000,30.000,9.996,0.023,0.973,26.760,0.000,0.600,0.500,0.000,0.000,1.000,0.000,0.000,1.000,-0.000
2025-07-14 12:56:57.604901,9387,126.62221040,45.80098960,61.197,16.399,36.205,0.836,-18.473,0.513,90.000,1.300,0.000,30.000,10.052,0.023,0.984,26.760,0.000,0.600,0.500,0.000,0.000,1.000,0.000,0.000,1.000,-0.000
2025-07-14 12:56:57.715023,9977,126.62221090,45.80099050,62.883,15.998,36.305,0.870,-18.434,0.453,90.000,1.300,0.000,30.000,10.106,0.024,0.984,26.760,0.000,0.600,0.500,0.000,0.000,1.000,0.000,0.000,1.000,-0.000
2025-07-14 12:56:57.825132,560,126.62221140,45.80099160,64.742,15.977,36.427,0.910,-18.396,0.566,90.000,1.300,0.000,30.000,10.160,0.024,1.011,26.760,0.000,0.600,0.500,0.000,0.000,1.000,0.000,0.000,1.000,-0.000
2025-07-14 12:56:57.935241,1810,126.62221260,45.80099210,66.360,15.816,36.483,0.788,-18.303,0.581,90.000,1.300,0.000,30.000,10.210,0.024,1.011,26.760,0.000,0.600,0.500,0.000,0.000,1.000,0.000,0.000,1.000,-0.000
2025-07-14 12:56:58.045345,3270,126.62221400,45.80099270,68.261,15.888,36.550,0.816,-18.194,0.528,90.000,1.300,0.000,30.000,10.259,0.025,1.008,26.760,0.000,0.600,0.500,0.000,0.000,1.000,0.000,0.000,1.000,-0.000
2025-07-14 12:56:58.155440,4420,126.62221510,45.80099320,69.967,15.670,36.605,0.804,-18.109,0.704,90.000,1.300,0.000,30.000,10.310,0.025,1.007,26.760,0.000,0.600,0.500,0.000,0.000,1.000,0.000,0.000,1.000,-0.000
2025-07-14 12:56:58.265565,5690,126.62221630,45.80099390,71.957,16.070,36.683,0.835,-18.016,0.706,90.000,1.300,0.000,29.886,10.360,0.025,1.045,26.760,0.000,0.600,0.500,0.000,0.000,1.000,0.000,0.000,1.000,-0.000
2025-07-14 12:56:58.375651,6850,126.62221740,45.80099450,73.688,16.123,36.750,0.632,-17.930,0.605,90.000,1.300,0.000,25.275,10.404,0.025,1.012,26.760,0.000,0.600,0.500,0.000,0.000,1.000,0.000,0.000,1.000,-0.000
2025-07-14 12:56:58.485772,8047,126.62221850,45.80099530,75.617,16.518,36.839,0.685,-17.845,0.586,90.000,1.300,0.000,23.100,10.453,0.025,0.957,26.760,0.000,0.600,0.500,0.000,0.000,1.000,0.000,0.000,1.000,-0.000
2025-07-14 12:56:58.595928,9137,126.62221950,45.80099610,77.382,16.459,36.928,0.753,-17.768,0.720,90.000,1.300,0.000,18.905,10.512,0.026,0.939,26.971,0.000,0.600,0.500,0.000,0.000,1.000,0.000,0.000,0.999,-0.000
2025-07-14 12:56:58.705960,217,126.62222050,45.80099690,79.395,16.528,37.017,0.788,-17.690,0.683,90.000,1.300,0.000,16.329,10.574,0.026,0.995,26.971,0.000,0.600,0.500,0.000,0.000,1.000,0.000,0.000,0.999,-0.000
2025-07-14 12:56:58.816068,1180,126.62222140,45.80099780,80.935,16.396,37.117,0.873,-17.620,0.694,90.000,1.300,0.000,11.797,10.626,0.026,1.067,26.971,0.000,0.600,0.500,0.000,0.000,1.000,0.000,0.000,0.999,-0.000
2025-07-14 12:56:58.926175,2280,126.62222240,45.80099880,82.848,16.444,37.228,0.532,-17.543,0.788,90.000,1.300,0.000,10.748,10.666,0.026,1.036,26.971,0.000,0.600,0.500,0.000,0.000,1.000,0.000,0.000,0.999,-0.000
2025-07-14 12:56:59.036272,3360,126.62222340,45.80099960,84.499,16.474,37.317,0.600,-17.465,0.774,90.000,1.300,0.000,5.950,10.711,0.026,1.015,26.971,0.000,0.600,0.500,0.000,0.000,1.000,0.000,0.000,0.999,-0.000
2025-07-14 12:56:59.146422,4587,126.62222450,45.80100060,86.254,16.342,37.428,0.549,-17.380,0.917,90.000,1.300,0.000,3.928,10.760,0.026,1.000,16.497,0.000,0.600,0.500,0.000,0.000,1.000,0.000,0.000,0.999,-0.001
2025-07-14 12:56:59.256473,5750,126.62222560,45.80100150,87.531,15.952,37.528,0.612,-17.295,0.930,90.000,1.300,0.000,0.397,10.811,0.026,1.054,16.497,0.000,0.600,0.500,0.000,0.000,1.000,0.000,0.000,0.999,-0.001
2025-07-14 12:56:59.366591,6950,126.62222670,45.80100250,88.751,15.252,37.639,0.432,-17.210,0.963,90.000,1.300,0.000,-0.172,10.854,0.026,1.079,16.497,0.000,0.600,0.500,0.000,0.000,1.000,0.000,0.000,0.999,-0.001
2025-07-14 12:56:59.476699,8130,126.62222780,45.80100330,89.525,14.382,37.728,0.497,-17.124,0.964,90.000,1.300,0.000,-2.152,10.891,0.026,1.084,16.497,0.000,0.600,0.500,0.000,0.000,1.000,0.000,0.000,0.999,-0.001
2025-07-14 12:56:59.586793,9530,126.62222910,45.80100430,90.205,13.246,37.840,0.221,-17.023,1.068,90.000,1.300,0.000,-1.934,10.928,0.026,1.077,4.550,0.000,0.600,0.500,0.000,0.000,1.000,0.000,0.000,0.999,-0.001
2025-07-14 12:56:59.696908,923,126.62223040,45.80100520,90.754,12.141,37.940,0.279,-16.923,1.108,90.000,1.300,0.000,-2.814,10.967,0.026,1.106,4.550,0.000,0.600,0.500,0.000,0.000,1.000,0.000,0.000,0.999,-0.001
2025-07-14 12:56:59.807006,2213,126.62223160,45.80100610,90.994,10.529,38.040,0.310,-16.830,1.120,90.000,1.300,0.000,-3.325,11.000,0.026,1.132,4.550,0.000,0.600,0.500,0.000,0.000,1.000,0.000,0.000,0.999,-0.001
2025-07-14 12:56:59.917120,4333,126.62223370,45.80100630,90.962,9.100,38.062,0.169,-16.667,1.212,90.000,1.300,0.000,-2.635,11.029,0.026,1.176,4.550,0.000,0.600,0.500,0.000,0.000,1.000,0.000,0.000,0.999,-0.001
2025-07-14 12:57:00.027215,6336,126.62223570,45.80100630,90.729,7.165,38.062,0.196,-16.512,1.199,90.000,1.300,0.000,-1.589,11.050,0.026,1.200,4.550,0.000,0.600,0.500,0.000,0.000,1.000,0.000,0.000,0.999,-0.001
2025-07-14 12:57:00.137323,8736,126.62223810,45.80100630,90.295,5.269,38.062,0.102,-16.326,1.241,90.000,1.300,0.000,-0.439,11.067,0.026,1.228,-1.135,0.000,0.600,0.500,0.000,0.000,1.000,0.000,0.000,0.999,-0.001
2025-07-14 12:57:00.247424,736,126.62224010,45.80100630,89.840,3.260,38.062,0.113,-16.171,1.253,90.000,1.300,0.000,1.072,11.079,0.026,1.239,-1.135,0.000,0.600,0.500,0.000,0.000,1.000,0.000,0.000,0.999,-0.001
2025-07-14 12:57:00.357538,2936,126.62224230,45.80100630,89.259,1.571,38.062,-0.068,-16.000,1.279,90.000,1.300,0.000,1.967,11.090,0.026,1.261,-1.135,0.000,0.600,0.500,0.000,0.000,1.000,0.000,0.000,0.999,-0.001
2025-07-14 12:57:00.467635,4836,126.62224420,45.80100630,88.690,-0.055,38.062,-0.091,-15.853,1.261,90.000,1.300,0.000,3.470,11.096,0.026,1.268,-1.135,0.000,0.600,0.500,0.000,0.000,1.000,0.000,0.000,0.999,-0.001
2025-07-14 12:57:00.577739,6936,126.62224630,45.80100630,87.994,-1.392,38.062,-0.019,-15.690,1.251,90.000,1.300,0.000,4.451,11.102,0.026,1.265,-0.082,0.000,0.600,0.500,0.000,0.000,1.000,0.000,0.000,0.999,-0.001
2025-07-14 12:57:00.687899,8836,126.62224820,45.80100630,87.461,-2.494,38.062,-0.010,-15.543,1.281,90.000,1.300,0.000,6.167,11.108,0.026,1.265,-0.082,0.000,0.600,0.500,0.000,0.000,1.000,0.000,0.000,0.999,-0.001
2025-07-14 12:57:00.797944,836,126.62225020,45.80100630,86.983,-3.428,38.062,-0.041,-15.388,1.267,90.000,1.300,0.000,6.532,11.114,0.026,1.267,-0.082,0.000,0.600,0.500,0.000,0.000,1.000,0.000,0.000,0.999,-0.001
2025-07-14 12:57:00.908042,2926,126.62225230,45.80100620,86.589,-4.004,38.051,0.019,-15.225,1.322,90.000,1.300,0.000,7.194,11.119,0.026,1.290,-0.082,0.000,0.600,0.500,0.000,0.000,1.000,0.000,0.000,0.999,-0.001
2025-07-14 12:57:01.018157,5319,126.62225470,45.80100610,86.236,-4.293,38.040,-0.002,-15.039,1.336,90.000,1.300,0.000,7.598,11.121,0.026,1.309,-0.082,0.000,0.600,0.500,0.000,0.000,1.000,0.000,0.000,0.999,-0.001
2025-07-14 12:57:01.128242,7299,126.62225670,45.80100590,86.035,-4.264,38.018,0.201,-14.884,1.309,90.000,1.300,0.000,8.084,11.120,0.026,1.327,4.971,0.000,0.600,0.500,0.000,0.000,1.000,0.000,0.000,0.999,-0.001
2025-07-14 12:57:01.238358,9589,126.62225900,45.80100580,85.959,-3.939,38.006,0.189,-14.706,1.296,90.000,1.300,0.000,7.894,11.115,0.026,1.323,4.971,0.000,0.600,0.500,0.000,0.000,1.000,0.000,0.000,0.999,-0.001
2025-07-14 12:57:01.348474,1579,126.62226100,45.80100570,86.009,-3.480,37.995,0.124,-14.551,1.352,90.000,1.300,0.000,7.576,11.111,0.026,1.331,4.971,0.000,0.600,0.500,0.000,0.000,1.000,0.000,0.000,0.999,-0.001
2025-07-14 12:57:01.458569,3859,126.62226330,45.80100550,86.155,-2.819,37.973,0.142,-14.372,1.372,90.000,1.300,0.000,7.029,11.106,0.026,1.349,4.971,0.000,0.600,0.500,0.000,0.000,1.000,0.000,0.000,0.999,-0.001
2025-07-14 12:57:01.568677,5749,126.62226520,45.80100540,86.310,-2.161,37.962,0.116,-14.225,1.288,90.000,1.300,0.000,6.417,11.097,0.026,1.343,5.497,0.000,0.600,0.500,0.000,0.000,1.000,0.000,0.000,0.999,-0.001
2025-07-14 12:57:01.688786,8039,126.62226750,45.80100530,86.517,-1.356,37.951,0.107,-14.047,1.312,90.000,1.300,0.000,6.142,11.090,0.027,1.330,5.497,0.000,0.600,0.500,0.000,0.000,1.000,0.000,0.000,0.999,-0.001
2025-07-14 12:57:01.798895,419,126.62226990,45.80100510,86.944,-0.483,37.929,0.120,-13.861,1.338,90.000,1.300,0.000,5.559,11.085,0.027,1.318,5.497,0.000,0.600,0.500,0.000,0.000,1.000,0.000,0.000,0.999,-0.001
2025-07-14 12:57:01.909004,2396,126.62227190,45.80100490,87.309,0.284,37.906,0.095,-13.706,1.161,90.000,1.300,0.000,3.977,11.082,0.027,1.275,5.497,0.000,0.600,0.500,0.000,0.000,1.000,0.000,0.000,0.999,-0.001
2025-07-14 12:57:02.019201,4016,126.62227360,45.80100410,87.618,0.920,37.817,0.108,-13.574,1.156,90.000,1.300,0.000,3.543,11.086,0.027,1.223,5.497,0.000,0.600,0.500,0.000,0.000,1.000,0.000,0.000,0.999,-0.001
2025-07-14 12:57:02.139197,5713,126.62227540,45.80100320,87.950,1.515,37.717,0.060,-13.434,1.177,90.000,1.300,0.000,3.193,11.099,0.027,1.168,5.602,0.000,0.600,0.500,0.000,0.000,1.000,0.000,0.000,0.999,-0.001
2025-07-14 12:57:02.259344,7543,126.62227730,45.80100240,88.343,2.025,37.628,0.048,-13.287,1.185,90.000,1.300,0.000,2.610,11.122,0.027,1.175,5.602,0.000,0.600,0.500,0.000,0.000,1.000,0.000,0.000,0.999,-0.001
2025-07-14 12:57:02.379456,9383,126.62227920,45.80100180,88.739,2.424,37.562,0.153,-13.140,1.169,90.000,1.300,0.000,1.701,11.143,0.027,1.181,5.602,0.000,0.600,0.500,0.000,0.000,1.000,0.000,0.000,0.999,-0.001
2025-07-14 12:57:02.499566,1236,126.62228110,45.80100130,89.029,2.620,37.506,0.187,-12.992,1.235,90.000,1.300,0.000,0.978,11.164,0.027,1.205,5.602,0.000,0.600,0.500,0.000,0.000,1.000,0.000,0.000,0.999,-0.001
2025-07-14 12:57:02.619679,3486,126.62228340,45.80100080,89.064,2.517,37.450,0.053,-12.814,1.291,90.000,1.300,0.000,0.809,11.180,0.027,1.240,4.708,0.000,0.600,0.500,0.000,0.000,1.000,0.000,0.000,0.999,-0.001
2025-07-14 12:57:02.739802,5446,126.62228540,45.80100040,89.127,2.428,37.406,0.053,-12.659,1.269,90.000,1.300,0.000,1.595,11.190,0.027,1.270,4.708,0.000,0.600,0.500,0.000,0.000,1.000,0.000,0.000,0.999,-0.001
2025-07-14 12:57:02.859905,7416,126.62228740,45.80100010,89.230,2.342,37.373,-0.028,-12.504,1.237,90.000,1.300,0.000,1.388,11.195,0.027,1.267,4.708,0.000,0.600,0.500,0.000,0.000,1.000,0.000,0.000,0.999,-0.001
2025-07-14 12:57:02.980015,9176,126.62228920,45.80099970,89.287,2.001,37.328,0.140,-12.364,1.262,90.000,1.300,0.000,1.070,11.201,0.027,1.259,4.708,0.000,0.600,0.500,0.000,0.000,1.000,0.000,0.000,0.999,-0.001
2025-07-14 12:57:03.100115,1046,126.62229110,45.80099940,88.864,1.320,37.295,0.172,-12.217,1.302,90.000,1.300,0.000,1.120,11.208,0.027,1.273,-1.029,0.000,0.600,0.500,0.000,0.000,1.000,0.000,0.000,0.999,-0.001
2025-07-14 12:57:03.220247,3316,126.62229340,45.80099910,88.255,0.534,37.261,-0.031,-12.039,1.271,90.000,1.300,0.000,3.482,11.213,0.027,1.285,-1.029,0.000,0.600,0.500,0.000,0.000,1.000,0.000,0.000,0.999,-0.001
2025-07-14 12:57:03.330359,5196,126.62229530,45.80099890,87.757,-0.196,37.239,0.026,-11.892,1.261,90.000,1.300,0.000,5.196,11.215,0.027,1.282,-1.029,0.000,0.600,0.500,0.000,0.000,1.000,0.000,0.000,0.999,-0.001
2025-07-14 12:57:03.440453,6986,126.62229710,45.80099880,87.265,-0.970,37.228,-0.003,-11.752,1.285,90.000,1.300,0.000,5.873,11.218,0.027,1.273,-1.029,0.000,0.600,0.500,0.000,0.000,1.000,0.000,0.000,0.999,-0.001
2025-07-14 12:57:03.550568,8966,126.62229910,45.80099860,86.626,-1.881,37.206,0.013,-11.597,1.248,90.000,1.300,0.000,6.737,11.223,0.027,1.265,-1.029,0.000,0.600,0.500,0.000,0.000,1.000,0.000,0.000,0.999,-0.001
2025-07-14 12:57:03.660657,746,126.62230090,45.80099840,86.131,-2.573,37.184,-0.020,-11.458,1.208,90.000,1.300,0.000,8.419,11.229,0.027,1.247,3.708,0.000,0.600,0.500,0.000,0.000,1.000,0.000,0.000,0.999,-0.001
2025-07-14 12:57:03.770766,2726,126.62230290,45.80099820,85.711,-2.984,37.161,-0.028,-11.302,1.164,90.000,1.300,0.000,8.791,11.238,0.027,1.207,3.708,0.000,0.600,0.500,0.000,0.000,1.000,0.000,0.000,0.999,-0.001
2025-07-14 12:57:03.880882,4516,126.62230470,45.80099810,85.636,-3.105,37.150,-0.005,-11.163,1.253,90.000,1.300,0.000,9.273,11.254,0.027,1.209,3.708,0.000,0.600,0.500,0.000,0.000,1.000,0.000,0.000,0.999,-0.001
2025-07-14 12:57:03.990969,5996,126.62230620,45.80099790,85.649,-3.179,37.128,0.056,-11.047,1.228,90.000,1.300,0.000,8.155,11.270,0.027,1.216,3.708,0.000,0.600,0.500,0.000,0.000,1.000,0.000,0.000,0.999,-0.001
2025-07-14 12:57:04.101069,7786,126.62230800,45.80099780,85.724,-3.158,37.117,0.116,-10.907,1.201,90.000,1.300,0.000,7.812,11.284,0.027,1.230,7.655,0.000,0.600,0.500,0.000,0.000,1.000,0.000,0.000,0.999,-0.001
2025-07-14 12:57:04.211192,9386,126.62230960,45.80099780,85.847,-2.698,37.117,0.110,-10.783,1.219,90.000,1.300,0.000,7.451,11.296,0.027,1.220,7.655,0.000,0.600,0.500,0.000,0.000,1.000,0.000,0.000,0.999,-0.001
2025-07-14 12:57:04.321307,1176,126.62231140,45.80099770,86.125,-1.937,37.106,0.135,-10.644,1.202,90.000,1.300,0.000,7.056,11.310,0.027,1.213,7.655,0.000,0.600,0.500,0.000,0.000,1.000,0.000,0.000,0.999,-0.001
2025-07-14 12:57:04.431386,2766,126.62231300,45.80099760,86.473,-1.168,37.095,0.130,-10.520,1.185,90.000,1.300,0.000,5.992,11.325,0.027,1.209,7.655,0.000,0.600,0.500,0.000,0.000,1.000,0.000,0.000,0.999,-0.001
2025-07-14 12:57:04.541517,4533,126.62231480,45.80099730,86.898,-0.335,37.061,0.099,-10.380,1.158,90.000,1.300,0.000,5.111,11.341,0.027,1.188,7.655,0.000,0.600,0.500,0.000,0.000,1.000,0.000,0.000,0.999,-0.001
2025-07-14 12:57:04.651587,5973,126.62231630,45.80099670,87.248,0.564,36.995,0.111,-10.264,1.171,90.000,1.300,0.000,4.067,11.360,0.027,1.177,7.865,0.000,0.600,0.500,0.000,0.000,1.000,0.000,0.000,0.999,-0.001
2025-07-14 12:57:04.761715,7603,126.62231800,45.80099600,87.656,1.385,36.917,0.128,-10.132,1.168,90.000,1.300,0.000,3.710,11.381,0.027,1.171,7.865,0.000,0.600,0.500,0.000,0.000,1.000,0.000,0.000,0.999,-0.001
2025-07-14 12:57:04.871807,9083,126.62231950,45.80099580,88.003,2.083,36.894,0.113,-10.016,1.178,90.000,1.300,0.000,2.763,11.403,0.027,1.178,7.865,0.000,0.600,0.500,0.000,0.000,1.000,0.000,0.000,0.999,-0.001
2025-07-14 12:57:04.981913,723,126.62232110,45.80099620,88.438,2.546,36.939,0.080,-9.892,1.125,90.000,1.300,0.000,2.362,11.424,0.027,1.162,7.865,0.000,0.600,0.500,0.000,0.000,1.000,0.000,0.000,0.999,-0.001
2025-07-14 12:57:05.092003,2243,126.62232260,45.80099650,88.804,2.867,36.972,0.091,-9.775,1.124,90.000,1.300,0.000,1.258,11.447,0.027,1.146,6.497,0.000,0.600,0.500,0.000,0.000,1.000,0.000,0.000,0.999,-0.001
2025-07-14 12:57:05.202127,3993,126.62232430,45.80099690,89.171,3.130,37.017,0.158,-9.644,1.245,90.000,1.300,0.000,0.850,11.474,0.027,1.170,6.497,0.000,0.600,0.500,0.000,0.000,1.000,0.000,0.000,0.999,-0.001
2025-07-14 12:57:05.312234,5523,126.62232580,45.80099720,89.362,3.192,37.050,0.047,-9.527,1.184,90.000,1.300,0.000,0.187,11.496,0.027,1.189,6.497,0.000,0.600,0.500,0.000,0.000,1.000,0.000,0.000,0.999,-0.001
2025-07-14 12:57:05.422322,7266,126.62232750,45.80099760,89.514,3.078,37.095,0.078,-9.395,1.193,90.000,1.300,0.000,0.482,11.515,0.027,1.212,6.497,0.000,0.600,0.500,0.000,0.000,1.000,0.000,0.000,0.999,-0.001
2025-07-14 12:57:05.532435,8893,126.62232910,45.80099790,89.579,2.821,37.128,0.057,-9.271,1.209,90.000,1.300,0.000,0.350,11.530,0.027,1.197,6.497,0.000,0.600,0.500,0.000,0.000,1.000,0.000,0.000,0.999,-0.001
2025-07-14 12:57:05.642600,716,126.62233090,45.80099810,89.588,2.442,37.150,0.061,-9.132,1.237,90.000,1.300,0.000,0.549,11.548,0.027,1.215,3.760,0.000,0.600,0.500,0.000,0.000,1.000,0.000,0.000,0.999,-0.001
2025-07-14 12:57:05.752654,2346,126.62233250,45.80099840,89.524,2.066,37.184,0.075,-9.008,1.261,90.000,1.300,0.000,0.736,11.562,0.027,1.237,3.760,0.000,0.600,0.500,0.000,0.000,1.000,0.000,0.000,0.999,-0.001
2025-07-14 12:57:05.862749,4266,126.62233440,45.80099860,89.398,1.581,37.206,0.074,-8.861,1.278,90.000,1.300,0.000,1.117,11.573,0.027,1.261,3.760,0.000,0.600,0.500,0.000,0.000,1.000,0.000,0.000,0.999,-0.001
2025-07-14 12:57:05.972860,6176,126.62233630,45.80099870,89.380,1.249,37.217,-0.039,-8.713,1.234,90.000,1.300,0.000,1.569,11.580,0.027,1.259,3.760,0.000,0.600,0.500,0.000,0.000,1.000,0.000,0.000,0.999,-0.001
2025-07-14 12:57:06.082943,7786,126.62233790,45.80099880,89.343,0.820,37.228,-0.047,-8.589,1.241,90.000,1.300,0.000,1.209,11.587,0.027,1.252,3.655,0.000,0.600,0.500,0.000,0.000,1.000,0.000,0.000,0.999,-0.001
2025-07-14 12:57:06.193068,9686,126.62233980,45.80099880,89.274,0.424,37.228,0.060,-8.442,1.268,90.000,1.300,0.000,1.344,11.595,0.027,1.249,3.655,0.000,0.600,0.500,0.000,0.000,1.000,0.000,0.000,0.999,-0.001
2025-07-14 12:57:06.303179,1396,126.62234150,45.80099890,89.049,-0.109,37.239,0.049,-8.310,1.288,90.000,1.300,0.000,1.585,11.604,0.027,1.267,3.655,0.000,0.600,0.500,0.000,0.000,1.000,0.000,0.000,0.999,-0.001
2025-07-14 12:57:06.413285,3406,126.62234350,45.80099900,88.436,-0.840,37.250,0.041,-8.155,1.301,90.000,1.300,0.000,2.557,11.610,0.027,1.287,3.655,0.000,0.600,0.500,0.000,0.000,1.000,0.000,0.000,0.999,-0.001
2025-07-14 12:57:06.523377,5116,126.62234520,45.80099910,87.965,-1.406,37.261,-0.032,-8.023,1.280,90.000,1.300,0.000,5.070,11.612,0.028,1.290,3.655,0.000,0.600,0.500,0.000,0.000,1.000,0.000,0.000,0.999,-0.001
2025-07-14 12:57:06.633472,7116,126.62234720,45.80099910,87.477,-1.909,37.261,-0.049,-7.868,1.285,90.000,1.300,0.000,5.402,11.614,0.028,1.289,1.129,0.000,0.600,0.500,0.000,0.000,1.000,0.000,0.000,0.999,-0.001
2025-07-14 12:57:06.743600,8816,126.62234890,45.80099910,87.183,-2.185,37.261,-0.046,-7.737,1.280,90.000,1.300,0.000,6.342,11.615,0.028,1.282,1.129,0.000,0.600,0.500,0.000,0.000,1.000,0.000,0.000,0.999,-0.001
2025-07-14 12:57:06.853695,716,126.62235080,45.80099910,86.835,-2.443,37.261,-0.003,-7.589,1.280,90.000,1.300,0.000,6.165,11.618,0.028,1.282,1.129,0.000,0.600,0.500,0.000,0.000,1.000,0.000,0.000,0.999,-0.001
2025-07-14 12:57:06.963793,2306,126.62235240,45.80099900,86.501,-2.632,37.250,0.022,-7.465,1.313,90.000,1.300,0.000,6.990,11.621,0.028,1.291,1.129,0.000,0.600,0.500,0.000,0.000,1.000,0.000,0.000,0.999,-0.001
2025-07-14 12:57:07.073869,4099,126.62235420,45.80099890,86.203,-2.886,37.239,0.015,-7.326,1.307,90.000,1.300,0.000,7.539,11.623,0.028,1.300,4.971,0.000,0.600,0.500,0.000,0.000,1.000,0.000,0.000,0.999,-0.001
2025-07-14 12:57:07.184000,5589,126.62235570,45.80099880,86.121,-2.927,37.228,0.040,-7.209,1.285,90.000,1.300,0.000,7.945,11.623,0.028,1.302,4.971,0.000,0.600,0.500,0.000,0.000,1.000,0.000,0.000,0.999,-0.001
2025-07-14 12:57:07.294111,7476,126.62235760,45.80099870,86.163,-2.827,37.217,0.032,-7.062,1.287,90.000,1.300,0.000,7.308,11.623,0.028,1.293,4.971,0.000,0.600,0.500,0.000,0.000,1.000,0.000,0.000,0.999,-0.001
2025-07-14 12:57:07.404211,9076,126.62235920,45.80099870,86.260,-2.536,37.217,0.047,-6.938,1.275,90.000,1.300,0.000,6.782,11.624,0.028,1.283,4.971,0.000,0.600,0.500,0.000,0.000,1.000,0.000,0.000,1.000,0.000
2025-07-14 12:57:07.514349,866,126.62236100,45.80099860,86.403,-1.849,37.206,0.140,-6.799,1.180,90.000,1.300,0.000,6.407,11.627,0.028,1.251,4.971,0.000,0.600,0.500,0.000,0.000,1.000,0.000,0.000,1.000,0.000
2025-07-14 12:57:07.634446,2566,126.62236270,45.80099860,86.563,-1.287,37.206,0.154,-6.667,1.170,90.000,1.300,0.000,6.034,11.635,0.028,1.215,5.497,0.000,0.600,0.500,0.000,0.000,1.000,0.000,0.000,1.000,-0.000
2025-07-14 12:57:07.744564,4663,126.62236480,45.80099860,86.801,-0.627,37.206,0.159,-6.504,1.177,90.000,1.300,0.000,5.623,11.650,0.028,1.185,5.497,0.000,0.600,0.500,0.000,0.000,1.000,0.000,0.000,1.000,-0.000
2025-07-14 12:57:07.854653,6266,126.62236640,45.80099860,86.934,-0.239,37.206,0.068,-6.380,1.264,90.000,1.300,0.000,4.922,11.669,0.028,1.211,5.497,0.000,0.600,0.500,0.000,0.000,1.000,0.000,0.000,1.000,-0.000
2025-07-14 12:57:07.964763,8086,126.62236820,45.80099880,87.304,0.414,37.228,0.133,-6.240,1.233,90.000,1.300,0.000,5.063,11.685,0.028,1.231,5.497,0.000,0.600,0.500,0.000,0.000,1.000,0.000,0.000,1.000,-0.000
2025-07-14 12:57:08.074863,9696,126.62236980,45.80099890,87.690,1.068,37.239,0.134,-6.116,1.205,90.000,1.300,0.000,3.537,11.696,0.028,1.239,5.602,0.000,0.600,0.500,0.000,0.000,1.000,0.000,0.000,1.000,-0.000
2025-07-14 12:57:08.184983,1616,126.62237170,45.80099910,88.089,1.702,37.261,0.202,-5.969,1.219,90.000,1.300,0.000,2.785,11.707,0.028,1.229,5.602,0.000,0.600,0.500,0.000,0.000,1.000,0.000,0.000,1.000,-0.000
2025-07-14 12:57:08.295071,3226,126.62237330,45.80099920,88.334,1.999,37.273,0.231,-5.845,1.230,90.000,1.300,0.000,2.017,11.719,0.028,1.233,5.602,0.000,0.600,0.500,0.000,0.000,1.000,0.000,0.000,1.000,-0.000
2025-07-14 12:57:08.405181,5046,126.62237510,45.80099940,88.651,2.247,37.295,0.062,-5.705,1.212,90.000,1.300,0.000,2.137,11.730,0.028,1.234,5.602,0.000,0.600,0.500,0.000,0.000,1.000,0.000,0.000,1.000,-0.000
2025-07-14 12:57:08.515266,6756,126.62237680,45.80099950,88.891,2.377,37.306,0.092,-5.574,1.208,90.000,1.300,0.000,1.305,11.742,0.028,1.226,5.602,0.000,0.600,0.500,0.000,0.000,1.000,0.000,0.000,1.000,-0.000
2025-07-14 12:57:08.625380,8566,126.62237860,45.80099960,89.030,2.373,37.317,0.111,-5.434,1.224,90.000,1.300,0.000,1.152,11.754,0.028,1.218,4.076,0.000,0.600,0.500,0.000,0.000,1.000,0.000,0.000,1.000,-0.000
2025-07-14 12:57:08.735485,276,126.62238030,45.80099970,89.109,2.312,37.328,0.132,-5.302,1.247,90.000,1.300,0.000,1.269,11.768,0.028,1.231,4.076,0.000,0.600,0.500,0.000,0.000,1.000,0.000,0.000,1.000,-0.000
2025-07-14 12:57:08.845590,2186,126.62238220,45.80099980,89.110,2.096,37.339,0.137,-5.155,1.231,90.000,1.300,0.000,1.345,11.780,0.028,1.241,4.076,0.000,0.600,0.500,0.000,0.000,1.000,0.000,0.000,1.000,-0.000
2025-07-14 12:57:08.955695,3706,126.62238370,45.80100000,89.051,1.922,37.361,0.024,-5.039,1.267,90.000,1.300,0.000,1.626,11.790,0.028,1.253,4.076,0.000,0.600,0.500,0.000,0.000,1.000,0.000,0.000,1.000,-0.000
2025-07-14 12:57:09.065933,5516,126.62238550,45.80100010,88.952,1.496,37.373,0.005,-4.899,1.289,90.000,1.300,0.000,1.951,11.798,0.028,1.265,3.655,0.000,0.600,0.500,0.000,0.000,1.000,0.000,0.000,1.000,-0.000
2025-07-14 12:57:09.175914,7326,126.62238730,45.80100020,88.927,1.122,37.384,0.031,-4.760,1.211,90.000,1.300,0.000,2.274,11.804,0.028,1.256,3.655,0.000,0.600,0.500,0.000,0.000,1.000,0.000,0.000,1.000,-0.000
2025-07-14 12:57:09.286020,8946,126.62238890,45.80100040,88.836,0.676,37.406,0.046,-4.636,1.214,90.000,1.300,0.000,2.050,11.812,0.028,1.238,3.655,0.000,0.600,0.500,0.000,0.000,1.000,0.000,0.000,1.000,-0.000
2025-07-14 12:57:09.396116,656,126.62239060,45.80100050,88.701,0.332,37.417,0.085,-4.504,1.228,90.000,1.300,0.000,2.454,11.823,0.028,1.219,3.655,0.000,0.600,0.500,0.000,0.000,1.000,0.000,0.000,1.000,-0.000
2025-07-14 12:57:09.506217,2266,126.62239220,45.80100060,88.601,-0.044,37.428,0.013,-4.380,1.279,90.000,1.300,0.000,2.857,11.836,0.028,1.242,3.655,0.000,0.600,0.500,0.000,0.000,1.000,0.000,0.000,1.000,-0.000
2025-07-14 12:57:09.616330,4076,126.62239400,45.80100070,88.499,-0.355,37.439,-0.014,-4.240,1.285,90.000,1.300,0.000,2.909,11.846,0.028,1.265,3.444,0.000,0.600,0.500,0.000,0.000,1.000,0.000,0.000,1.000,-0.000
2025-07-14 12:57:09.726424,5686,126.62239560,45.80100080,88.399,-0.573,37.450,-0.029,-4.116,1.308,90.000,1.300,0.000,3.101,11.852,0.028,1.291,3.444,0.000,0.600,0.500,0.000,0.000,1.000,0.000,0.000,1.000,-0.000
2025-07-14 12:57:09.836539,7586,126.62239750,45.80100080,88.437,-0.610,37.450,0.012,-3.969,1.229,90.000,1.300,0.000,3.273,11.854,0.028,1.274,3.444,0.000,0.600,0.500,0.000,0.000,1.000,0.000,0.000,1.000,-0.000
2025-07-14 12:57:09.946646,9086,126.62239900,45.80100080,88.285,-0.749,37.450,0.028,-3.853,1.268,90.000,1.300,0.000,2.703,11.858,0.028,1.269,3.444,0.000,0.600,0.500,0.000,0.000,1.000,0.000,0.000,1.000,-0.000
2025-07-14 12:57:10.056755,876,126.62240080,45.80100070,88.065,-0.895,37.439,0.019,-3.713,1.251,90.000,1.300,0.000,3.668,11.864,0.028,1.250,3.444,0.000,0.600,0.500,0.000,0.000,1.000,0.000,0.000,1.000,-0.000
2025-07-14 12:57:10.166838,2376,126.62240230,45.80100070,87.935,-0.923,37.439,0.025,-3.597,1.306,90.000,1.300,0.000,4.310,11.872,0.028,1.275,3.497,0.000,0.600,0.500,0.000,0.000,1.000,0.000,0.000,1.000,-0.000
2025-07-14 12:57:10.276963,4176,126.62240410,45.80100070,87.943,-0.893,37.439,0.006,-3.457,1.290,90.000,1.300,0.000,4.217,11.877,0.028,1.282,3.497,0.000,0.600,0.500,0.000,0.000,1.000,0.000,0.000,1.000,-0.000
2025-07-14 12:57:10.387051,5766,126.62240570,45.80100060,87.995,-0.763,37.428,0.038,-3.333,1.264,90.000,1.300,0.000,3.702,11.880,0.028,1.287,3.497,0.000,0.600,0.500,0.000,0.000,1.000,0.000,0.000,1.000,-0.000
2025-07-14 12:57:10.497165,7566,126.62240750,45.80100060,87.975,-0.660,37.428,0.048,-3.194,1.297,90.000,1.300,0.000,3.448,11.882,0.028,1.284,3.497,0.000,0.600,0.500,0.000,0.000,1.000,0.000,0.000,1.000,-0.000
2025-07-14 12:57:10.617269,9166,126.62240910,45.80100060,87.956,-0.585,37.428,0.057,-3.070,1.310,90.000,1.300,0.000,3.742,11.885,0.028,1.291,3.287,0.000,0.600,0.500,0.000,0.000,1.000,0.000,0.000,1.000,-0.000
2025-07-14 12:57:10.727365,1159,126.62241110,45.80100050,88.055,-0.402,37.417,0.061,-2.915,1.322,90.000,1.300,0.000,3.774,11.886,0.028,1.311,3.287,0.000,0.600,0.500,0.000,0.000,1.000,0.000,0.000,1.000,-0.000
2025-07-14 12:57:10.837470,2859,126.62241280,45.80100050,87.986,-0.374,37.417,0.078,-2.783,1.313,90.000,1.300,0.000,3.169,11.884,0.028,1.317,3.287,0.000,0.600,0.500,0.000,0.000,1.000,0.000,0.000,1.000,-0.000
2025-07-14 12:57:10.947582,4989,126.62241490,45.80100080,87.597,-0.762,37.450,0.028,-2.620,1.320,90.000,1.300,0.000,3.904,11.881,0.028,1.320,3.287,0.000,0.600,0.500,0.000,0.000,1.000,0.000,0.000,1.000,-0.000
2025-07-14 12:57:11.057675,6819,126.62241670,45.80100110,87.269,-0.922,37.484,0.002,-2.481,1.289,90.000,1.300,0.000,5.767,11.878,0.028,1.308,3.287,0.000,0.600,0.500,0.000,0.000,1.000,0.000,0.000,1.000,-0.000
2025-07-14 12:57:11.167782,8829,126.62241870,45.80100120,87.052,-0.919,37.495,-0.023,-2.326,1.348,90.000,1.300,0.000,6.136,11.877,0.029,1.319,1.971,0.000,0.600,0.500,0.000,0.000,1.000,0.000,0.000,1.000,-0.000
2025-07-14 12:57:11.277885,639,126.62242050,45.80100130,86.687,-1.133,37.506,-0.013,-2.186,1.384,90.000,1.300,0.000,6.123,11.873,0.029,1.340,1.971,0.000,0.600,0.500,0.000,0.000,1.000,0.000,0.000,1.000,-0.000
2025-07-14 12:57:11.387987,2739,126.62242260,45.80100130,86.328,-1.467,37.506,0.082,-2.023,1.305,90.000,1.300,0.000,7.318,11.866,0.029,1.347,1.971,0.000,0.600,0.500,0.000,0.000,1.000,0.000,0.000,1.000,-0.000
2025-07-14 12:57:11.498088,4539,126.62242440,45.80100130,86.260,-1.576,37.506,0.079,-1.884,1.297,90.000,1.300,0.000,7.942,11.859,0.029,1.330,1.971,0.000,0.600,0.500,0.000,0.000,1.000,0.000,0.000,1.000,-0.000
2025-07-14 12:57:11.608186,6429,126.62242630,45.80100120,86.290,-1.531,37.495,0.020,-1.736,1.297,90.000,1.300,0.000,7.008,11.853,0.029,1.301,5.497,0.000,0.600,0.500,0.000,0.000,1.000,0.000,0.000,1.000,-0.000
2025-07-14 12:57:11.718303,8216,126.62242810,45.80100110,86.413,-1.403,37.484,0.006,-1.597,1.282,90.000,1.300,0.000,6.598,11.853,0.029,1.293,5.497,0.000,0.600,0.500,0.000,0.000,1.000,0.000,0.000,1.000,-0.000
2025-07-14 12:57:11.828402,109,126.62243000,45.80100100,86.542,-1.376,37.473,0.076,-1.450,1.331,90.000,1.300,0.000,6.039,11.854,0.029,1.304,5.497,0.000,0.600,0.500,0.000,0.000,1.000,0.000,0.000,1.000,-0.000
2025-07-14 12:57:11.938505,1919,126.62243180,45.80100110,86.631,-1.232,37.484,0.146,-1.310,1.312,90.000,1.300,0.000,5.784,11.854,0.029,1.312,5.497,0.000,0.600,0.500,0.000,0.000,1.000,0.000,0.000,1.000,-0.000
2025-07-14 12:57:12.048609,3929,126.62243380,45.80100120,86.694,-0.821,37.495,0.179,-1.155,1.345,90.000,1.300,0.000,5.770,11.852,0.029,1.337,5.497,0.000,0.600,0.500,0.000,0.000,1.000,0.000,0.000,1.000,-0.000
2025-07-14 12:57:12.158721,5739,126.62243560,45.80100130,86.810,-0.418,37.506,0.089,-1.016,1.264,90.000,1.300,0.000,5.751,11.845,0.029,1.315,5.550,0.000,0.600,0.500,0.000,0.000,1.000,0.000,0.000,1.000,-0.000
2025-07-14 12:57:12.268827,7736,126.62243760,45.80100130,87.141,0.081,37.506,0.066,-0.860,1.237,90.000,1.300,0.000,5.349,11.843,0.029,1.288,5.550,0.000,0.600,0.500,0.000,0.000,1.000,0.000,0.000,1.000,-0.000
2025-07-14 12:57:12.378927,9436,126.62243930,45.80100140,87.511,0.749,37.517,0.134,-0.729,1.253,90.000,1.300,0.000,3.974,11.845,0.029,1.255,5.550,0.000,0.600,0.500,0.000,0.000,1.000,0.000,0.000,1.000,-0.000
2025-07-14 12:57:12.489024,1356,126.62244120,45.80100150,87.903,1.432,37.528,0.121,-0.581,1.263,90.000,1.300,0.000,3.164,11.853,0.029,1.256,5.550,0.000,0.600,0.500,0.000,0.000,1.000,0.000,0.000,1.000,-0.000
2025-07-14 12:57:12.599137,3366,126.62244320,45.80100160,88.320,1.869,37.539,0.142,-0.426,1.281,90.000,1.300,0.000,2.379,11.860,0.029,1.273,6.339,0.000,0.600,0.500,0.000,0.000,1.000,0.000,0.000,1.000,-0.000
2025-07-14 12:57:12.719246,5076,126.62244490,45.80100170,88.751,2.201,37.551,0.177,-0.295,1.293,90.000,1.300,0.000,1.538,11.865,0.029,1.288,6.339,0.000,0.600,0.500,0.000,0.000,1.000,0.000,0.000,1.000,-0.000
2025-07-14 12:57:12.839344,6986,126.62244680,45.80100180,89.260,2.514,37.562,0.116,-0.147,1.285,90.000,1.300,0.000,0.842,11.867,0.029,1.295,6.339,0.000,0.600,0.500,0.000,0.000,1.000,0.000,0.000,1.000,-0.000
2025-07-14 12:57:12.959475,8896,126.62244870,45.80100200,89.673,2.740,37.584,0.128,0.000,1.241,90.000,1.300,0.000,-0.333,11.868,0.029,1.281,6.339,0.000,0.600,0.500,0.000,0.000,1.000,0.000,0.000,1.000,-0.000
2025-07-14 12:57:13.079566,1016,126.62245080,45.80100210,89.903,2.851,37.595,0.132,0.163,1.261,90.000,1.300,0.000,-0.759,11.871,0.029,1.269,2.076,0.000,0.600,0.500,0.000,0.000,1.000,0.000,0.000,1.000,-0.000
2025-07-14 12:57:13.199698,2926,126.62245270,45.80100220,89.993,2.869,37.606,0.076,0.310,1.242,90.000,1.300,0.000,-0.562,11.876,0.029,1.253,2.076,0.000,0.600,0.500,0.000,0.000,1.000,0.000,0.000,1.000,-0.000
2025-07-14 12:57:13.319826,4946,126.62245470,45.80100240,90.048,2.809,37.628,0.002,0.465,1.281,90.000,1.300,0.000,-0.258,11.885,0.029,1.264,2.076,0.000,0.600,0.500,0.000,0.000,1.000,0.000,0.000,1.000,-0.000
2025-07-14 12:57:13.439926,6956,126.62245670,45.80100260,89.830,2.327,37.651,0.039,0.620,1.315,90.000,1.300,0.000,-0.241,11.891,0.029,1.280,2.076,0.000,0.600,0.500,0.000,0.000,1.000,0.000,0.000,1.000,-0.000
2025-07-14 12:57:13.560050,9286,126.62245900,45.80100280,89.598,1.797,37.673,-0.041,0.798,1.297,90.000,1.300,0.000,1.061,11.894,0.029,1.298,1.287,0.000,0.600,0.500,0.000,0.000,1.000,0.000,0.000,1.000,-0.000
2025-07-14 12:57:13.680162,1299,126.62246100,45.80100290,89.377,1.258,37.684,-0.035,0.953,1.327,90.000,1.300,0.000,1.473,11.894,0.029,1.314,1.287,0.000,0.600,0.500,0.000,0.000,1.000,0.000,0.000,1.000,-0.000
2025-07-14 12:57:13.800270,3319,126.62246300,45.80100310,89.018,0.583,37.706,-0.024,1.109,1.345,90.000,1.300,0.000,1.944,11.892,0.029,1.323,1.287,0.000,0.600,0.500,0.000,0.000,1.000,0.000,0.000,1.000,-0.000
2025-07-14 12:57:13.910373,5219,126.62246490,45.80100310,88.585,-0.170,37.706,-0.005,1.256,1.305,90.000,1.300,0.000,2.993,11.888,0.029,1.326,1.287,0.000,0.600,0.500,0.000,0.000,1.000,0.000,0.000,1.000,-0.000
2025-07-14 12:57:14.020485,7109,126.62246680,45.80100300,88.102,-1.033,37.695,-0.018,1.403,1.309,90.000,1.300,0.000,4.149,11.884,0.029,1.320,1.287,0.000,0.600,0.500,0.000,0.000,1.000,0.000,0.000,1.000,-0.000
2025-07-14 12:57:14.130559,8699,126.62246840,45.80100290,87.723,-1.722,37.684,-0.069,1.527,1.310,90.000,1.300,0.000,5.200,11.880,0.029,1.309,1.339,0.000,0.600,0.500,0.000,0.000,1.000,0.000,0.000,1.000,-0.000
2025-07-14 12:57:14.240699,699,126.62247040,45.80100290,87.292,-2.305,37.684,-0.069,1.682,1.302,90.000,1.300,0.000,5.505,11.879,0.029,1.308,1.339,0.000,0.600,0.500,0.000,0.000,1.000,0.000,0.000,1.000,-0.000
2025-07-14 12:57:14.350861,2286,126.62247200,45.80100280,86.972,-2.671,37.673,0.023,1.806,1.274,90.000,1.300,0.000,6.469,11.877,0.029,1.297,1.339,0.000,0.600,0.500,0.000,0.000,1.000,0.000,0.000,1.000,-0.000
2025-07-14 12:57:14.460895,4176,126.62247390,45.80100270,86.762,-2.908,37.662,0.004,1.954,1.246,90.000,1.300,0.000,6.641,11.878,0.029,1.275,1.339,0.000,0.600,0.500,0.000,0.000,1.000,0.000,0.000,1.000,-0.000
2025-07-14 12:57:14.571000,5776,126.62247550,45.80100270,86.648,-2.830,37.662,0.061,2.078,1.265,90.000,1.300,0.000,6.621,11.882,0.029,1.262,5.339,0.000,0.600,0.500,0.000,0.000,1.000,0.000,0.000,1.000,-0.000
2025-07-14 12:57:14.681099,7556,126.62247730,45.80100260,86.605,-2.675,37.651,0.037,2.217,1.235,90.000,1.300,0.000,6.477,11.889,0.029,1.249,5.339,0.000,0.600,0.500,0.000,0.000,1.000,0.000,0.000,1.000,-0.000
2025-07-14 12:57:14.791211,9156,126.62247890,45.80100250,86.495,-2.592,37.639,0.027,2.341,1.235,90.000,1.300,0.000,6.296,11.897,0.029,1.246,5.339,0.000,0.600,0.500,0.000,0.000,1.000,0.000,0.000,1.000,-0.000
2025-07-14 12:57:14.901305,1156,126.62248090,45.80100250,86.702,-2.105,37.639,0.174,2.496,1.299,90.000,1.300,0.000,6.738,11.907,0.029,1.260,5.339,0.000,0.600,0.500,0.000,0.000,1.000,0.000,0.000,1.000,-0.000
2025-07-14 12:57:15.011427,2856,126.62248260,45.80100260,86.934,-1.501,37.651,0.169,2.628,1.319,90.000,1.300,0.000,5.214,11.913,0.029,1.292,5.339,0.000,0.600,0.500,0.000,0.000,1.000,0.000,0.000,1.000,-0.000
2025-07-14 12:57:15.121502,4856,126.62248460,45.80100260,87.295,-0.733,37.651,0.100,2.783,1.232,90.000,1.300,0.000,4.706,11.915,0.029,1.292,5.497,0.000,0.600,0.500,0.000,0.000,1.000,0.000,0.000,1.000,-0.000
2025-07-14 12:57:15.231634,6576,126.62248630,45.80100270,87.574,-0.135,37.662,0.102,2.915,1.220,90.000,1.300,0.000,3.588,11.916,0.029,1.263,5.497,0.000,0.600,0.500,0.000,0.000,1.000,0.000,0.000,1.000,-0.000
2025-07-14 12:57:15.341730,8586,126.62248830,45.80100280,87.775,0.439,37.673,0.055,3.070,1.234,90.000,1.300,0.000,3.382,11.922,0.029,1.232,5.497,0.000,0.600,0.500,0.000,0.000,1.000,0.000,0.000,1.000,-0.000
2025-07-14 12:57:15.451840,596,126.62249030,45.80100290,87.825,0.776,37.684,0.080,3.225,1.219,90.000,1.300,0.000,3.304,11.934,0.029,1.227,5.497,0.000,0.600,0.500,0.000,0.000,1.000,0.000,0.000,1.000,-0.000
2025-07-14 12:57:15.561940,2316,126.62249200,45.80100310,87.843,0.983,37.706,0.023,3.357,1.304,90.000,1.300,0.000,3.763,11.947,0.029,1.254,1.708,0.000,0.600,0.500,0.000,0.000,1.000,0.000,0.000,1.000,-0.000
2025-07-14 12:57:15.672051,4316,126.62249400,45.80100320,87.746,0.999,37.717,0.052,3.512,1.353,90.000,1.300,0.000,3.847,11.955,0.030,1.293,1.708,0.000,0.600,0.500,0.000,0.000,1.000,0.000,0.000,1.000,-0.000
2025-07-14 12:57:15.782148,6139,126.62249580,45.80100330,87.618,0.922,37.728,0.043,3.651,1.353,90.000,1.300,0.000,4.439,11.956,0.030,1.337,1.708,0.000,0.600,0.500,0.000,0.000,1.000,0.000,0.000,1.000,-0.000
2025-07-14 12:57:15.892262,8049,126.62249770,45.80100340,87.481,0.897,37.740,-0.007,3.798,1.270,90.000,1.300,0.000,4.782,11.949,0.030,1.326,1.708,0.000,0.600,0.500,0.000,0.000,1.000,0.000,0.000,1.000,0.000
2025-07-14 12:57:16.002354,9646,126.62249930,45.80100340,87.321,0.564,37.740,0.008,3.923,1.233,90.000,1.300,0.000,5.061,11.945,0.030,1.286,1.708,0.000,0.600,0.500,0.000,0.000,1.000,0.000,0.000,1.000,0.000
2025-07-14 12:57:16.112452,1446,126.62250110,45.80100340,87.149,0.197,37.740,0.005,4.062,1.236,90.000,1.300,0.000,5.433,11.947,0.030,1.246,1.865,0.000,0.600,0.500,0.000,0.000,1.000,0.000,0.000,1.000,0.000
2025-07-14 12:57:16.222580,2936,126.62250260,45.80100330,86.971,-0.293,37.728,0.004,4.178,1.192,90.000,1.300,0.000,5.786,11.957,0.030,1.220,1.865,0.000,0.600,0.500,0.000,0.000,1.000,0.000,0.000,1.000,0.000
2025-07-14 12:57:16.332672,4736,126.62250440,45.80100330,86.714,-0.781,37.728,0.009,4.318,1.288,90.000,1.300,0.000,6.128,11.970,0.030,1.239,1.865,0.000,0.600,0.500,0.000,0.000,1.000,0.000,0.000,1.000,0.000
2025-07-14 12:57:16.442877,6336,126.62250600,45.80100330,86.458,-1.196,37.728,0.002,4.442,1.312,90.000,1.300,0.000,6.878,11.981,0.030,1.264,1.865,0.000,0.600,0.500,0.000,0.000,1.000,0.000,0.000,1.000,0.000
2025-07-14 12:57:16.552876,8136,126.62250780,45.80100330,86.244,-1.436,37.728,0.054,4.581,1.239,90.000,1.300,0.000,7.334,11.987,0.030,1.280,1.865,0.000,0.600,0.500,0.000,0.000,1.000,0.000,0.000,1.000,0.000
2025-07-14 12:57:16.662974,9736,126.62250940,45.80100330,86.141,-1.546,37.728,0.040,4.705,1.227,90.000,1.300,0.000,7.569,11.990,0.030,1.260,5.129,0.000,0.600,0.500,0.000,0.000,1.000,0.000,0.000,1.000,0.000
2025-07-14 12:57:16.773087,1636,126.62251130,45.80100330,86.179,-1.423,37.728,0.044,4.853,1.208,90.000,1.300,0.000,7.350,11.997,0.030,1.226,5.129,0.000,0.600,0.500,0.000,0.000,1.000,0.000,0.000,1.000,0.000
2025-07-14 12:57:16.883192,3033,126.62251270,45.80100330,86.421,-1.090,37.728,0.027,4.961,1.158,90.000,1.300,0.000,6.770,12.000,0.030,1.198,5.129,0.000,0.600,0.500,0.000,0.000,1.000,0.000,0.000,1.000,0.000
2025-07-14 12:57:16.993296,4746,126.62251440,45.80100340,86.502,-0.892,37.740,0.066,5.093,1.281,90.000,1.300,0.000,5.593,12.000,0.030,1.217,5.129,0.000,0.600,0.500,0.000,0.000,1.000,0.000,0.000,1.000,0.000
2025-07-14 12:57:17.103377,6256,126.62251590,45.80100350,86.579,-0.677,37.751,0.096,5.209,1.323,90.000,1.300,0.000,6.032,12.000,0.030,1.256,3.971,0.000,0.600,0.500,0.000,0.000,1.000,0.000,0.000,1.000,0.000
2025-07-14 12:57:17.213527,8066,126.62251770,45.80100360,86.635,-0.469,37.762,0.054,5.349,1.243,90.000,1.300,0.000,5.908,12.000,0.030,1.284,3.971,0.000,0.600,0.500,0.000,0.000,1.000,0.000,0.000,1.000,0.000
2025-07-14 12:57:17.323620,9576,126.62251920,45.80100370,86.788,-0.168,37.773,0.077,5.465,1.257,90.000,1.300,0.000,5.884,12.000,0.030,1.277,3.971,0.000,0.600,0.500,0.000,0.000,1.000,0.000,0.000,1.000,0.000
2025-07-14 12:57:17.433714,1276,126.62252090,45.80100380,87.014,0.271,37.784,0.077,5.597,1.246,90.000,1.300,0.000,5.255,12.000,0.030,1.251,3.971,0.000,0.600,0.500,0.000,0.000,1.000,0.000,0.000,1.000,0.000
2025-07-14 12:57:17.543817,3096,126.62252270,45.80100390,87.233,0.703,37.795,0.135,5.737,1.274,90.000,1.300,0.000,4.584,12.000,0.030,1.263,3.971,0.000,0.600,0.500,0.000,0.000,1.000,0.000,0.000,1.000,0.000
2025-07-14 12:57:17.653916,4706,126.62252430,45.80100400,87.437,1.083,37.806,0.153,5.861,1.274,90.000,1.300,0.000,4.215,12.000,0.030,1.271,5.287,0.000,0.600,0.500,0.000,0.000,1.000,0.000,0.000,1.000,0.000
2025-07-14 12:57:17.764035,6516,126.62252610,45.80100410,87.748,1.459,37.817,0.146,6.000,1.248,90.000,1.300,0.000,3.902,12.000,0.030,1.274,5.287,0.000,0.600,0.500,0.000,0.000,1.000,0.000,0.000,1.000,0.000
2025-07-14 12:57:17.874128,8126,126.62252770,45.80100420,88.090,1.732,37.829,0.117,6.124,1.252,90.000,1.300,0.000,2.954,12.000,0.030,1.266,5.287,0.000,0.600,0.500,0.000,0.000,1.000,0.000,0.000,1.000,0.000
2025-07-14 12:57:17.984228,136,126.62252970,45.80100440,88.416,1.811,37.851,0.123,6.279,1.213,90.000,1.300,0.000,2.226,12.000,0.030,1.244,5.287,0.000,0.600,0.500,0.000,0.000,1.000,0.000,0.000,1.000,0.000
2025-07-14 12:57:18.094320,1866,126.62253140,45.80100460,88.647,1.947,37.873,0.127,6.411,1.238,90.000,1.300,0.000,1.697,12.000,0.030,1.240,5.971,0.000,0.600,0.500,0.000,0.000,1.000,0.000,0.000,1.000,0.000
2025-07-14 12:57:18.204451,3886,126.62253340,45.80100480,88.928,2.133,37.895,0.102,6.566,1.244,90.000,1.300,0.000,1.627,12.000,0.030,1.237,5.971,0.000,0.600,0.500,0.000,0.000,1.000,0.000,0.000,1.000,0.000
2025-07-14 12:57:18.314553,5606,126.62253510,45.80100500,89.066,2.207,37.917,0.072,6.698,1.227,90.000,1.300,0.000,0.939,12.000,0.030,1.241,5.971,0.000,0.600,0.500,0.000,0.000,1.000,0.000,0.000,1.000,0.000
2025-07-14 12:57:18.424656,7626,126.62253710,45.80100520,89.080,2.081,37.940,0.097,6.853,1.255,90.000,1.300,0.000,1.211,12.000,0.030,1.245,5.971,0.000,0.600,0.500,0.000,0.000,1.000,0.000,0.000,1.000,0.000
2025-07-14 12:57:18.534793,9326,126.62253880,45.80100520,89.100,1.894,37.940,-0.038,6.985,1.261,90.000,1.300,0.000,1.635,12.000,0.030,1.250,5.971,0.000,0.600,0.500,0.000,0.000,1.000,0.000,0.000,1.000,0.000
2025-07-14 12:57:18.644854,1216,126.62254070,45.80100510,89.073,1.670,37.929,-0.047,7.132,1.261,90.000,1.300,0.000,1.578,12.000,0.030,1.261,3.813,0.000,0.600,0.500,0.000,0.000,1.000,0.000,0.000,1.000,0.000
2025-07-14 12:57:18.754978,2896,126.62254240,45.80100490,89.003,1.421,37.906,-0.072,7.264,1.237,90.000,1.300,0.000,1.797,12.000,0.030,1.254,3.813,0.000,0.600,0.500,0.000,0.000,1.000,0.000,0.000,1.000,0.000
2025-07-14 12:57:18.865066,4886,126.62254440,45.80100480,88.784,0.939,37.895,0.045,7.419,1.294,90.000,1.300,0.000,2.079,12.000,0.030,1.265,3.813,0.000,0.600,0.500,0.000,0.000,1.000,0.000,0.000,1.000,0.000
2025-07-14 12:57:18.975168,6496,126.62254600,45.80100490,88.651,0.511,37.906,0.040,7.543,1.307,90.000,1.300,0.000,3.015,12.000,0.030,1.280,3.813,0.000,0.600,0.500,0.000,0.000,1.000,0.000,0.000,1.000,0.000
2025-07-14 12:57:19.085267,8419,126.62254790,45.80100510,88.576,0.147,37.929,0.054,7.690,1.302,90.000,1.300,0.000,2.942,12.000,0.030,1.302,3.287,0.000,0.600,0.500,0.000,0.000,1.000,0.000,0.000,1.000,0.000
2025-07-14 12:57:19.195383,106,126.62254960,45.80100500,88.534,-0.102,37.917,0.004,7.822,1.272,90.000,1.300,0.000,2.866,12.000,0.030,1.294,3.287,0.000,0.600,0.500,0.000,0.000,1.000,0.000,0.000,1.000,0.000
2025-07-14 12:57:19.305570,1986,126.62255150,45.80100480,88.442,-0.441,37.895,0.021,7.969,1.261,90.000,1.300,0.000,2.822,12.000,0.030,1.279,3.287,0.000,0.600,0.500,0.000,0.000,1.000,0.000,0.000,1.000,0.000
2025-07-14 12:57:19.415590,3696,126.62255320,45.80100490,88.359,-0.642,37.906,0.030,8.101,1.247,90.000,1.300,0.000,3.169,12.000,0.030,1.260,3.287,0.000,0.600,0.500,0.000,0.000,1.000,0.000,0.000,1.000,0.000
2025-07-14 12:57:19.525698,5616,126.62255510,45.80100510,88.304,-0.704,37.929,0.035,8.248,1.239,90.000,1.300,0.000,3.286,12.000,0.030,1.249,3.287,0.000,0.600,0.500,0.000,0.000,1.000,0.000,0.000,1.000,0.000
2025-07-14 12:57:19.635797,7526,126.62255700,45.80100520,88.232,-0.788,37.940,0.042,8.395,1.213,90.000,1.300,0.000,3.283,12.000,0.030,1.234,3.287,0.000,0.600,0.500,0.000,0.000,1.000,0.000,0.000,1.000,0.000
2025-07-14 12:57:19.755928,9236,126.62255870,45.80100530,88.171,-0.814,37.951,0.040,8.527,1.221,90.000,1.300,0.000,3.455,12.000,0.030,1.225,3.287,0.000,0.600,0.500,0.000,0.000,1.000,0.000,0.000,1.000,0.000
2025-07-14 12:57:19.866027,1136,126.62256060,45.80100530,88.193,-0.731,37.951,-0.067,8.675,1.300,90.000,1.300,0.000,3.542,12.000,0.030,1.246,3.287,0.000,0.600,0.500,0.000,0.000,1.000,0.000,0.000,1.000,0.000
2025-07-14 12:57:19.976124,3026,126.62256250,45.80100520,88.228,-0.500,37.940,0.052,8.822,1.254,90.000,1.300,0.000,3.203,12.000,0.030,1.259,3.287,0.000,0.600,0.500,0.000,0.000,1.000,0.000,0.000,1.000,0.000
2025-07-14 12:57:20.086210,4706,126.62256420,45.80100500,88.126,-0.473,37.917,0.068,8.954,1.281,90.000,1.300,0.000,3.093,12.000,0.031,1.280,5.444,0.000,0.600,0.500,0.000,0.000,1.000,0.000,0.000,1.000,0.000
2025-07-14 12:57:20.196330,6706,126.62256620,45.80100500,87.713,-0.780,37.917,-0.005,9.109,1.328,90.000,1.300,0.000,3.774,12.000,0.031,1.289,5.444,0.000,0.600,0.500,0.000,0.000,1.000,0.000,0.000,1.000,0.000
2025-07-14 12:57:20.306437,8509,126.62256800,45.80100500,87.416,-1.012,37.917,-0.005,9.248,1.322,90.000,1.300,0.000,5.647,12.000,0.031,1.311,5.444,0.000,0.600,0.500,0.000,0.000,1.000,0.000,0.000,1.000,0.000
2025-07-14 12:57:20.416540,509,126.62257000,45.80100500,87.245,-1.084,37.917,-0.022,9.403,1.253,90.000,1.300,0.000,5.760,11.998,0.031,1.301,5.444,0.000,0.600,0.500,0.000,0.000,1.000,0.000,0.000,1.000,0.000
2025-07-14 12:57:20.526646,2206,126.62257170,45.80100500,87.144,-1.100,37.917,0.025,9.535,1.299,90.000,1.300,0.000,5.611,11.998,0.031,1.291,5.444,0.000,0.600,0.500,0.000,0.000,1.000,0.000,0.000,1.000,0.000
2025-07-14 12:57:20.636814,4096,126.62257360,45.80100490,87.082,-1.107,37.906,0.025,9.682,1.303,90.000,1.300,0.000,5.538,11.999,0.031,1.285,6.287,0.000,0.600,0.500,0.000,0.000,1.000,0.000,0.000,1.000,0.000
2025-07-14 12:57:20.746860,5799,126.62257530,45.80100490,87.153,-0.977,37.906,0.021,9.814,1.308,90.000,1.300,0.000,5.508,12.000,0.031,1.304,6.287,0.000,0.600,0.500,0.000,0.000,1.000,0.000,0.000,1.000,0.000
2025-07-14 12:57:20.856971,7706,126.62257720,45.80100500,87.373,-0.726,37.917,0.070,9.961,1.167,60.000,1.300,0.000,4.897,11.999,0.000,1.260,6.287,0.000,0.600,0.500,0.000,0.000,1.000,0.000,0.000,1.000,0.000
2025-07-14 12:57:20.967070,9436,126.62257890,45.80100530,87.628,-0.514,37.951,0.092,10.093,1.218,60.000,1.300,0.000,-30.000,12.000,-0.000,1.233,6.287,0.000,0.600,0.500,0.000,0.000,1.000,0.000,0.000,1.000,0.000
2025-07-14 12:57:21.077143,966,126.62258040,45.80100560,87.864,-0.333,37.984,0.092,10.209,1.211,60.000,1.300,0.000,-30.000,12.000,-0.001,1.202,11.181,0.000,0.600,0.500,0.000,0.000,1.000,0.000,0.000,1.000,0.000
2025-07-14 12:57:21.187273,2806,126.62258220,45.80100600,87.820,-0.280,38.029,0.065,10.349,1.285,60.000,1.300,0.000,-30.000,12.000,-0.001,1.241,11.181,0.000,0.600,0.500,0.000,0.000,1.000,0.000,0.000,1.000,0.000
2025-07-14 12:57:21.297384,4539,126.62258390,45.80100630,86.964,-0.683,38.062,0.142,10.481,1.415,60.000,1.300,0.000,-30.000,12.000,-0.001,1.308,11.181,0.000,0.600,0.500,0.000,0.000,1.000,0.000,0.000,1.000,0.000
2025-07-14 12:57:21.407491,6559,126.62258590,45.80100650,85.327,-1.901,38.084,0.009,10.636,1.408,60.000,1.300,0.000,-30.000,11.999,-0.002,1.372,11.181,0.000,0.600,0.500,0.000,0.000,1.000,0.000,0.000,1.000,0.000
2025-07-14 12:57:21.517588,8472,126.62258780,45.80100660,83.520,-3.388,38.095,-0.092,10.783,1.418,60.000,1.300,0.000,-30.000,11.986,-0.002,1.417,11.181,0.000,0.600,0.500,0.000,0.000,1.000,0.000,0.000,1.000,0.000
2025-07-14 12:57:21.627721,692,126.62259000,45.80100680,80.984,-5.602,38.118,-0.095,10.954,1.502,60.000,1.300,0.000,-30.000,11.966,-0.002,1.445,-26.029,0.000,0.600,0.500,0.000,0.000,1.000,0.000,0.000,1.000,-0.000
2025-07-14 12:57:21.737785,2712,126.62259200,45.80100700,78.489,-7.814,38.140,-0.108,11.109,1.473,60.000,1.300,0.000,-28.563,11.941,-0.002,1.468,-26.029,0.000,0.600,0.500,0.000,0.000,1.000,0.000,0.000,1.000,-0.000
2025-07-14 12:57:21.847900,4912,126.62259420,45.80100700,75.682,-10.430,38.140,-0.253,11.279,1.472,60.000,1.300,0.000,-24.223,11.913,-0.002,1.492,-26.029,0.000,0.600,0.500,0.000,0.000,1.000,0.000,0.000,1.000,-0.000
2025-07-14 12:57:21.958012,6772,126.62259610,45.80100660,73.055,-13.018,38.095,-0.288,11.426,1.469,60.000,1.300,0.000,-18.025,11.880,-0.003,1.489,-26.029,0.000,0.600,0.500,0.000,0.000,1.000,0.000,0.000,1.000,-0.000
2025-07-14 12:57:22.068102,9025,126.62259840,45.80100610,69.892,-16.100,38.040,-0.315,11.605,1.477,60.000,1.300,0.000,-13.958,11.847,-0.003,1.500,-25.187,0.000,0.600,0.500,0.000,0.000,1.000,0.000,0.000,1.000,-0.000
2025-07-14 12:57:22.178206,995,126.62260040,45.80100580,67.124,-18.829,38.006,0.092,11.760,1.692,60.000,1.300,0.000,-6.316,11.813,-0.003,1.567,-25.187,0.000,0.600,0.500,0.000,0.000,1.000,0.000,0.000,1.000,-0.000
2025-07-14 12:57:22.288315,3268,126.62260270,45.80100550,64.128,-21.512,37.973,-0.026,11.938,1.656,60.000,1.300,0.000,-2.770,11.767,-0.003,1.620,-25.187,0.000,0.600,0.500,0.000,0.000,1.000,0.000,0.000,1.000,-0.000
2025-07-14 12:57:22.398419,5138,126.62260460,45.80100520,61.782,-22.867,37.940,-0.144,12.085,1.646,60.000,1.300,0.000,3.450,11.712,-0.003,1.668,-25.187,0.000,0.600,0.500,0.000,0.000,1.000,0.000,0.000,1.000,-0.000
2025-07-14 12:57:22.508518,7278,126.62260680,45.80100460,59.606,-23.357,37.873,-0.285,12.256,1.589,60.000,1.300,0.000,5.309,11.649,-0.003,1.641,-25.187,0.000,0.600,0.500,0.000,0.000,1.000,0.000,0.000,1.000,-0.000
2025-07-14 12:57:22.618649,9018,126.62260860,45.80100400,58.113,-23.071,37.806,-0.386,12.395,1.528,60.000,1.300,0.000,8.616,11.591,-0.003,1.614,-0.503,0.000,0.600,0.500,0.000,0.000,1.000,0.000,0.000,1.000,-0.000
2025-07-14 12:57:22.728794,1025,126.62261070,45.80100320,56.996,-21.781,37.717,-0.458,12.558,1.534,60.000,1.300,0.000,8.816,11.537,-0.003,1.597,-0.503,0.000,0.600,0.500,0.000,0.000,1.000,0.000,0.000,1.000,-0.000
2025-07-14 12:57:22.838841,3048,126.62261280,45.80100230,55.847,-20.558,37.617,-0.552,12.721,1.527,60.000,1.300,0.000,9.461,11.486,-0.003,1.600,-0.503,0.000,0.600,0.500,0.000,0.000,1.000,0.000,0.000,1.000,-0.000
2025-07-14 12:57:22.948955,4665,126.62261450,45.80100150,55.606,-18.225,37.528,0.785,12.853,1.357,60.000,1.300,0.000,11.649,11.435,-0.003,1.597,-0.503,0.000,0.600,0.500,0.000,0.000,1.000,0.000,0.000,1.000,-0.000
2025-07-14 12:57:23.059136,6665,126.62261660,45.80100050,55.472,-15.958,37.417,0.753,13.016,1.355,60.000,1.300,0.000,8.782,11.384,-0.003,1.581,-0.503,0.000,0.600,0.500,0.000,0.000,1.000,0.000,0.000,1.000,-0.000
2025-07-14 12:57:23.179160,8375,126.62261840,45.80099960,55.556,-13.038,37.317,0.788,13.155,1.218,60.000,1.300,0.000,8.634,11.336,-0.003,1.523,8.234,0.000,0.600,0.500,0.000,0.000,1.000,0.000,0.000,1.000,-0.000
2025-07-14 12:57:23.299813,262,126.62262040,45.80099850,55.826,-10.297,37.195,0.800,13.310,1.212,60.000,1.300,0.000,7.716,11.297,-0.003,1.484,8.234,0.000,0.600,0.500,0.000,0.000,1.000,0.000,0.000,1.000,-0.000
2025-07-14 12:57:23.419408,2352,126.62262260,45.80099740,56.198,-7.263,37.072,0.795,13.481,1.135,60.000,1.300,0.000,6.615,11.266,-0.003,1.430,8.234,0.000,0.600,0.500,0.000,0.000,1.000,0.000,0.000,1.000,-0.000
2025-07-14 12:57:23.539503,4249,126.62262460,45.80099640,56.913,-4.534,36.961,0.738,13.636,1.119,60.000,1.300,0.000,5.597,11.244,-0.003,1.393,8.234,0.000,0.600,0.500,0.000,0.000,1.000,0.000,0.000,1.000,-0.000
2025-07-14 12:57:23.659610,6049,126.62262650,45.80099540,57.826,-1.795,36.850,0.734,13.783,1.121,60.000,1.300,0.000,3.172,11.228,-0.003,1.355,9.602,0.000,0.600,0.500,0.000,0.000,1.000,0.000,0.000,1.000,-0.000
2025-07-14 12:57:23.779729,7849,126.62262840,45.80099440,58.761,0.341,36.739,0.749,13.930,1.112,60.000,1.300,0.000,0.870,11.218,-0.003,1.340,9.602,0.000,0.600,0.500,0.000,0.000,1.000,0.000,0.000,1.000,-0.000
2025-07-14 12:57:23.899842,9439,126.62263000,45.80099430,59.617,2.070,36.728,0.819,14.054,0.931,60.000,1.300,0.000,-0.886,11.211,-0.003,1.307,9.602,0.000,0.600,0.500,0.000,0.000,1.000,0.000,0.000,1.000,-0.000
2025-07-14 12:57:24.019964,966,126.62263140,45.80099560,60.461,3.818,36.872,0.799,14.163,1.044,60.000,1.300,0.000,-2.164,11.210,-0.003,1.298,9.602,0.000,0.600,0.500,0.000,0.000,1.000,0.000,0.000,1.000,-0.000
2025-07-14 12:57:24.140069,2286,126.62263260,45.80099680,60.974,4.464,37.006,0.765,14.256,1.087,60.000,1.300,0.000,-3.641,11.210,-0.003,1.295,2.392,0.000,0.600,0.500,0.000,0.000,1.000,0.000,0.000,1.000,-0.000
2025-07-14 12:57:24.260186,3709,126.62263390,45.80099800,61.320,4.871,37.139,0.808,14.357,1.083,60.000,1.300,0.000,-3.466,11.211,-0.003,1.332,2.392,0.000,0.600,0.500,0.000,0.000,1.000,0.000,0.000,1.000,-0.000
2025-07-14 12:57:24.380298,5129,126.62263520,45.80099920,61.381,4.852,37.273,0.717,14.458,1.169,60.000,1.300,0.000,-3.531,11.206,-0.003,1.351,2.392,0.000,0.600,0.500,0.000,0.000,1.000,0.000,0.000,1.000,0.000
2025-07-14 12:57:24.490404,6659,126.62263660,45.80100050,61.391,4.636,37.417,0.762,14.566,1.195,60.000,1.300,0.000,-2.692,11.197,-0.003,1.380,2.392,0.000,0.600,0.500,0.000,0.000,1.000,0.000,0.000,1.000,0.000
2025-07-14 12:57:24.600496,8289,126.62263810,45.80100180,61.054,4.020,37.562,0.722,14.682,1.175,60.000,1.300,0.000,-2.543,11.183,-0.003,1.389,-1.819,0.000,0.600,0.500,0.000,0.000,1.000,0.000,0.000,1.000,-0.000
2025-07-14 12:57:24.710604,9799,126.62263950,45.80100290,60.756,3.153,37.684,0.719,14.791,1.161,60.000,1.300,0.000,-0.676,11.168,-0.003,1.387,-1.819,0.000,0.600,0.500,0.000,0.000,1.000,0.000,0.000,1.000,-0.000
2025-07-14 12:57:24.820819,1429,126.62264100,45.80100420,60.715,2.355,37.829,0.743,14.907,1.189,60.000,1.300,0.000,-0.281,11.153,-0.003,1.382,-1.819,0.000,0.600,0.500,0.000,0.000,1.000,0.000,0.000,1.000,-0.000
2025-07-14 12:57:24.930829,3539,126.62264300,45.80100530,60.158,1.069,37.951,0.680,15.062,1.235,60.000,1.300,0.000,-1.141,11.139,-0.003,1.392,-1.819,0.000,0.600,0.500,0.000,0.000,1.000,0.000,0.000,1.000,-0.000
2025-07-14 12:57:25.040915,5422,126.62264480,45.80100610,59.620,-0.133,38.040,0.676,15.202,1.250,60.000,1.300,0.000,1.738,11.123,-0.003,1.411,-1.819,0.000,0.600,0.500,0.000,0.000,1.000,0.000,0.000,1.000,-0.000
2025-07-14 12:57:25.151025,7632,126.62264690,45.80100720,59.013,-1.388,38.162,0.674,15.365,1.205,60.000,1.300,0.000,2.636,11.104,-0.003,1.404,0.497,0.000,0.600,0.500,0.000,0.000,1.000,0.000,0.000,1.000,-0.000
2025-07-14 12:57:25.261137,9619,126.62264880,45.80100810,58.369,-2.396,38.262,0.675,15.512,1.214,60.000,1.300,0.000,3.979,11.086,-0.003,1.397,0.497,0.000,0.600,0.500,0.000,0.000,1.000,0.000,0.000,1.000,-0.000
2025-07-14 12:57:25.371249,1719,126.62265080,45.80100910,57.896,-3.112,38.373,0.579,15.667,1.168,60.000,1.300,0.000,5.273,11.070,-0.003,1.358,0.497,0.000,0.600,0.500,0.000,0.000,1.000,0.000,0.000,1.000,-0.000
2025-07-14 12:57:25.481337,3489,126.62265250,45.80100990,57.755,-3.291,38.462,0.523,15.799,1.152,60.000,1.300,0.000,5.503,11.060,-0.003,1.319,0.497,0.000,0.600,0.500,0.000,0.000,1.000,0.000,0.000,1.000,-0.000
2025-07-14 12:57:25.591443,5586,126.62265450,45.80101080,57.789,-3.269,38.562,0.725,15.954,1.064,60.000,1.300,0.000,4.551,11.057,-0.003,1.285,6.550,0.000,0.600,0.500,0.000,0.000,1.000,0.000,0.000,1.000,-0.000
2025-07-14 12:57:25.701547,7266,126.62265610,45.80101160,57.922,-2.842,38.651,0.704,16.078,1.023,60.000,1.300,0.000,3.854,11.059,-0.003,1.265,6.550,0.000,0.600,0.500,0.000,0.000,1.000,0.000,0.000,1.000,-0.000
2025-07-14 12:57:25.811645,9256,126.62265800,45.80101250,58.122,-2.389,38.751,0.725,16.225,1.027,60.000,1.300,0.000,3.255,11.065,-0.003,1.262,6.550,0.000,0.600,0.500,0.000,0.000,1.000,0.000,0.000,1.000,-0.000
2025-07-14 12:57:25.921759,646,126.62265930,45.80101340,58.247,-2.238,38.852,0.778,16.326,1.075,60.000,1.300,0.000,2.651,11.072,-0.003,1.275,6.550,0.000,0.600,0.500,0.000,0.000,1.000,0.000,0.000,1.000,-0.000
2025-07-14 12:57:26.031873,2249,126.62266080,45.80101440,58.321,-1.665,38.963,0.770,16.442,1.098,60.000,1.300,0.000,2.699,11.076,-0.003,1.308,6.550,0.000,0.600,0.500,0.000,0.000,1.000,0.000,0.000,1.000,-0.000
2025-07-14 12:57:26.141954,3739,126.62266220,45.80101530,58.428,-1.078,39.063,0.770,16.551,1.142,60.000,1.300,0.000,2.751,11.074,-0.003,1.348,2.023,0.000,0.600,0.500,0.000,0.000,1.000,0.000,0.000,1.000,-0.000
2025-07-14 12:57:26.252077,5449,126.62266380,45.80101640,58.544,-0.421,39.185,0.790,16.675,1.140,60.000,1.300,0.000,2.438,11.066,-0.003,1.368,2.023,0.000,0.600,0.500,0.000,0.000,1.000,0.000,0.000,1.000,-0.000
2025-07-14 12:57:26.362194,6939,126.62266520,45.80101730,58.622,0.229,39.285,0.698,16.783,1.074,60.000,1.300,0.000,2.197,11.054,-0.002,1.348,2.023,0.000,0.600,0.500,0.000,0.000,1.000,0.000,0.000,1.000,-0.000
2025-07-14 12:57:26.472289,8539,126.62266670,45.80101840,58.676,0.708,39.407,0.716,16.899,1.082,60.000,1.300,0.000,2.195,11.046,-0.002,1.322,2.023,0.000,0.600,0.500,0.000,0.000,1.000,0.000,0.000,1.000,-0.000
2025-07-14 12:57:26.582377,146,126.62266820,45.80101940,58.708,0.866,39.519,0.742,17.016,1.082,60.000,1.300,0.000,2.185,11.042,-0.002,1.297,2.129,0.000,0.600,0.500,0.000,0.000,1.000,0.000,0.000,1.000,-0.000
2025-07-14 12:57:26.692493,1859,126.62266980,45.80102050,58.818,0.935,39.641,0.755,17.140,1.063,60.000,1.300,0.000,2.207,11.043,-0.002,1.304,2.129,0.000,0.600,0.500,0.000,0.000,1.000,0.000,0.000,1.000,0.000
2025-07-14 12:57:26.802595,3359,126.62267120,45.80102150,58.929,0.915,39.752,0.758,17.248,1.063,60.000,1.300,0.000,1.726,11.042,-0.002,1.307,2.129,0.000,0.600,0.500,0.000,0.000,1.000,0.000,0.000,1.000,0.000
2025-07-14 12:57:26.912707,4949,126.62267270,45.80102240,58.966,0.767,39.852,0.734,17.365,1.092,60.000,1.300,0.000,1.522,11.041,-0.002,1.308,2.129,0.000,0.600,0.500,0.000,0.000,1.000,0.000,0.000,1.000,0.000
2025-07-14 12:57:27.022811,6539,126.62267420,45.80102330,58.952,0.640,39.952,0.721,17.481,1.093,60.000,1.300,0.000,1.724,11.039,-0.002,1.310,2.129,0.000,0.600,0.500,0.000,0.000,1.000,0.000,0.000,1.000,-0.000
2025-07-14 12:57:27.132899,7919,126.62267550,45.80102410,58.936,0.558,40.041,0.726,17.582,1.106,60.000,1.300,0.000,1.935,11.038,-0.002,1.316,2.287,0.000,0.600,0.500,0.000,0.000,1.000,0.000,0.000,1.000,-0.000
2025-07-14 12:57:27.243013,9509,126.62267700,45.80102500,58.907,0.435,40.141,0.736,17.698,1.104,60.000,1.300,0.000,1.971,11.035,-0.002,1.320,2.287,0.000,0.600,0.500,0.000,0.000,1.000,0.000,0.000,1.000,-0.000
2025-07-14 12:57:27.353114,989,126.62267840,45.80102580,58.909,0.331,40.230,0.723,17.806,1.101,60.000,1.300,0.000,2.070,11.031,-0.002,1.322,2.287,0.000,0.600,0.500,0.000,0.000,1.000,0.000,0.000,1.000,-0.000
2025-07-14 12:57:27.463210,2579,126.62267990,45.80102670,58.930,0.280,40.330,0.747,17.923,1.110,60.000,1.300,0.000,1.954,11.028,-0.002,1.327,2.287,0.000,0.600,0.500,0.000,0.000,1.000,0.000,0.000,1.000,-0.000
2025-07-14 12:57:27.573323,4049,126.62268130,45.80102750,58.947,0.246,40.419,0.748,18.031,1.115,60.000,1.300,0.000,1.847,11.023,-0.002,1.333,2.287,0.000,0.600,0.500,0.000,0.000,1.000,0.000,0.000,1.000,-0.000
2025-07-14 12:57:27.683441,5759,126.62268290,45.80102850,58.975,0.243,40.531,0.763,18.155,1.113,60.000,1.300,0.000,1.831,11.017,-0.002,1.343,2.287,0.000,0.600,0.500,0.000,0.000,1.000,0.000,0.000,1.000,-0.000
2025-07-14 12:57:27.793531,7139,126.62268420,45.80102930,58.986,0.153,40.620,0.783,18.256,1.114,60.000,1.300,0.000,1.741,11.010,-0.002,1.351,2.287,0.000,0.600,0.500,0.000,0.000,1.000,0.000,0.000,1.000,-0.000
2025-07-14 12:57:27.903639,8929,126.62268590,45.80103020,58.974,0.041,40.720,0.749,18.388,1.043,60.000,1.300,0.000,1.783,11.001,-0.002,1.332,2.287,0.000,0.600,0.500,0.000,0.000,1.000,0.000,0.000,1.000,-0.000
2025-07-14 12:57:28.013741,419,126.62268730,45.80103110,58.886,-0.073,40.820,0.783,18.496,1.063,60.000,1.300,0.000,1.888,10.996,-0.002,1.322,2.287,0.000,0.600,0.500,0.000,0.000,1.000,0.000,0.000,1.000,-0.000
2025-07-14 12:57:28.123848,2116,126.62268890,45.80103210,58.773,-0.163,40.931,0.696,18.620,1.057,60.000,1.300,0.000,2.322,10.992,-0.002,1.290,2.287,0.000,0.600,0.500,0.000,0.000,1.000,0.000,0.000,1.000,-0.000
2025-07-14 12:57:28.233959,3596,126.62269030,45.80103300,58.668,-0.244,41.031,0.704,18.729,1.053,60.000,1.300,0.000,2.617,10.994,-0.002,1.284,2.287,0.000,0.600,0.500,0.000,0.000,1.000,0.000,0.000,1.000,-0.000
2025-07-14 12:57:28.344048,5306,126.62269190,45.80103400,58.517,-0.355,41.142,0.700,18.853,1.032,60.000,1.300,0.000,2.777,10.996,-0.002,1.260,2.287,0.000,0.600,0.500,0.000,0.000,1.000,0.000,0.000,1.000,0.000
2025-07-14 12:57:28.454161,6796,126.62269330,45.80103490,58.389,-0.472,41.242,0.719,18.961,1.023,60.000,1.300,0.000,3.216,11.003,-0.002,1.255,2.287,0.000,0.600,0.500,0.000,0.000,1.000,0.000,0.000,1.000,-0.000
2025-07-14 12:57:28.564288,8496,126.62269490,45.80103590,58.193,-0.669,41.353,0.722,19.085,1.032,60.000,1.300,0.000,3.363,11.011,-0.002,1.252,2.287,0.000,0.600,0.500,0.000,0.000,1.000,0.000,0.000,1.000,-0.000
2025-07-14 12:57:28.674362,9986,126.62269630,45.80103680,58.025,-0.837,41.453,0.721,19.194,1.032,60.000,1.300,0.000,3.962,11.019,-0.002,1.256,2.287,0.000,0.600,0.500,0.000,0.000,1.000,0.000,0.000,1.000,-0.000
2025-07-14 12:57:28.784489,1586,126.62269780,45.80103780,57.746,-1.116,41.565,0.746,19.310,1.046,60.000,1.300,0.000,4.163,11.027,-0.002,1.268,2.287,0.000,0.600,0.500,0.000,0.000,1.000,0.000,0.000,1.000,-0.000
2025-07-14 12:57:28.894571,3066,126.62269920,45.80103860,57.543,-1.311,41.654,0.656,19.419,0.995,60.000,1.300,0.000,5.068,11.032,-0.002,1.245,2.287,0.000,0.600,0.500,0.000,0.000,1.000,0.000,0.000,1.000,-0.000
2025-07-14 12:57:29.004691,4656,126.62270070,45.80103950,57.236,-1.579,41.754,0.712,19.535,1.018,60.000,1.300,0.000,5.159,11.042,-0.002,1.240,2.287,0.000,0.600,0.500,0.000,0.000,1.000,0.000,0.000,1.000,-0.000
2025-07-14 12:57:29.114779,6126,126.62270210,45.80104030,56.963,-1.747,41.843,0.671,19.644,1.026,60.000,1.300,0.000,6.088,11.052,-0.002,1.220,2.287,0.000,0.600,0.500,0.000,0.000,1.000,0.000,0.000,1.000,-0.000
2025-07-14 12:57:29.224945,7516,126.62270340,45.80104110,56.704,-1.880,41.932,0.679,19.744,1.018,60.000,1.300,0.000,6.457,11.066,-0.002,1.231,2.287,0.000,0.600,0.500,0.000,0.000,1.000,0.000,0.000,1.000,-0.000
2025-07-14 12:57:29.334997,9096,126.62270490,45.80104190,56.549,-1.925,42.021,0.689,19.861,1.050,60.000,1.300,0.000,6.871,11.078,-0.002,1.235,2.287,0.000,0.600,0.500,0.000,0.000,1.000,0.000,0.000,1.000,-0.000
2025-07-14 12:57:29.445099,366,126.62270610,45.80104260,56.478,-1.852,42.098,0.698,19.954,1.045,60.000,1.300,0.000,6.773,11.089,-0.002,1.245,2.287,0.000,0.600,0.500,0.000,0.000,1.000,0.000,0.000,1.000,-0.000
2025-07-14 12:57:29.555212,1946,126.62270760,45.80104340,56.440,-1.771,42.187,0.745,20.070,1.038,60.000,1.300,0.000,6.596,11.098,-0.002,1.263,2.287,0.000,0.600,0.500,0.000,0.000,1.000,0.000,0.000,1.000,-0.000
2025-07-14 12:57:29.665296,3316,126.62270890,45.80104410,56.472,-1.564,42.265,0.758,20.171,1.030,60.000,1.300,0.000,6.544,11.104,-0.002,1.271,5.287,0.000,0.600,0.500,0.000,0.000,1.000,0.000,0.000,1.000,-0.000
2025-07-14 12:57:29.775419,4796,126.62271030,45.80104490,56.584,-1.309,42.354,0.753,20.279,1.033,60.000,1.300,0.000,6.232,11.109,-0.002,1.278,5.287,0.000,0.600,0.500,0.000,0.000,1.000,0.000,0.000,1.000,-0.000
2025-07-14 12:57:29.885520,6266,126.62271170,45.80104560,56.733,-0.920,42.432,0.740,20.388,1.004,60.000,1.300,0.000,5.740,11.113,-0.002,1.268,5.287,0.000,0.600,0.500,0.000,0.000,1.000,0.000,0.000,1.000,-0.000
2025-07-14 12:57:29.995618,7966,126.62271330,45.80104660,56.937,-0.550,42.543,0.808,20.512,1.000,60.000,1.300,0.000,5.337,11.119,-0.002,1.270,5.287,0.000,0.600,0.500,0.000,0.000,1.000,0.000,0.000,1.000,-0.000
2025-07-14 12:57:30.105803,9346,126.62271460,45.80104740,57.083,-0.139,42.632,0.727,20.613,0.962,60.000,1.300,0.000,4.770,11.124,-0.002,1.246,5.497,0.000,0.600,0.500,0.000,0.000,1.000,0.000,0.000,1.000,-0.000
2025-07-14 12:57:30.215827,936,126.62271610,45.80104830,57.278,0.287,42.732,0.710,20.729,0.936,60.000,1.300,0.000,4.719,11.133,-0.002,1.222,5.497,0.000,0.600,0.500,0.000,0.000,1.000,0.000,0.000,1.000,-0.000
2025-07-14 12:57:30.325942,2416,126.62271750,45.80104910,57.535,0.756,42.821,0.777,20.837,0.983,60.000,1.300,0.000,4.189,11.146,-0.002,1.211,5.497,0.000,0.600,0.500,0.000,0.000,1.000,0.000,0.000,1.000,-0.000
2025-07-14 12:57:30.436034,3916,126.62271890,45.80105010,57.905,1.233,42.932,0.769,20.946,0.968,60.000,1.300,0.000,3.502,11.161,-0.002,1.221,5.497,0.000,0.600,0.500,0.000,0.000,1.000,0.000,0.000,1.000,-0.000
2025-07-14 12:57:30.546127,5296,126.62272020,45.80105090,58.180,1.545,43.021,0.747,21.047,0.968,60.000,1.300,0.000,2.425,11.175,-0.002,1.237,5.497,0.000,0.600,0.500,0.000,0.000,1.000,0.000,0.000,1.000,-0.000
2025-07-14 12:57:30.656241,6896,126.62272170,45.80105190,58.544,1.910,43.133,0.741,21.163,0.953,60.000,1.300,0.000,2.275,11.186,-0.002,1.222,5.865,0.000,0.600,0.500,0.000,0.000,1.000,0.000,0.000,1.000,-0.000
2025-07-14 12:57:30.766356,8176,126.62272290,45.80105270,58.839,2.150,43.221,0.753,21.256,0.945,60.000,1.300,0.000,1.297,11.199,-0.002,1.213,5.865,0.000,0.600,0.500,0.000,0.000,1.000,0.000,0.000,1.000,-0.000
2025-07-14 12:57:30.876466,9673,126.62272430,45.80105370,59.036,2.227,43.333,0.738,21.365,0.883,60.000,1.300,0.000,1.017,11.214,-0.002,1.189,5.865,0.000,0.600,0.500,0.000,0.000,1.000,0.000,0.000,1.000,-0.000
2025-07-14 12:57:30.986560,953,126.62272550,45.80105450,59.224,2.262,43.422,0.666,21.458,1.020,60.000,1.300,0.000,1.019,11.233,-0.002,1.192,5.865,0.000,0.600,0.500,0.000,0.000,1.000,0.000,0.000,1.000,-0.000
2025-07-14 12:57:31.096646,2443,126.62272690,45.80105540,59.329,2.172,43.522,0.674,21.566,1.019,60.000,1.300,0.000,0.711,11.251,-0.002,1.197,3.655,0.000,0.600,0.500,0.000,0.000,1.000,0.000,0.000,1.000,-0.000
2025-07-14 12:57:31.206777,3936,126.62272830,45.80105630,59.176,1.900,43.622,0.812,21.675,1.092,60.000,1.300,0.000,0.825,11.269,-0.002,1.267,3.655,0.000,0.600,0.500,0.000,0.000,1.000,0.000,0.000,1.000,-0.000
2025-07-14 12:57:31.316878,5216,126.62272950,45.80105710,59.025,1.586,43.711,0.733,21.768,1.077,60.000,1.300,0.000,2.037,11.275,-0.002,1.295,3.655,0.000,0.600,0.500,0.000,0.000,1.000,0.000,0.000,1.000,-0.000
2025-07-14 12:57:31.426986,6809,126.62273100,45.80105800,58.839,1.183,43.811,0.753,21.884,1.056,60.000,1.300,0.000,2.302,11.276,-0.002,1.320,3.655,0.000,0.600,0.500,0.000,0.000,1.000,0.000,0.000,1.000,-0.000
2025-07-14 12:57:31.537080,8196,126.62273230,45.80105890,58.683,0.705,43.911,0.729,21.985,1.031,60.000,1.300,0.000,2.764,11.272,-0.002,1.287,3.655,0.000,0.600,0.500,0.000,0.000,1.000,0.000,0.000,1.000,-0.000
2025-07-14 12:57:31.647180,9796,126.62273380,45.80105990,58.432,0.231,44.022,0.730,22.101,1.029,60.000,1.300,0.000,2.936,11.274,-0.002,1.274,3.392,0.000,0.600,0.500,0.000,0.000,1.000,0.000,0.000,1.000,-0.000
2025-07-14 12:57:31.767309,1186,126.62273510,45.80106080,58.225,-0.272,44.122,0.714,22.202,1.005,60.000,1.300,0.000,3.667,11.279,-0.002,1.252,3.392,0.000,0.600,0.500,0.000,0.000,1.000,0.000,0.000,1.000,-0.000
2025-07-14 12:57:31.877520,2876,126.62273670,45.80106170,58.013,-0.733,44.222,0.660,22.326,1.064,60.000,1.300,0.000,3.936,11.287,-0.002,1.249,3.392,0.000,0.600,0.500,0.000,0.000,1.000,0.000,0.000,1.000,-0.000
2025-07-14 12:57:31.987573,4826,126.62273850,45.80106320,57.795,-1.110,44.389,0.737,22.465,1.061,60.000,1.300,0.000,4.344,11.296,-0.001,1.259,3.392,0.000,0.600,0.500,0.000,0.000,1.000,0.000,0.000,1.000,-0.000
2025-07-14 12:57:32.097606,6476,126.62274000,45.80106470,57.520,-1.531,44.556,0.756,22.582,1.070,60.000,1.300,0.000,4.760,11.303,-0.001,1.285,3.392,0.000,0.600,0.500,0.000,0.000,1.000,0.000,0.000,1.000,-0.000
2025-07-14 12:57:32.207710,8436,126.62274180,45.80106630,57.156,-1.958,44.734,0.711,22.721,1.041,60.000,1.300,0.000,5.462,11.305,-0.001,1.288,3.392,0.000,0.600,0.500,0.000,0.000,1.000,0.000,0.000,1.000,-0.000
2025-07-14 12:57:32.317832,66,126.62274330,45.80106760,56.930,-2.024,44.878,0.664,22.837,1.053,60.000,1.300,0.000,6.439,11.308,-0.001,1.272,3.392,0.000,0.600,0.500,0.000,0.000,1.000,0.000,0.000,1.000,-0.000
2025-07-14 12:57:32.427926,1896,126.62274500,45.80106890,56.705,-2.091,45.023,0.645,22.969,1.057,60.000,1.300,0.000,6.346,11.312,-0.001,1.248,3.392,0.000,0.600,0.500,0.000,0.000,1.000,0.000,0.000,1.000,-0.000
2025-07-14 12:57:32.538034,3726,126.62274670,45.80107020,56.498,-2.110,45.167,0.729,23.101,1.071,60.000,1.300,0.000,6.747,11.321,-0.001,1.260,3.392,0.000,0.600,0.500,0.000,0.000,1.000,0.000,0.000,1.000,-0.000
2025-07-14 12:57:32.648126,5226,126.62274810,45.80107130,56.301,-2.146,45.290,0.747,23.210,1.084,60.000,1.300,0.000,7.054,11.328,-0.001,1.283,4.023,0.000,0.600,0.500,0.000,0.000,1.000,0.000,0.000,1.000,-0.000
2025-07-14 12:57:32.758298,7049,126.62274980,45.80107250,56.137,-2.069,45.423,0.746,23.341,1.090,60.000,1.300,0.000,7.373,11.331,-0.001,1.311,4.023,0.000,0.600,0.500,0.000,0.000,1.000,0.000,0.000,1.000,-0.000
2025-07-14 12:57:32.868354,8559,126.62275120,45.80107350,56.104,-1.927,45.534,0.768,23.450,1.025,60.000,1.300,0.000,7.548,11.329,-0.001,1.306,4.023,0.000,0.600,0.500,0.000,0.000,1.000,0.000,0.000,1.000,-0.000
2025-07-14 12:57:32.978457,376,126.62275290,45.80107470,56.143,-1.698,45.668,0.793,23.582,1.011,60.000,1.300,0.000,7.132,11.328,-0.001,1.296,4.023,0.000,0.600,0.500,0.000,0.000,1.000,0.000,0.000,1.000,-0.000
2025-07-14 12:57:33.088532,1886,126.62275430,45.80107580,56.197,-1.451,45.790,0.811,23.690,0.977,60.000,1.300,0.000,6.800,11.329,-0.001,1.278,4.918,0.000,0.600,0.500,0.000,0.000,1.000,0.000,0.000,1.000,-0.000
2025-07-14 12:57:33.198663,3596,126.62275590,45.80107690,56.308,-1.100,45.912,0.752,23.814,1.054,60.000,1.300,0.000,6.648,11.333,-0.001,1.283,4.918,0.000,0.600,0.500,0.000,0.000,1.000,0.000,0.000,1.000,-0.000
2025-07-14 12:57:33.308758,5086,126.62275730,45.80107780,56.288,-0.787,46.012,0.749,23.923,0.976,60.000,1.300,0.000,6.241,11.335,-0.001,1.265,4.918,0.000,0.600,0.500,0.000,0.000,1.000,0.000,0.000,1.000,-0.000
2025-07-14 12:57:33.418869,6696,126.62275880,45.80107890,56.226,-0.638,46.135,0.736,24.039,0.960,60.000,1.300,0.000,6.753,11.342,-0.001,1.245,4.918,0.000,0.600,0.500,0.000,0.000,1.000,0.000,0.000,1.000,-0.000
2025-07-14 12:57:33.528985,8176,126.62276020,45.80107980,56.293,-0.373,46.235,0.728,24.148,0.987,60.000,1.300,0.000,7.018,11.351,-0.001,1.222,4.918,0.000,0.600,0.500,0.000,0.000,1.000,0.000,0.000,1.000,-0.000
2025-07-14 12:57:33.639055,9886,126.62276180,45.80108080,56.139,-0.325,46.346,0.758,24.272,1.009,60.000,1.300,0.000,6.428,11.364,-0.001,1.233,3.023,0.000,0.600,0.500,0.000,0.000,1.000,0.000,0.000,1.000,-0.000
2025-07-14 12:57:33.749175,1286,126.62276310,45.80108180,56.003,-0.270,46.457,0.759,24.372,0.997,60.000,1.300,0.000,7.509,11.376,-0.001,1.247,3.023,0.000,0.600,0.500,0.000,0.000,1.000,0.000,0.000,1.000,-0.000
2025-07-14 12:57:33.869295,2986,126.62276470,45.80108280,56.046,-0.085,46.568,0.687,24.496,0.974,60.000,1.300,0.000,7.688,11.385,-0.001,1.236,3.023,0.000,0.600,0.500,0.000,0.000,1.000,0.000,0.000,1.000,-0.000
2025-07-14 12:57:33.989408,4566,126.62276620,45.80108360,56.046,-0.055,46.657,0.708,24.613,0.932,60.000,1.300,0.000,6.973,11.396,-0.001,1.205,3.023,0.000,0.600,0.500,0.000,0.000,1.000,0.000,0.000,1.000,-0.000
2025-07-14 12:57:34.109496,6153,126.62276770,45.80108450,55.970,-0.154,46.757,0.757,24.729,0.953,60.000,1.300,0.000,7.116,11.412,-0.001,1.193,4.497,0.000,0.600,0.500,0.000,0.000,1.000,0.000,0.000,1.000,-0.000
2025-07-14 12:57:34.229656,7746,126.62276920,45.80108540,55.898,-0.263,46.858,0.814,24.845,1.061,60.000,1.300,0.000,7.506,11.431,-0.001,1.242,4.497,0.000,0.600,0.500,0.000,0.000,1.000,0.000,0.000,1.000,-0.000
2025-07-14 12:57:34.349765,9546,126.62277090,45.80108640,55.883,-0.376,46.969,0.784,24.977,1.006,60.000,1.300,0.000,7.623,11.441,-0.001,1.277,4.497,0.000,0.600,0.500,0.000,0.000,1.000,0.000,0.000,1.000,-0.000
2025-07-14 12:57:34.469863,1126,126.62277240,45.80108720,55.900,-0.344,47.058,0.777,25.093,1.007,60.000,1.300,0.000,7.460,11.445,-0.001,1.295,4.497,0.000,0.600,0.500,0.000,0.000,1.000,0.000,0.000,1.000,-0.000
2025-07-14 12:57:34.589972,2616,126.62277380,45.80108810,55.996,-0.207,47.158,0.794,25.202,0.978,60.000,1.300,0.000,7.323,11.445,-0.001,1.269,4.708,0.000,0.600,0.500,0.000,0.000,1.000,0.000,0.000,1.000,-0.000
2025-07-14 12:57:34.710080,4196,126.62277530,45.80108890,56.000,-0.265,47.247,0.811,25.318,0.991,60.000,1.300,0.000,6.887,11.451,-0.000,1.271,4.708,0.000,0.600,0.500,0.000,0.000,1.000,0.000,0.000,1.000,-0.000
2025-07-14 12:57:34.830221,5996,126.62277700,45.80108990,56.127,-0.020,47.358,0.816,25.450,0.982,60.000,1.300,0.000,7.186,11.456,-0.000,1.272,4.708,0.000,0.600,0.500,0.000,0.000,1.000,0.000,0.000,1.000,-0.000
2025-07-14 12:57:34.950329,7576,126.62277850,45.80109070,56.180,0.147,47.447,0.761,25.566,0.964,60.000,1.300,0.000,6.549,11.460,-0.000,1.262,4.708,0.000,0.600,0.500,0.000,0.000,1.000,0.000,0.000,1.000,-0.000
2025-07-14 12:57:35.060513,9066,126.62277990,45.80109160,56.378,0.291,47.547,0.748,25.675,0.946,60.000,1.300,0.000,6.699,11.467,-0.000,1.237,4.865,0.000,0.600,0.500,0.000,0.000,1.000,0.000,0.000,1.000,-0.000
2025-07-14 12:57:35.170542,546,126.62278130,45.80109240,56.588,0.482,47.636,0.766,25.783,0.930,60.000,1.300,0.000,5.800,11.478,-0.000,1.213,4.865,0.000,0.600,0.500,0.000,0.000,1.000,0.000,0.000,1.000,-0.000
2025-07-14 12:57:35.280622,1816,126.62278250,45.80109310,56.796,0.734,47.714,0.770,25.876,0.926,60.000,1.300,0.000,5.378,11.493,-0.000,1.205,4.865,0.000,0.600,0.500,0.000,0.000,1.000,0.000,0.000,1.000,-0.000
2025-07-14 12:57:35.390752,3296,126.62278390,45.80109390,56.982,0.963,47.803,0.814,25.985,0.990,60.000,1.300,0.000,5.011,11.509,-0.000,1.230,4.865,0.000,0.600,0.500,0.000,0.000,1.000,0.000,0.000,1.000,-0.000
2025-07-14 12:57:35.500836,4676,126.62278520,45.80109470,57.077,1.062,47.892,0.814,26.086,1.001,60.000,1.300,0.000,4.757,11.521,-0.000,1.259,4.865,0.000,0.600,0.500,0.000,0.000,1.000,0.000,0.000,1.000,-0.000
2025-07-14 12:57:35.610947,6156,126.62278660,45.80109560,57.184,1.145,47.992,0.726,26.194,0.980,60.000,1.300,0.000,4.916,11.528,-0.000,1.264,4.655,0.000,0.600,0.500,0.000,0.000,1.000,0.000,0.000,1.000,-0.000
2025-07-14 12:57:35.721054,7436,126.62278780,45.80109630,57.274,1.147,48.070,0.713,26.287,0.967,60.000,1.300,0.000,4.680,11.534,-0.000,1.237,4.655,0.000,0.600,0.500,0.000,0.000,1.000,0.000,0.000,1.000,-0.000
2025-07-14 12:57:35.831166,8926,126.62278920,45.80109720,57.445,1.298,48.170,0.717,26.396,0.969,60.000,1.300,0.000,4.580,11.545,-0.000,1.209,4.655,0.000,0.600,0.500,0.000,0.000,1.000,0.000,0.000,1.000,-0.000
2025-07-14 12:57:35.941261,386,126.62279060,45.80109780,57.593,1.327,48.236,0.725,26.504,1.007,60.000,1.300,0.000,3.978,11.561,-0.000,1.216,4.655,0.000,0.600,0.500,0.000,0.000,1.000,0.000,0.000,1.000,-0.000
2025-07-14 12:57:36.051374,1966,126.62279210,45.80109860,57.817,1.487,48.325,0.745,26.620,0.998,60.000,1.300,0.000,3.795,11.575,-0.000,1.231,4.655,0.000,0.600,0.500,0.000,0.000,1.000,0.000,0.000,1.000,-0.000
2025-07-14 12:57:36.161451,3336,126.62279340,45.80109930,57.958,1.435,48.403,0.749,26.721,0.972,60.000,1.300,0.000,3.116,11.587,-0.000,1.238,4.655,0.000,0.600,0.500,0.000,0.000,1.000,0.000,0.000,1.000,-0.000
2025-07-14 12:57:36.271586,4916,126.62279490,45.80110010,58.046,1.324,48.492,0.768,26.838,0.956,60.000,1.300,0.000,3.164,11.598,-0.000,1.233,4.655,0.000,0.600,0.500,0.000,0.000,1.000,0.000,0.000,1.000,-0.000
2025-07-14 12:57:36.381692,6386,126.62279630,45.80110080,58.126,1.208,48.570,0.723,26.946,1.018,60.000,1.300,0.000,3.197,11.609,0.000,1.234,4.655,0.000,0.600,0.500,0.000,0.000,1.000,0.000,0.000,1.000,-0.000
2025-07-14 12:57:36.491826,7966,126.62279780,45.80110170,58.261,1.161,48.670,0.723,27.062,1.012,60.000,1.300,0.000,3.083,11.620,0.000,1.240,4.655,0.000,0.600,0.500,0.000,0.000,1.000,0.000,0.000,1.000,-0.000
2025-07-14 12:57:36.601878,9346,126.62279910,45.80110240,58.439,1.237,48.748,0.728,27.163,0.948,60.000,1.300,0.000,2.640,11.631,0.000,1.229,4.655,0.000,0.600,0.500,0.000,0.000,1.000,0.000,0.000,1.000,-0.000
2025-07-14 12:57:36.711984,826,126.62280050,45.80110320,58.692,1.370,48.837,0.711,27.272,0.962,60.000,1.300,0.000,2.163,11.643,0.000,1.212,4.655,0.000,0.600,0.500,0.000,0.000,1.000,0.000,0.000,1.000,-0.000
2025-07-14 12:57:36.822101,2196,126.62280180,45.80110390,58.777,1.364,48.915,0.736,27.372,0.961,60.000,1.300,0.000,1.435,11.658,0.000,1.201,4.655,0.000,0.600,0.500,0.000,0.000,1.000,0.000,0.000,1.000,-0.000
2025-07-14 12:57:36.932186,3776,126.62280330,45.80110470,58.901,1.323,49.004,0.737,27.489,0.980,60.000,1.300,0.000,1.893,11.675,0.000,1.211,4.655,0.000,0.600,0.500,0.000,0.000,1.000,0.000,0.000,1.000,-0.000
2025-07-14 12:57:37.042302,5236,126.62280470,45.80110530,58.841,1.134,49.070,0.752,27.597,0.969,60.000,1.300,0.000,1.528,11.690,0.000,1.221,4.655,0.000,0.600,0.500,0.000,0.000,1.000,0.000,0.000,1.000,-0.000
2025-07-14 12:57:37.152467,6816,126.62280620,45.80110610,58.495,0.616,49.159,0.757,27.714,1.081,60.000,1.300,0.000,2.304,11.704,0.000,1.257,-0.713,0.000,0.600,0.500,0.000,0.000,1.000,0.000,0.000,1.000,-0.000
2025-07-14 12:57:37.262522,8496,126.62280780,45.80110690,58.060,0.092,49.248,0.765,27.838,1.049,60.000,1.300,0.000,3.965,11.711,0.000,1.282,-0.713,0.000,0.600,0.500,0.000,0.000,1.000,0.000,0.000,1.000,-0.000
2025-07-14 12:57:37.372630,9869,126.62280910,45.80110760,57.659,-0.353,49.326,0.696,27.938,1.099,60.000,1.300,0.000,5.073,11.714,0.000,1.306,-0.713,0.000,0.600,0.500,0.000,0.000,1.000,0.000,0.000,1.000,-0.000
2025-07-14 12:57:37.482730,1536,126.62281070,45.80110840,57.309,-0.743,49.415,0.664,28.062,1.056,60.000,1.300,0.000,5.671,11.713,0.000,1.282,-0.713,0.000,0.600,0.500,0.000,0.000,1.000,0.000,0.000,1.000,-0.000
2025-07-14 12:57:37.592814,2896,126.62281200,45.80110900,56.999,-1.148,49.482,0.722,28.163,1.102,60.000,1.300,0.000,6.116,11.716,0.000,1.289,3.971,0.000,0.600,0.500,0.000,0.000,1.000,0.000,0.000,1.000,-0.000
2025-07-14 12:57:37.702950,4476,126.62281350,45.80110970,56.688,-1.593,49.560,0.674,28.279,1.050,60.000,1.300,0.000,6.528,11.718,0.000,1.271,3.971,0.000,0.600,0.500,0.000,0.000,1.000,0.000,0.000,1.000,-0.000
2025-07-14 12:57:37.813041,5846,126.62281480,45.80111040,56.495,-1.998,49.637,0.686,28.380,1.049,60.000,1.300,0.000,7.091,11.723,0.000,1.273,3.971,0.000,0.600,0.500,0.000,0.000,1.000,0.000,0.000,1.000,-0.000
2025-07-14 12:57:37.923147,7716,126.62281660,45.80111110,56.274,-2.274,49.715,0.768,28.520,1.066,60.000,1.300,0.000,7.010,11.728,0.000,1.272,3.971,0.000,0.600,0.500,0.000,0.000,1.000,0.000,0.000,1.000,-0.000
2025-07-14 12:57:38.033247,9496,126.62281830,45.80111190,56.182,-2.470,49.804,0.748,28.652,1.032,60.000,1.300,0.000,7.510,11.733,0.000,1.281,3.971,0.000,0.600,0.500,0.000,0.000,1.000,0.000,0.000,1.000,-0.000
2025-07-14 12:57:38.143332,1476,126.62282020,45.80111270,56.251,-2.353,49.893,0.809,28.799,1.021,60.000,1.300,0.000,7.207,11.736,0.000,1.297,6.708,0.000,0.600,0.500,0.000,0.000,1.000,0.000,0.000,1.000,-0.000
2025-07-14 12:57:38.253460,3246,126.62282190,45.80111340,56.319,-1.976,49.971,0.778,28.931,1.008,60.000,1.300,0.000,6.498,11.737,0.000,1.284,6.708,0.000,0.600,0.500,0.000,0.000,1.000,0.000,0.000,1.000,-0.000
2025-07-14 12:57:38.363559,5126,126.62282370,45.80111420,56.356,-1.547,50.060,0.714,29.070,1.038,60.000,1.300,0.000,6.379,11.739,0.000,1.279,6.708,0.000,0.600,0.500,0.000,0.000,1.000,0.000,0.000,1.000,-0.000
2025-07-14 12:57:38.473663,6796,126.62282530,45.80111490,56.272,-1.259,50.138,0.721,29.194,1.010,60.000,1.300,0.000,6.425,11.743,0.001,1.258,6.708,0.000,0.600,0.500,0.000,0.000,1.000,0.000,0.000,1.000,-0.000
2025-07-14 12:57:38.583747,8666,126.62282710,45.80111570,56.241,-0.969,50.227,0.714,29.334,0.984,60.000,1.300,0.000,7.016,11.750,0.001,1.239,4.655,0.000,0.600,0.500,0.000,0.000,1.000,0.000,0.000,1.000,-0.000
2025-07-14 12:57:38.693868,256,126.62282860,45.80111650,56.282,-0.650,50.316,0.721,29.450,0.997,60.000,1.300,0.000,6.879,11.761,0.001,1.229,4.655,0.000,0.600,0.500,0.000,0.000,1.000,0.000,0.000,1.000,-0.000
2025-07-14 12:57:38.803973,2036,126.62283030,45.80111730,56.439,-0.225,50.405,0.709,29.582,0.992,60.000,1.300,0.000,6.544,11.773,0.001,1.222,4.655,0.000,0.600,0.500,0.000,0.000,1.000,0.000,0.000,1.000,-0.000
2025-07-14 12:57:38.914081,3306,126.62283150,45.80111800,56.565,0.065,50.482,0.785,29.675,0.998,60.000,1.300,0.000,5.840,11.786,0.001,1.240,4.655,0.000,0.600,0.500,0.000,0.000,1.000,0.000,0.000,1.000,-0.000
2025-07-14 12:57:39.024180,4786,126.62283290,45.80111880,56.694,0.381,50.571,0.812,29.783,1.010,60.000,1.300,0.000,5.726,11.797,0.001,1.262,4.655,0.000,0.600,0.500,0.000,0.000,1.000,0.000,0.000,1.000,-0.000
2025-07-14 12:57:39.134267,6156,126.62283420,45.80111950,56.898,0.650,50.649,0.706,29.884,0.971,60.000,1.300,0.000,5.483,11.803,0.001,1.255,5.076,0.000,0.600,0.500,0.000,0.000,1.000,0.000,0.000,1.000,-0.000
2025-07-14 12:57:39.244878,7636,126.62283560,45.80112030,57.095,0.766,50.738,0.733,29.993,0.971,60.000,1.300,0.000,4.843,11.811,0.001,1.238,5.076,0.000,0.600,0.500,0.000,0.000,1.000,0.000,0.000,1.000,-0.000
2025-07-14 12:57:39.354883,9116,126.62283700,45.80112110,57.275,0.868,50.827,0.716,30.101,1.001,60.000,1.300,0.000,4.517,11.822,0.001,1.216,5.076,0.000,0.600,0.500,0.000,0.000,1.000,0.000,0.000,1.000,-0.000
2025-07-14 12:57:39.464972,396,126.62283820,45.80112190,57.458,1.001,50.916,0.725,30.194,0.992,60.000,1.300,0.000,4.251,11.836,0.001,1.225,5.076,0.000,0.600,0.500,0.000,0.000,1.000,0.000,0.000,1.000,-0.000
2025-07-14 12:57:39.575104,1876,126.62283960,45.80112270,57.611,1.215,51.005,0.731,30.303,0.961,60.000,1.300,0.000,3.912,11.849,0.001,1.222,5.129,0.000,0.600,0.500,0.000,0.000,1.000,0.000,0.000,1.000,-0.000
2025-07-14 12:57:39.685183,3146,126.62284080,45.80112340,57.702,1.326,51.083,0.734,30.396,0.950,60.000,1.300,0.000,3.745,11.862,0.001,1.212,5.129,0.000,0.600,0.500,0.000,0.000,1.000,0.000,0.000,1.000,-0.000
2025-07-14 12:57:39.795290,4636,126.62284220,45.80112430,57.779,1.359,51.183,0.751,30.504,0.948,60.000,1.300,0.000,3.807,11.877,0.001,1.206,5.129,0.000,0.600,0.500,0.000,0.000,1.000,0.000,0.000,1.000,-0.000
2025-07-14 12:57:39.905391,5996,126.62284350,45.80112490,57.857,1.287,51.250,0.700,30.605,1.018,60.000,1.300,0.000,3.719,11.893,0.001,1.215,5.129,0.000,0.600,0.500,0.000,0.000,1.000,0.000,0.000,1.000,-0.000
2025-07-14 12:57:40.015483,7576,126.62284500,45.80112570,57.987,1.290,51.339,0.718,30.721,1.009,60.000,1.300,0.000,3.575,11.908,0.001,1.228,5.129,0.000,0.600,0.500,0.000,0.000,1.000,0.000,0.000,1.000,-0.000
2025-07-14 12:57:40.125644,8936,126.62284630,45.80112630,58.096,1.273,51.405,0.710,30.822,0.967,60.000,1.300,0.000,3.152,11.920,0.001,1.224,5.287,0.000,0.600,0.500,0.000,0.000,1.000,0.000,0.000,1.000,-0.000
2025-07-14 12:57:40.235720,406,126.62284770,45.80112700,58.260,1.237,51.483,0.720,30.931,0.952,60.000,1.300,0.000,3.033,11.933,0.001,1.211,5.287,0.000,0.600,0.500,0.000,0.000,1.000,0.000,0.000,1.000,-0.000
2025-07-14 12:57:40.345933,1773,126.62284900,45.80112770,58.468,1.247,51.561,0.710,31.031,0.973,60.000,1.300,0.000,2.537,11.949,0.001,1.199,5.287,0.000,0.600,0.500,0.000,0.000,1.000,0.000,0.000,1.000,-0.000
2025-07-14 12:57:40.455915,3243,126.62285040,45.80112840,58.713,1.306,51.639,0.707,31.140,0.968,60.000,1.300,0.000,2.004,11.966,0.001,1.199,5.287,0.000,0.600,0.500,0.000,0.000,1.000,0.000,0.000,1.000,-0.000
2025-07-14 12:57:40.566028,4616,126.62285170,45.80112910,58.890,1.301,51.717,0.695,31.241,0.982,60.000,1.300,0.000,1.427,11.983,0.001,1.202,5.813,0.000,0.600,0.500,0.000,0.000,1.000,0.000,0.000,1.000,-0.000
2025-07-14 12:57:40.676127,6086,126.62285310,45.80112980,59.105,1.356,51.795,0.713,31.349,0.970,60.000,1.300,0.000,1.356,12.000,0.001,1.202,5.813,0.000,0.600,0.500,0.000,0.000,1.000,0.000,0.000,1.000,-0.000
2025-07-14 12:57:40.795874,7456,126.62285440,45.80113050,59.123,1.289,51.872,0.731,31.450,0.967,60.000,1.300,0.000,0.896,12.000,0.001,1.206,5.813,0.000,0.600,0.500,0.000,0.000,1.000,0.000,0.000,1.000,-0.000
2025-07-14 12:57:40.905981,9136,126.62285600,45.80113130,59.069,1.170,51.961,0.640,31.574,1.042,60.000,1.300,0.000,1.514,12.000,0.001,1.213,5.813,0.000,0.600,0.500,0.000,0.000,1.000,0.000,0.000,1.000,-0.000
2025-07-14 12:57:41.016089,396,126.62285720,45.80113190,58.920,0.963,52.028,0.632,31.667,1.016,60.000,1.300,0.000,1.873,12.000,0.001,1.211,5.813,0.000,0.600,0.500,0.000,0.000,1.000,0.000,0.000,1.000,0.000
2025-07-14 12:57:41.126201,1856,126.62285860,45.80113250,58.781,0.720,52.095,0.717,31.776,1.082,60.000,1.300,0.000,2.486,12.000,0.001,1.239,3.865,0.000,0.600,0.500,0.000,0.000,1.000,0.000,0.000,1.000,0.000
2025-07-14 12:57:41.236305,3216,126.62285990,45.80113310,58.706,0.553,52.162,0.723,31.876,1.084,60.000,1.300,0.000,2.700,12.000,0.001,1.266,3.865,0.000,0.600,0.500,0.000,0.000,1.000,0.000,0.000,1.000,0.000
2025-07-14 12:57:41.346403,4686,126.62286130,45.80113380,58.615,0.321,52.239,0.715,31.985,1.021,60.000,1.300,0.000,2.603,12.000,0.001,1.282,3.865,0.000,0.600,0.500,0.000,0.000,1.000,0.000,0.000,1.000,0.000
2025-07-14 12:57:41.456491,6046,126.62286260,45.80113440,58.511,0.037,52.306,0.720,32.086,1.015,60.000,1.300,0.000,2.825,12.000,0.001,1.265,3.865,0.000,0.600,0.500,0.000,0.000,1.000,0.000,0.000,1.000,0.000
2025-07-14 12:57:41.566621,7616,126.62286410,45.80113510,58.365,-0.318,52.384,0.706,32.202,1.082,60.000,1.300,0.000,3.059,12.000,0.001,1.261,3.655,0.000,0.600,0.500,0.000,0.000,1.000,0.000,0.000,1.000,0.000
2025-07-14 12:57:41.676699,8976,126.62286540,45.80113570,58.232,-0.600,52.451,0.720,32.303,1.087,60.000,1.300,0.000,3.474,12.000,0.001,1.280,3.655,0.000,0.600,0.500,0.000,0.000,1.000,0.000,0.000,1.000,0.000
2025-07-14 12:57:41.786828,549,126.62286690,45.80113640,58.031,-0.976,52.528,0.715,32.419,1.097,60.000,1.300,0.000,3.667,12.000,0.001,1.302,3.655,0.000,0.600,0.500,0.000,0.000,1.000,0.000,0.000,1.000,0.000
2025-07-14 12:57:41.896915,2016,126.62286830,45.80113710,57.815,-1.188,52.606,0.742,32.528,1.050,60.000,1.300,0.000,4.276,12.000,0.001,1.300,3.655,0.000,0.600,0.500,0.000,0.000,1.000,0.000,0.000,1.000,0.000
2025-07-14 12:57:42.007025,3786,126.62287000,45.80113780,57.575,-1.357,52.684,0.673,32.659,1.101,60.000,1.300,0.000,4.719,12.000,0.001,1.295,3.655,0.000,0.600,0.500,0.000,0.000,1.000,0.000,0.000,1.000,0.000
2025-07-14 12:57:42.117129,5456,126.62287160,45.80113850,57.411,-1.369,52.762,0.719,32.783,1.033,60.000,1.300,0.000,5.238,12.000,0.001,1.278,3.602,0.000,0.600,0.500,0.000,0.000,1.000,0.000,0.000,1.000,0.000
2025-07-14 12:57:42.227239,7226,126.62287330,45.80113920,57.168,-1.465,52.840,0.732,32.915,1.028,60.000,1.300,0.000,5.257,12.000,0.001,1.270,3.602,0.000,0.600,0.500,0.000,0.000,1.000,0.000,0.000,1.000,0.000
2025-07-14 12:57:42.337341,8696,126.62287470,45.80113990,56.969,-1.578,52.918,0.651,33.024,1.029,60.000,1.300,0.000,5.982,12.000,0.001,1.246,3.602,0.000,0.600,0.500,0.000,0.000,1.000,0.000,0.000,1.000,0.000
2025-07-14 12:57:42.447445,456,126.62287640,45.80114060,56.796,-1.652,52.996,0.655,33.155,1.025,60.000,1.300,0.000,6.180,12.000,0.001,1.232,3.602,0.000,0.600,0.500,0.000,0.000,1.000,0.000,0.000,1.000,0.000
2025-07-14 12:57:42.557548,1936,126.62287780,45.80114130,56.659,-1.682,53.073,0.721,33.264,1.054,60.000,1.300,0.000,6.396,12.000,0.001,1.237,3.602,0.000,0.600,0.500,0.000,0.000,1.000,0.000,0.000,1.000,0.000
2025-07-14 12:57:42.667642,3706,126.62287950,45.80114200,56.564,-1.636,53.151,0.717,33.396,1.062,60.000,1.300,0.000,6.514,12.000,0.001,1.258,4.497,0.000,0.600,0.500,0.000,0.000,1.000,0.000,0.000,1.000,0.000
2025-07-14 12:57:42.777767,5376,126.62288110,45.80114270,56.454,-1.615,53.229,0.722,33.520,1.045,60.000,1.300,0.000,6.531,12.000,0.002,1.276,4.497,0.000,0.600,0.500,0.000,0.000,1.000,0.000,0.000,1.000,0.000
2025-07-14 12:57:42.887856,6846,126.62288250,45.80114340,56.483,-1.406,53.307,0.745,33.628,1.014,60.000,1.300,0.000,6.784,12.000,0.002,1.270,4.497,0.000,0.600,0.500,0.000,0.000,1.000,0.000,0.000,1.000,0.000
2025-07-14 12:57:42.997976,8526,126.62288410,45.80114420,56.524,-1.172,53.396,0.698,33.752,1.012,60.000,1.300,0.000,6.227,12.000,0.002,1.253,4.497,0.000,0.600,0.500,0.000,0.000,1.000,0.000,0.000,1.000,0.000
2025-07-14 12:57:43.108048,9996,126.62288550,45.80114490,56.629,-0.859,53.474,0.712,33.861,0.979,60.000,1.300,0.000,6.109,12.000,0.002,1.233,4.865,0.000,0.600,0.500,0.000,0.000,1.000,0.000,0.000,1.000,0.000
2025-07-14 12:57:43.218176,1566,126.62288700,45.80114560,56.764,-0.589,53.551,0.716,33.977,0.990,60.000,1.300,0.000,5.688,12.000,0.002,1.221,4.865,0.000,0.600,0.500,0.000,0.000,1.000,0.000,0.000,1.000,0.000
2025-07-14 12:57:43.328279,3036,126.62288840,45.80114630,56.969,-0.182,53.629,0.711,34.086,0.998,60.000,1.300,0.000,5.336,12.000,0.002,1.219,4.865,0.000,0.600,0.500,0.000,0.000,1.000,0.000,0.000,1.000,0.000
2025-07-14 12:57:43.438391,4616,126.62288990,45.80114710,57.249,0.253,53.718,0.680,34.202,0.978,60.000,1.300,0.000,4.713,12.000,0.002,1.213,4.865,0.000,0.600,0.500,0.000,0.000,1.000,0.000,0.000,1.000,0.000
2025-07-14 12:57:43.548487,5976,126.62289120,45.80114770,57.486,0.626,53.785,0.735,34.303,0.979,60.000,1.300,0.000,3.936,12.000,0.002,1.214,4.865,0.000,0.600,0.500,0.000,0.000,1.000,0.000,0.000,1.000,0.000
2025-07-14 12:57:43.658606,7546,126.62289270,45.80114850,57.742,0.983,53.874,0.747,34.419,0.970,60.000,1.300,0.000,0.000,0.000,0.000,1.213,4.918,0.000,0.600,0.500,0.000,0.000,1.000,0.000,0.000,1.000,0.000
2025-07-14 12:57:43.768808,8826,126.62289390,45.80114920,57.953,1.262,53.952,0.749,34.512,0.978,60.000,1.300,0.000,0.000,0.000,0.000,1.227,4.918,0.000,0.600,0.500,0.000,0.000,1.000,0.000,0.000,1.000,0.000
2025-07-14 12:57:43.878799,406,126.62289540,45.80115000,58.190,1.577,54.041,0.735,34.628,0.937,60.000,1.300,0.000,0.000,0.000,0.000,1.216,4.918,0.000,0.600,0.500,0.000,0.000,1.000,0.000,0.000,1.000,0.000
2025-07-14 12:57:43.988912,1766,126.62289670,45.80115060,58.306,1.656,54.107,0.800,34.729,1.034,60.000,1.300,0.000,0.000,0.000,0.000,1.243,4.918,0.000,0.600,0.500,0.000,0.000,1.000,0.000,0.000,1.000,0.000
2025-07-14 12:57:44.099012,3356,126.62289820,45.80115150,58.370,1.677,54.208,0.828,34.845,1.037,60.000,1.300,0.000,0.000,0.000,0.000,1.275,4.076,0.000,0.600,0.500,0.000,0.000,1.000,0.000,0.000,1.000,0.000
2025-07-14 12:57:44.209120,4729,126.62289950,45.80115220,58.345,1.559,54.285,0.804,34.946,1.040,60.000,1.300,0.000,0.000,0.000,0.000,1.316,4.076,0.000,0.600,0.500,0.000,0.000,1.000,0.000,0.000,1.000,0.000
2025-07-14 12:57:44.319225,6416,126.62290110,45.80115310,58.376,1.466,54.385,0.674,35.070,0.946,60.000,1.300,0.000,0.000,0.000,0.000,1.268,4.076,0.000,0.600,0.500,0.000,0.000,1.000,0.000,0.000,1.000,0.000
2025-07-14 12:57:44.439314,7896,126.62290250,45.80115390,58.475,1.362,54.474,0.726,35.179,0.990,60.000,1.300,0.000,0.000,0.000,0.000,1.235,4.076,0.000,0.600,0.500,0.000,0.000,1.000,0.000,0.000,1.000,0.000
2025-07-14 12:57:44.559414,9893,126.62290440,45.80115490,58.582,1.196,54.586,0.614,35.326,0.834,60.000,1.300,0.000,0.000,0.000,0.000,1.142,3.287,0.000,0.600,0.500,0.000,0.000,1.000,0.000,0.000,1.000,0.000
2025-07-14 12:57:44.679542,1593,126.62290600,45.80115590,58.724,1.099,54.697,0.637,35.450,0.874,60.000,1.300,0.000,0.000,0.000,0.000,1.115,3.287,0.000,0.600,0.500,0.000,0.000,1.000,0.000,0.000,1.000,0.000
2025-07-14 12:57:44.799654,3380,126.62290770,45.80115680,58.814,0.942,54.797,0.661,35.582,0.900,60.000,1.300,0.000,0.000,0.000,0.000,1.078,3.287,0.000,0.600,0.500,0.000,0.000,1.000,0.000,0.000,1.000,0.000
2025-07-14 12:57:44.919760,4740,126.62290900,45.80115740,58.900,0.821,54.864,0.488,35.683,0.708,60.000,1.300,0.000,0.000,0.000,0.000,1.019,3.287,0.000,0.600,0.500,0.000,0.000,1.000,0.000,0.000,1.000,0.000
2025-07-14 12:57:45.039880,5707,126.62290990,45.80115780,58.931,0.632,54.908,0.507,35.752,0.708,60.000,1.300,0.000,0.000,0.000,0.000,0.949,3.287,0.000,0.600,0.500,0.000,0.000,1.000,0.000,0.000,1.000,0.000
2025-07-14 12:57:45.159985,6754,126.62291090,45.80115830,59.033,0.611,54.964,0.496,35.830,0.656,60.000,1.300,0.000,0.000,0.000,0.000,0.851,3.287,0.000,0.600,0.500,0.000,0.000,1.000,0.000,0.000,1.000,0.000
2025-07-14 12:57:45.280108,7804,126.62291190,45.80115880,59.199,0.690,55.019,0.509,35.907,0.663,60.000,1.300,0.000,0.000,0.000,0.000,0.843,3.287,0.000,0.600,0.500,0.000,0.000,1.000,0.000,0.000,1.000,0.000
2025-07-14 12:57:45.400227,8754,126.62291280,45.80115930,59.402,0.882,55.075,0.474,35.977,0.657,60.000,1.300,0.000,0.000,0.000,0.000,0.823,3.287,0.000,0.600,0.500,0.000,0.000,1.000,0.000,0.000,1.000,0.000
2025-07-14 12:57:45.510403,9791,126.62291380,45.80115970,59.558,0.996,55.119,0.486,36.055,0.568,60.000,1.300,0.000,0.000,0.000,0.000,0.798,3.287,0.000,0.600,0.500,0.000,0.000,1.000,0.000,0.000,1.000,0.000
2025-07-14 12:57:45.620419,741,126.62291470,45.80116020,59.770,1.106,55.175,0.498,36.124,0.576,60.000,1.300,0.000,0.000,0.000,0.000,0.773,3.287,0.000,0.600,0.500,0.000,0.000,1.000,0.000,0.000,1.000,0.000
2025-07-14 12:57:45.730535,1681,126.62291560,45.80116070,59.945,1.176,55.231,0.505,36.194,0.581,60.000,1.300,0.000,0.000,0.000,0.000,0.760,3.287,0.000,0.600,0.500,0.000,0.000,1.000,0.000,0.000,1.000,0.000
2025-07-14 12:57:45.840640,2741,126.62291660,45.80116120,60.137,1.232,55.286,0.435,36.272,0.571,60.000,1.300,0.000,0.000,0.000,0.000,0.750,3.287,0.000,0.600,0.500,0.000,0.000,1.000,0.000,0.000,1.000,0.000
2025-07-14 12:57:45.950743,3271,126.62291710,45.80116150,60.388,1.385,55.319,0.385,36.311,0.533,60.000,1.300,0.000,0.000,0.000,0.000,0.715,3.287,0.000,0.600,0.500,0.000,0.000,1.000,0.000,0.000,1.000,0.000
2025-07-14 12:57:46.060847,3888,126.62291770,45.80116170,60.626,1.530,55.342,0.399,36.357,0.535,60.000,1.300,0.000,0.000,0.000,0.000,0.681,3.287,0.000,0.600,0.500,0.000,0.000,1.000,0.000,0.000,1.000,0.000
2025-07-14 12:57:46.170946,4518,126.62291830,45.80116200,60.876,1.731,55.375,0.394,36.404,0.460,60.000,1.300,0.000,0.000,0.000,0.000,0.644,3.287,0.000,0.600,0.500,0.000,0.000,1.000,0.000,0.000,1.000,0.000
2025-07-14 12:57:46.281068,5148,126.62291890,45.80116230,61.079,1.831,55.408,0.409,36.450,0.467,60.000,1.300,0.000,0.000,0.000,0.000,0.631,3.287,0.000,0.600,0.500,0.000,0.000,1.000,0.000,0.000,1.000,0.000
2025-07-14 12:57:46.391171,5888,126.62291960,45.80116270,61.356,1.943,55.453,0.351,36.504,0.454,60.000,1.300,0.000,0.000,0.000,0.000,0.600,3.287,0.000,0.600,0.500,0.000,0.000,1.000,0.000,0.000,1.000,0.000
2025-07-14 12:57:46.501268,6515,126.62292020,45.80116300,61.600,1.996,55.486,0.362,36.551,0.463,60.000,1.300,0.000,0.000,0.000,0.000,0.594,3.287,0.000,0.600,0.500,0.000,0.000,1.000,0.000,0.000,1.000,0.000
2025-07-14 12:57:46.611365,7145,126.62292080,45.80116330,61.839,2.071,55.520,0.324,36.597,0.416,60.000,1.300,0.000,0.000,0.000,0.000,0.563,3.287,0.000,0.600,0.500,0.000,0.000,1.000,0.000,0.000,1.000,0.000
2025-07-14 12:57:46.721472,7775,126.62292140,45.80116360,62.110,2.125,55.553,0.329,36.644,0.411,60.000,1.300,0.000,0.000,0.000,0.000,0.547,3.287,0.000,0.600,0.500,0.000,0.000,1.000,0.000,0.000,1.000,0.000
2025-07-14 12:57:46.831592,8415,126.62292200,45.80116400,62.424,2.251,55.597,0.310,36.690,0.350,60.000,1.300,0.000,0.000,0.000,0.000,0.507,3.287,0.000,0.600,0.500,0.000,0.000,1.000,0.000,0.000,1.000,0.000
2025-07-14 12:57:46.941687,8722,126.62292230,45.80116410,62.614,2.250,55.609,0.298,36.714,0.406,60.000,1.300,0.000,0.000,0.000,0.000,0.499,3.287,0.000,0.600,0.500,0.000,0.000,1.000,0.000,0.000,1.000,0.000
2025-07-14 12:57:47.051791,8942,126.62292250,45.80116430,62.839,2.226,55.631,0.298,36.729,0.392,60.000,1.300,0.000,0.000,0.000,0.000,0.488,3.287,0.000,0.600,0.500,0.000,0.000,1.000,0.000,0.000,1.000,0.000
2025-07-14 12:57:47.161884,9252,126.62292280,45.80116440,63.076,2.225,55.642,0.271,36.752,0.372,60.000,1.300,0.000,0.000,0.000,0.000,0.485,3.287,0.000,0.600,0.500,0.000,0.000,1.000,0.000,0.000,1.000,0.000
2025-07-14 12:57:47.272002,9572,126.62292310,45.80116460,63.394,2.287,55.664,0.270,36.776,0.371,60.000,1.300,0.000,0.000,0.000,0.000,0.471,3.287,0.000,0.600,0.500,0.000,0.000,1.000,0.000,0.000,1.000,0.000
2025-07-14 12:57:47.382254,9792,126.62292330,45.80116480,63.702,2.380,55.686,0.294,36.791,0.362,60.000,1.300,0.000,0.000,0.000,0.000,0.462,3.287,0.000,0.600,0.500,0.000,0.000,1.000,0.000,0.000,1.000,0.000
2025-07-14 12:57:47.492208,212,126.62292370,45.80116500,64.017,2.417,55.709,0.308,36.822,0.373,60.000,1.300,0.000,0.000,0.000,0.000,0.470,3.287,0.000,0.600,0.500,0.000,0.000,1.000,0.000,0.000,1.000,0.000
2025-07-14 12:57:47.602305,532,126.62292400,45.80116520,64.248,2.405,55.731,0.236,36.845,0.320,60.000,1.300,0.000,0.000,0.000,0.000,0.449,3.287,0.000,0.600,0.500,0.000,0.000,1.000,0.000,0.000,1.000,0.000
2025-07-14 12:57:47.712410,962,126.62292440,45.80116550,64.457,2.377,55.764,0.247,36.876,0.309,60.000,1.300,0.000,0.000,0.000,0.000,0.426,3.287,0.000,0.600,0.500,0.000,0.000,1.000,0.000,0.000,1.000,0.000
2025-07-14 12:57:47.822524,1379,126.62292480,45.80116570,64.562,2.227,55.786,0.243,36.907,0.290,60.000,1.300,0.000,0.000,0.000,0.000,0.391,3.287,0.000,0.600,0.500,0.000,0.000,1.000,0.000,0.000,1.000,0.000
2025-07-14 12:57:47.932622,1789,126.62292520,45.80116580,64.785,2.144,55.798,0.243,36.938,0.304,60.000,1.300,0.000,0.000,0.000,0.000,0.388,3.287,0.000,0.600,0.500,0.000,0.000,1.000,0.000,0.000,1.000,0.000
2025-07-14 12:57:48.042726,2099,126.62292550,45.80116590,65.099,2.257,55.809,0.237,36.962,0.300,60.000,1.300,0.000,0.000,0.000,0.000,0.383,3.287,0.000,0.600,0.500,0.000,0.000,1.000,0.000,0.000,1.000,0.000
2025-07-14 12:57:48.152814,2519,126.62292590,45.80116610,65.489,2.407,55.831,0.201,36.993,0.263,60.000,1.300,0.000,0.000,0.000,0.000,0.368,3.287,0.000,0.600,0.500,0.000,0.000,1.000,0.000,0.000,1.000,0.000
2025-07-14 12:57:48.262931,2929,126.62292630,45.80116620,65.722,2.403,55.842,0.218,37.024,0.267,60.000,1.300,0.000,0.000,0.000,0.000,0.353,3.287,0.000,0.600,0.500,0.000,0.000,1.000,0.000,0.000,1.000,0.000
2025-07-14 12:57:48.373048,3349,126.62292670,45.80116640,65.972,2.341,55.864,0.189,37.055,0.260,60.000,1.300,0.000,0.000,0.000,0.000,0.332,3.287,0.000,0.600,0.500,0.000,0.000,1.000,0.000,0.000,1.000,0.000
2025-07-14 12:57:48.483147,3769,126.62292710,45.80116660,66.311,2.369,55.887,0.185,37.086,0.245,60.000,1.300,0.000,0.000,0.000,0.000,0.324,3.287,0.000,0.600,0.500,0.000,0.000,1.000,0.000,0.000,1.000,0.000
2025-07-14 12:57:48.593248,4079,126.62292740,45.80116670,66.586,2.333,55.898,0.235,37.109,0.233,60.000,1.300,0.000,0.000,0.000,0.000,0.320,3.287,0.000,0.600,0.500,0.000,0.000,1.000,0.000,0.000,1.000,0.000
2025-07-14 12:57:48.703369,4499,126.62292780,45.80116690,66.850,2.363,55.920,0.236,37.140,0.228,60.000,1.300,0.000,0.000,0.000,0.000,0.322,3.287,0.000,0.600,0.500,0.000,0.000,1.000,0.000,0.000,1.000,0.000
2025-07-14 12:57:48.813462,4819,126.62292810,45.80116710,67.114,2.413,55.942,0.235,37.163,0.219,60.000,1.300,0.000,0.000,0.000,0.000,0.327,3.287,0.000,0.600,0.500,0.000,0.000,1.000,0.000,0.000,1.000,0.000
2025-07-14 12:57:48.923569,5139,126.62292840,45.80116730,67.459,2.631,55.964,0.188,37.186,0.202,60.000,1.300,0.000,0.000,0.000,0.000,0.308,3.287,0.000,0.600,0.500,0.000,0.000,1.000,0.000,0.000,1.000,0.000
2025-07-14 12:57:49.033670,5346,126.62292860,45.80116740,67.768,2.709,55.976,0.189,37.202,0.190,60.000,1.300,0.000,0.000,0.000,0.000,0.288,3.287,0.000,0.600,0.500,0.000,0.000,1.000,0.000,0.000,1.000,0.000
2025-07-14 12:57:49.143771,5556,126.62292880,45.80116750,68.137,2.759,55.987,0.151,37.217,0.194,60.000,1.300,0.000,0.000,0.000,0.000,0.263,3.287,0.000,0.600,0.500,0.000,0.000,1.000,0.000,0.000,1.000,0.000
2025-07-14 12:57:49.253879,5776,126.62292900,45.80116770,68.474,2.711,56.009,0.149,37.233,0.186,60.000,1.300,0.000,0.000,0.000,0.000,0.251,3.287,0.000,0.600,0.500,0.000,0.000,1.000,0.000,0.000,1.000,0.000
2025-07-14 12:57:49.363984,5986,126.62292920,45.80116780,68.859,2.849,56.020,0.159,37.249,0.188,60.000,1.300,0.000,0.000,0.000,0.000,0.243,3.287,0.000,0.600,0.500,0.000,0.000,1.000,0.000,0.000,1.000,0.000
2025-07-14 12:57:49.474148,6296,126.62292950,45.80116790,69.175,2.906,56.031,0.157,37.272,0.187,60.000,1.300,0.000,0.000,0.000,0.000,0.243,3.287,0.000,0.600,0.500,0.000,0.000,1.000,0.000,0.000,1.000,0.000
2025-07-14 12:57:49.584189,6516,126.62292970,45.80116810,69.547,2.939,56.053,0.185,37.287,0.155,60.000,1.300,0.000,0.000,0.000,0.000,0.244,3.287,0.000,0.600,0.500,0.000,0.000,1.000,0.000,0.000,1.000,0.000
2025-07-14 12:57:49.694278,6726,126.62292990,45.80116820,69.869,2.982,56.064,0.192,37.303,0.146,60.000,1.300,0.000,0.000,0.000,0.000,0.242,3.287,0.000,0.600,0.500,0.000,0.000,1.000,0.000,0.000,1.000,0.000
2025-07-14 12:57:49.804402,6946,126.62293010,45.80116840,70.223,3.064,56.087,0.199,37.318,0.143,60.000,1.300,0.000,0.000,0.000,0.000,0.243,3.287,0.000,0.600,0.500,0.000,0.000,1.000,0.000,0.000,1.000,0.000
2025-07-14 12:57:49.914503,7156,126.62293030,45.80116850,70.528,3.101,56.098,0.164,37.334,0.150,60.000,1.300,0.000,0.000,0.000,0.000,0.236,3.287,0.000,0.600,0.500,0.000,0.000,1.000,0.000,0.000,1.000,0.000
2025-07-14 12:57:50.024610,7376,126.62293050,45.80116870,70.940,3.162,56.120,0.156,37.349,0.134,60.000,1.300,0.000,0.000,0.000,0.000,0.224,3.287,0.000,0.600,0.500,0.000,0.000,1.000,0.000,0.000,1.000,0.000
2025-07-14 12:57:50.134712,7586,126.62293070,45.80116880,71.339,3.244,56.131,0.173,37.365,0.140,60.000,1.300,0.000,0.000,0.000,0.000,0.217,3.287,0.000,0.600,0.500,0.000,0.000,1.000,0.000,0.000,1.000,0.000
2025-07-14 12:57:50.244891,7796,126.62293090,45.80116890,71.765,3.296,56.142,0.187,37.380,0.139,60.000,1.300,0.000,0.000,0.000,0.000,0.220,3.287,0.000,0.600,0.500,0.000,0.000,1.000,0.000,0.000,1.000,0.000
2025-07-14 12:57:50.354927,8006,126.62293110,45.80116900,72.133,3.324,56.153,0.112,37.396,0.125,60.000,1.300,0.000,0.000,0.000,0.000,0.208,3.287,0.000,0.600,0.500,0.000,0.000,1.000,0.000,0.000,1.000,0.000
2025-07-14 12:57:50.465022,8113,126.62293120,45.80116920,72.411,3.227,56.176,0.103,37.404,0.115,60.000,1.300,0.000,0.000,0.000,0.000,0.185,3.287,0.000,0.600,0.500,0.000,0.000,1.000,0.000,0.000,1.000,0.000
2025-07-14 12:57:50.575134,8333,126.62293140,45.80116930,72.725,3.225,56.187,0.126,37.419,0.117,60.000,1.300,0.000,0.000,0.000,0.000,0.165,3.287,0.000,0.600,0.500,0.000,0.000,1.000,0.000,0.000,1.000,0.000
2025-07-14 12:57:50.685228,8443,126.62293150,45.80116940,73.066,3.197,56.198,0.123,37.427,0.106,60.000,1.300,0.000,0.000,0.000,0.000,0.163,3.287,0.000,0.600,0.500,0.000,0.000,1.000,0.000,0.000,1.000,0.000
2025-07-14 12:57:50.795348,8553,126.62293160,45.80116950,73.521,3.317,56.209,0.136,37.435,0.103,60.000,1.300,0.000,0.000,0.000,0.000,0.168,3.287,0.000,0.600,0.500,0.000,0.000,1.000,0.000,0.000,1.000,0.000
2025-07-14 12:57:50.905440,8763,126.62293180,45.80116960,73.870,3.313,56.220,0.136,37.450,0.106,60.000,1.300,0.000,0.000,0.000,0.000,0.168,3.287,0.000,0.600,0.500,0.000,0.000,1.000,0.000,0.000,1.000,0.000
2025-07-14 12:57:51.015551,8873,126.62293190,45.80116980,74.240,3.372,56.242,0.136,37.458,0.093,60.000,1.300,0.000,0.000,0.000,0.000,0.169,3.287,0.000,0.600,0.500,0.000,0.000,1.000,0.000,0.000,1.000,0.000
2025-07-14 12:57:51.125633,9093,126.62293210,45.80116990,74.537,3.267,56.254,0.107,37.473,0.104,60.000,1.300,0.000,0.000,0.000,0.000,0.162,3.287,0.000,0.600,0.500,0.000,0.000,1.000,0.000,0.000,1.000,0.000
2025-07-14 12:57:51.235763,9203,126.62293220,45.80117000,74.942,3.273,56.265,0.102,37.481,0.090,60.000,1.300,0.000,0.000,0.000,0.000,0.150,3.287,0.000,0.600,0.500,0.000,0.000,1.000,0.000,0.000,1.000,0.000
2025-07-14 12:57:51.345846,9313,126.62293230,45.80117010,75.332,3.240,56.276,0.107,37.489,0.104,60.000,1.300,0.000,0.000,0.000,0.000,0.145,3.287,0.000,0.600,0.500,0.000,0.000,1.000,0.000,0.000,1.000,0.000
2025-07-14 12:57:51.455968,9423,126.62293240,45.80117020,75.717,3.256,56.287,0.115,37.497,0.098,60.000,1.300,0.000,0.000,0.000,0.000,0.145,3.287,0.000,0.600,0.500,0.000,0.000,1.000,0.000,0.000,1.000,0.000
2025-07-14 12:57:51.566059,9533,126.62293250,45.80117030,76.024,3.282,56.298,0.099,37.504,0.085,60.000,1.300,0.000,0.000,0.000,0.000,0.144,3.287,0.000,0.600,0.500,0.000,0.000,1.000,0.000,0.000,1.000,0.000
2025-07-14 12:57:51.676167,9633,126.62293260,45.80117040,76.407,3.344,56.309,0.084,37.512,0.073,60.000,1.300,0.000,0.000,0.000,0.000,0.131,3.287,0.000,0.600,0.500,0.000,0.000,1.000,0.000,0.000,1.000,0.000
2025-07-14 12:57:51.786286,9753,126.62293270,45.80117050,76.758,3.353,56.320,0.085,37.520,0.070,60.000,1.300,0.000,0.000,0.000,0.000,0.117,3.287,0.000,0.600,0.500,0.000,0.000,1.000,0.000,0.000,1.000,0.000
2025-07-14 12:57:51.896377,9763,126.62293270,45.80117060,77.273,3.408,56.331,0.099,37.520,0.068,60.000,1.300,0.000,0.000,0.000,0.000,0.114,3.287,0.000,0.600,0.500,0.000,0.000,1.000,0.000,0.000,1.000,0.000
2025-07-14 12:57:52.006484,9873,126.62293280,45.80117070,77.526,3.320,56.342,0.121,37.528,0.071,60.000,1.300,0.000,0.000,0.000,0.000,0.124,3.287,0.000,0.600,0.500,0.000,0.000,1.000,0.000,0.000,1.000,0.000
2025-07-14 12:57:52.116575,83,126.62293300,45.80117080,77.841,3.270,56.354,0.081,37.543,0.073,60.000,1.300,0.000,0.000,0.000,0.000,0.123,3.287,0.000,0.600,0.500,0.000,0.000,1.000,0.000,0.000,1.000,0.000
2025-07-14 12:57:52.226705,183,126.62293310,45.80117080,78.170,3.300,56.354,0.069,37.551,0.070,60.000,1.300,0.000,0.000,0.000,0.000,0.116,3.287,0.000,0.600,0.500,0.000,0.000,1.000,0.000,0.000,1.000,0.000
2025-07-14 12:57:52.336874,193,126.62293310,45.80117090,78.603,3.325,56.365,0.109,37.551,0.050,60.000,1.300,0.000,0.000,0.000,0.000,0.109,3.287,0.000,0.600,0.500,0.000,0.000,1.000,0.000,0.000,1.000,0.000
2025-07-14 12:57:52.446908,293,126.62293320,45.80117100,79.009,3.340,56.376,0.118,37.559,0.037,60.000,1.300,0.000,0.000,0.000,0.000,0.114,3.287,0.000,0.600,0.500,0.000,0.000,1.000,0.000,0.000,1.000,0.000
2025-07-14 12:57:52.557007,413,126.62293330,45.80117110,79.298,3.252,56.387,0.067,37.566,0.049,60.000,1.300,0.000,0.000,0.000,0.000,0.109,3.287,0.000,0.600,0.500,0.000,0.000,1.000,0.000,0.000,1.000,0.000
2025-07-14 12:57:52.667112,410,126.62293330,45.80117110,79.608,3.253,56.387,0.055,37.566,0.038,60.000,1.300,0.000,0.000,0.000,0.000,0.091,3.287,0.000,0.600,0.500,0.000,0.000,1.000,0.000,0.000,1.000,0.000
2025-07-14 12:57:52.777219,520,126.62293340,45.80117120,79.906,3.178,56.398,0.050,37.574,0.031,60.000,1.300,0.000,0.000,0.000,0.000,0.070,3.287,0.000,0.600,0.500,0.000,0.000,1.000,0.000,0.000,1.000,0.000
2025-07-14 12:57:52.887330,530,126.62293340,45.80117130,80.294,3.212,56.409,0.086,37.574,0.047,60.000,1.300,0.000,0.000,0.000,0.000,0.075,3.287,0.000,0.600,0.500,0.000,0.000,1.000,0.000,0.000,1.000,0.000
2025-07-14 12:57:52.997419,730,126.62293360,45.80117130,80.670,3.086,56.409,0.071,37.590,0.037,60.000,1.300,0.000,0.000,0.000,0.000,0.079,3.287,0.000,0.600,0.500,0.000,0.000,1.000,0.000,0.000,1.000,0.000
2025-07-14 12:57:53.107518,840,126.62293370,45.80117140,81.053,3.204,56.420,0.057,37.597,0.009,60.000,1.300,0.000,0.000,0.000,0.000,0.079,3.287,0.000,0.600,0.500,0.000,0.000,1.000,0.000,0.000,1.000,0.000
2025-07-14 12:57:53.217630,850,126.62293370,45.80117150,81.323,3.163,56.431,0.049,37.597,0.002,60.000,1.300,0.000,0.000,0.000,0.000,0.062,3.287,0.000,0.600,0.500,0.000,0.000,1.000,0.000,0.000,1.000,0.000
2025-07-14 12:57:53.327746,950,126.62293380,45.80117150,81.640,3.152,56.431,0.059,37.605,0.074,60.000,1.300,0.000,0.000,0.000,0.000,0.067,3.287,0.000,0.600,0.500,0.000,0.000,1.000,0.000,0.000,1.000,0.000
2025-07-14 12:57:53.437841,1060,126.62293390,45.80117160,81.928,3.020,56.443,0.064,37.613,0.071,60.000,1.300,0.000,0.000,0.000,0.000,0.080,3.287,0.000,0.600,0.500,0.000,0.000,1.000,0.000,0.000,1.000,0.000
2025-07-14 12:57:53.547943,1170,126.62293400,45.80117170,82.218,2.915,56.454,0.070,37.621,0.025,60.000,1.300,0.000,0.000,0.000,0.000,0.088,3.287,0.000,0.600,0.500,0.000,0.000,1.000,0.000,0.000,1.000,0.000
2025-07-14 12:57:53.658055,1170,126.62293400,45.80117170,82.455,2.867,56.454,0.069,37.621,0.008,60.000,1.300,0.000,0.000,0.000,0.000,0.080,3.287,0.000,0.600,0.500,0.000,0.000,1.000,0.000,0.000,1.000,0.000
2025-07-14 12:57:53.768202,1180,126.62293400,45.80117180,82.760,2.863,56.465,0.062,37.621,-0.010,60.000,1.300,0.000,0.000,0.000,0.000,0.069,3.287,0.000,0.600,0.500,0.000,0.000,1.000,0.000,0.000,1.000,0.000
2025-07-14 12:57:53.878263,1180,126.62293400,45.80117180,83.142,2.939,56.465,0.035,37.621,0.044,60.000,1.300,0.000,0.000,0.000,0.000,0.063,3.287,0.000,0.600,0.500,0.000,0.000,1.000,0.000,0.000,1.000,0.000
2025-07-14 12:57:53.988369,1290,126.62293410,45.80117190,83.519,2.929,56.476,0.037,37.628,0.023,60.000,1.300,0.000,0.000,0.000,0.000,0.054,3.287,0.000,0.600,0.500,0.000,0.000,1.000,0.000,0.000,1.000,0.000
2025-07-14 12:57:54.098453,1390,126.62293420,45.80117190,83.850,2.888,56.476,0.045,37.636,0.025,60.000,1.300,0.000,0.000,0.000,0.000,0.050,3.287,0.000,0.600,0.500,0.000,0.000,1.000,0.000,0.000,1.000,0.000
2025-07-14 12:57:54.208568,1500,126.62293430,45.80117200,84.173,2.834,56.487,0.088,37.644,0.001,60.000,1.300,0.000,0.000,0.000,0.000,0.061,3.287,0.000,0.600,0.500,0.000,0.000,1.000,0.000,0.000,1.000,0.000
2025-07-14 12:57:54.318690,1600,126.62293440,45.80117200,84.405,2.799,56.487,0.004,37.652,0.009,60.000,1.300,0.000,0.000,0.000,0.000,0.050,3.287,0.000,0.600,0.500,0.000,0.000,1.000,0.000,0.000,1.000,0.000
2025-07-14 12:57:54.428858,1710,126.62293450,45.80117210,84.627,2.713,56.498,-0.002,37.659,-0.010,60.000,1.300,0.000,0.000,0.000,0.000,0.036,3.287,0.000,0.600,0.500,0.000,0.000,1.000,0.000,0.000,1.000,0.000
2025-07-14 12:57:54.538891,1710,126.62293450,45.80117210,84.891,2.691,56.498,0.027,37.659,0.005,60.000,1.300,0.000,0.000,0.000,0.000,0.016,3.287,0.000,0.600,0.500,0.000,0.000,1.000,0.000,0.000,1.000,0.000
2025-07-14 12:57:54.648970,1720,126.62293450,45.80117220,85.185,2.695,56.509,0.031,37.659,-0.007,60.000,1.300,0.000,0.000,0.000,0.000,0.023,3.287,0.000,0.600,0.500,0.000,0.000,1.000,0.000,0.000,1.000,0.000
2025-07-14 12:57:54.759110,1720,126.62293450,45.80117220,85.561,2.818,56.509,0.031,37.659,-0.007,60.000,1.300,0.000,0.000,0.000,0.000,0.030,3.287,0.000,0.600,0.500,0.000,0.000,1.000,0.000,0.000,1.000,0.000
2025-07-14 12:57:54.869196,1730,126.62293450,45.80117230,85.860,2.815,56.520,0.015,37.659,-0.007,60.000,1.300,0.000,0.000,0.000,0.000,0.027,3.287,0.000,0.600,0.500,0.000,0.000,1.000,0.000,0.000,1.000,0.000
2025-07-14 12:57:54.979351,1730,126.62293450,45.80117230,86.154,2.735,56.520,0.040,37.659,-0.003,60.000,1.300,0.000,0.000,0.000,0.000,0.029,3.287,0.000,0.600,0.500,0.000,0.000,1.000,0.000,0.000,1.000,0.000
2025-07-14 12:57:55.099440,1730,126.62293450,45.80117230,86.414,2.609,56.520,0.044,37.659,-0.007,60.000,1.300,0.000,0.000,0.000,0.000,0.034,3.287,0.000,0.600,0.500,0.000,0.000,1.000,0.000,0.000,1.000,0.000
2025-07-14 12:57:55.219532,1730,126.62293450,45.80117230,86.713,2.557,56.520,0.030,37.659,-0.009,60.000,1.300,0.000,0.000,0.000,0.000,0.039,3.287,0.000,0.600,0.500,0.000,0.000,1.000,0.000,0.000,1.000,0.000
2025-07-14 12:57:55.339652,1730,126.62293450,45.80117230,86.989,2.494,56.520,0.037,37.659,-0.019,60.000,1.300,0.000,0.000,0.000,0.000,0.039,3.287,0.000,0.600,0.500,0.000,0.000,1.000,0.000,0.000,1.000,0.000
2025-07-14 12:57:55.459757,1630,126.62293440,45.80117230,87.185,2.446,56.520,0.027,37.652,-0.026,60.000,1.300,0.000,0.000,0.000,0.000,0.037,3.287,0.000,0.600,0.500,0.000,0.000,1.000,0.000,0.000,1.000,0.000
2025-07-14 12:57:55.579872,1630,126.62293440,45.80117230,87.393,2.418,56.520,0.015,37.652,-0.023,60.000,1.300,0.000,0.000,0.000,0.000,0.036,3.287,0.000,0.600,0.500,0.000,0.000,1.000,0.000,0.000,1.000,0.000
2025-07-14 12:57:55.699983,1540,126.62293430,45.80117240,87.705,2.438,56.532,0.023,37.644,-0.037,60.000,1.300,0.000,0.000,0.000,0.000,0.036,3.287,0.000,0.600,0.500,0.000,0.000,1.000,0.000,0.000,1.000,0.000
2025-07-14 12:57:55.820105,1540,126.62293430,45.80117240,88.077,2.478,56.532,0.024,37.644,-0.041,60.000,1.300,0.000,0.000,0.000,0.000,0.040,3.287,0.000,0.600,0.500,0.000,0.000,1.000,0.000,0.000,1.000,0.000
2025-07-14 12:57:55.940224,1440,126.62293420,45.80117240,88.410,2.417,56.532,0.013,37.636,-0.066,60.000,1.300,0.000,0.000,0.000,0.000,0.053,3.287,0.000,0.600,0.500,0.000,0.000,1.000,0.000,0.000,1.000,0.000
2025-07-14 12:57:56.060333,1450,126.62293420,45.80117250,88.649,2.344,56.543,0.013,37.636,-0.069,60.000,1.300,0.000,0.000,0.000,0.000,0.062,3.287,0.000,0.600,0.500,0.000,0.000,1.000,0.000,0.000,1.000,0.000
2025-07-14 12:57:56.170429,1350,126.62293410,45.80117250,88.966,2.365,56.543,0.009,37.628,-0.065,60.000,1.300,0.000,0.000,0.000,0.000,0.068,3.287,0.000,0.600,0.500,0.000,0.000,1.000,0.000,0.000,1.000,0.000
2025-07-14 12:57:56.280543,1260,126.62293400,45.80117260,89.370,2.515,56.554,0.006,37.621,-0.082,60.000,1.300,0.000,0.000,0.000,0.000,0.073,3.287,0.000,0.600,0.500,0.000,0.000,1.000,0.000,0.000,1.000,0.000
2025-07-14 12:57:56.390657,1160,126.62293390,45.80117260,89.694,2.561,56.554,0.025,37.613,-0.090,60.000,1.300,0.000,0.000,0.000,0.000,0.080,3.287,0.000,0.600,0.500,0.000,0.000,1.000,0.000,0.000,1.000,0.000
2025-07-14 12:57:56.500759,1060,126.62293380,45.80117260,89.946,2.560,56.554,0.011,37.605,-0.060,60.000,1.300,0.000,0.000,0.000,0.000,0.079,3.287,0.000,0.600,0.500,0.000,0.000,1.000,0.000,0.000,1.000,0.000
2025-07-14 12:57:56.610855,970,126.62293370,45.80117270,90.175,2.605,56.565,0.025,37.597,-0.067,60.000,1.300,0.000,0.000,0.000,0.000,0.075,3.287,0.000,0.600,0.500,0.000,0.000,1.000,0.000,0.000,1.000,0.000
2025-07-14 12:57:56.720964,870,126.62293360,45.80117270,90.578,2.798,56.565,0.039,37.590,-0.077,60.000,1.300,0.000,0.000,0.000,0.000,0.073,3.287,0.000,0.600,0.500,0.000,0.000,1.000,0.000,0.000,1.000,0.000
2025-07-14 12:57:56.831074,780,126.62293350,45.80117280,90.811,2.750,56.576,0.038,37.582,-0.086,60.000,1.300,0.000,0.000,0.000,0.000,0.084,3.287,0.000,0.600,0.500,0.000,0.000,1.000,0.000,0.000,1.000,0.000
2025-07-14 12:57:56.941174,583,126.62293330,45.80117280,91.288,2.872,56.576,0.008,37.566,-0.135,60.000,1.300,0.000,0.000,0.000,0.000,0.105,3.287,0.000,0.600,0.500,0.000,0.000,1.000,0.000,0.000,1.000,0.000
2025-07-14 12:57:57.051275,373,126.62293310,45.80117270,91.633,2.908,56.565,-0.002,37.551,-0.136,60.000,1.300,0.000,0.000,0.000,0.000,0.122,3.287,0.000,0.600,0.500,0.000,0.000,1.000,0.000,0.000,1.000,0.000
2025-07-14 12:57:57.161365,273,126.62293300,45.80117270,92.031,3.071,56.565,0.026,37.543,-0.136,60.000,1.300,0.000,0.000,0.000,0.000,0.137,3.287,0.000,0.600,0.500,0.000,0.000,1.000,0.000,0.000,1.000,0.000
2025-07-14 12:57:57.271482,63,126.62293280,45.80117260,92.449,3.162,56.554,0.040,37.528,-0.143,60.000,1.300,0.000,0.000,0.000,0.000,0.141,3.287,0.000,0.600,0.500,0.000,0.000,1.000,0.000,0.000,1.000,0.000
2025-07-14 12:57:57.381588,9763,126.62293250,45.80117260,92.947,3.248,56.554,-0.005,37.504,-0.158,60.000,1.300,0.000,0.000,0.000,0.000,0.148,3.287,0.000,0.600,0.500,0.000,0.000,1.000,0.000,0.000,1.000,0.000
2025-07-14 12:57:57.491692,9663,126.62293240,45.80117260,93.352,3.322,56.554,-0.012,37.497,-0.153,60.000,1.300,0.000,0.000,0.000,0.000,0.153,3.287,0.000,0.600,0.500,0.000,0.000,1.000,0.000,0.000,1.000,0.000
2025-07-14 12:57:57.601789,9363,126.62293210,45.80117260,93.768,3.471,56.554,0.009,37.473,-0.173,60.000,1.300,0.000,0.000,0.000,0.000,0.162,3.287,0.000,0.600,0.500,0.000,0.000,1.000,0.000,0.000,1.000,0.000
2025-07-14 12:57:57.711904,9153,126.62293190,45.80117250,94.169,3.627,56.543,0.013,37.458,-0.193,60.000,1.300,0.000,0.000,0.000,0.000,0.173,3.287,0.000,0.600,0.500,0.000,0.000,1.000,0.000,0.000,1.000,0.000
2025-07-14 12:57:57.822007,8853,126.62293160,45.80117250,94.730,3.771,56.543,0.023,37.435,-0.213,60.000,1.300,0.000,0.000,0.000,0.000,0.194,3.287,0.000,0.600,0.500,0.000,0.000,1.000,0.000,0.000,1.000,0.000
2025-07-14 12:57:57.932101,8656,126.62293140,45.80117250,95.260,4.036,56.543,0.002,37.419,-0.201,60.000,1.300,0.000,0.000,0.000,0.000,0.203,3.287,0.000,0.600,0.500,0.000,0.000,1.000,0.000,0.000,1.000,0.000
2025-07-14 12:57:58.042215,8353,126.62293110,45.80117250,95.747,4.049,56.543,-0.006,37.396,-0.181,60.000,1.300,0.000,0.000,0.000,0.000,0.199,3.287,0.000,0.600,0.500,0.000,0.000,1.000,0.000,0.000,1.000,0.000
2025-07-14 12:57:58.152300,8053,126.62293080,45.80117250,96.089,4.047,56.543,-0.018,37.373,-0.193,60.000,1.300,0.000,0.000,0.000,0.000,0.192,3.287,0.000,0.600,0.500,0.000,0.000,1.000,0.000,0.000,1.000,0.000
2025-07-14 12:57:58.262429,7753,126.62293050,45.80117250,96.443,4.007,56.543,-0.024,37.349,-0.212,60.000,1.300,0.000,0.000,0.000,0.000,0.196,3.287,0.000,0.600,0.500,0.000,0.000,1.000,0.000,0.000,1.000,0.000
2025-07-14 12:57:58.372536,7456,126.62293020,45.80117250,97.040,4.169,56.543,0.009,37.326,-0.211,60.000,1.300,0.000,0.000,0.000,0.000,0.206,3.287,0.000,0.600,0.500,0.000,0.000,1.000,0.000,0.000,1.000,0.000
2025-07-14 12:57:58.482631,7156,126.62292990,45.80117250,97.667,4.287,56.543,0.026,37.303,-0.222,60.000,1.300,0.000,0.000,0.000,0.000,0.216,3.287,0.000,0.600,0.500,0.000,0.000,1.000,0.000,0.000,1.000,0.000
2025-07-14 12:57:58.592743,6766,126.62292950,45.80117260,98.294,4.488,56.554,0.035,37.272,-0.245,60.000,1.300,0.000,0.000,0.000,0.000,0.227,3.287,0.000,0.600,0.500,0.000,0.000,1.000,0.000,0.000,1.000,0.000
2025-07-14 12:57:58.702827,6466,126.62292920,45.80117260,98.709,4.487,56.554,0.021,37.249,-0.245,60.000,1.300,0.000,0.000,0.000,0.000,0.239,3.287,0.000,0.600,0.500,0.000,0.000,1.000,0.000,0.000,1.000,0.000
2025-07-14 12:57:58.812960,6066,126.62292880,45.80117260,99.303,4.663,56.554,0.002,37.217,-0.248,60.000,1.300,0.000,0.000,0.000,0.000,0.247,3.287,0.000,0.600,0.500,0.000,0.000,1.000,0.000,0.000,1.000,0.000
2025-07-14 12:57:58.923416,5656,126.62292840,45.80117250,99.761,4.566,56.543,0.024,37.186,-0.209,60.000,1.300,0.000,0.000,0.000,0.000,0.235,3.287,0.000,0.600,0.500,0.000,0.000,1.000,0.000,0.000,1.000,0.000
2025-07-14 12:57:59.033524,5346,126.62292810,45.80117240,100.359,4.632,56.532,0.043,37.163,-0.215,60.000,1.300,0.000,0.000,0.000,0.000,0.226,3.287,0.000,0.600,0.500,0.000,0.000,1.000,0.000,0.000,1.000,0.000
2025-07-14 12:57:59.143733,4946,126.62292770,45.80117240,100.892,4.674,56.532,-0.001,37.132,-0.253,60.000,1.300,0.000,0.000,0.000,0.000,0.228,3.287,0.000,0.600,0.500,0.000,0.000,1.000,0.000,0.000,1.000,0.000
2025-07-14 12:57:59.253730,4536,126.62292730,45.80117230,101.488,4.904,56.520,-0.007,37.101,-0.278,60.000,1.300,0.000,0.000,0.000,0.000,0.250,3.287,0.000,0.600,0.500,0.000,0.000,1.000,0.000,0.000,1.000,0.000
2025-07-14 12:57:59.363814,4236,126.62292700,45.80117230,102.039,5.084,56.520,-0.045,37.078,-0.276,60.000,1.300,0.000,0.000,0.000,0.000,0.270,3.287,0.000,0.600,0.500,0.000,0.000,1.000,0.000,0.000,1.000,0.000
2025-07-14 12:57:59.473976,3726,126.62292650,45.80117220,102.737,5.175,56.509,-0.049,37.039,-0.282,60.000,1.300,0.000,0.000,0.000,0.000,0.281,3.287,0.000,0.600,0.500,0.000,0.000,1.000,0.000,0.000,1.000,0.000
2025-07-14 12:57:59.584016,3326,126.62292610,45.80117220,103.373,5.184,56.509,0.022,37.008,-0.246,60.000,1.300,0.000,0.000,0.000,0.000,0.271,3.287,0.000,0.600,0.500,0.000,0.000,1.000,0.000,0.000,1.000,0.000
2025-07-14 12:57:59.694128,2916,126.62292570,45.80117210,104.085,5.255,56.498,0.038,36.977,-0.255,60.000,1.300,0.000,0.000,0.000,0.000,0.264,3.287,0.000,0.600,0.500,0.000,0.000,1.000,0.000,0.000,1.000,0.000
2025-07-14 12:57:59.804249,2516,126.62292530,45.80117210,104.689,5.427,56.498,0.038,36.946,-0.275,60.000,1.300,0.000,0.000,0.000,0.000,0.261,3.287,0.000,0.600,0.500,0.000,0.000,1.000,0.000,0.000,1.000,0.000
2025-07-14 12:57:59.914434,2016,126.62292480,45.80117210,105.382,5.517,56.498,-0.041,36.907,-0.269,60.000,1.300,0.000,0.000,0.000,0.000,0.269,3.287,0.000,0.600,0.500,0.000,0.000,1.000,0.000,0.000,1.000,0.000
2025-07-14 12:58:00.024465,1616,126.62292440,45.80117210,106.104,5.761,56.498,-0.043,36.876,-0.281,60.000,1.300,0.000,0.000,0.000,0.000,0.278,3.287,0.000,0.600,0.500,0.000,0.000,1.000,0.000,0.000,1.000,0.000
2025-07-14 12:58:00.134550,1316,126.62292410,45.80117210,106.751,5.805,56.498,-0.002,36.853,-0.251,60.000,1.300,0.000,0.000,0.000,0.000,0.269,3.287,0.000,0.600,0.500,0.000,0.000,1.000,0.000,0.000,1.000,0.000
2025-07-14 12:58:00.244668,816,126.62292360,45.80117210,107.534,6.032,56.498,0.015,36.814,-0.253,60.000,1.300,0.000,0.000,0.000,0.000,0.263,3.287,0.000,0.600,0.500,0.000,0.000,1.000,0.000,0.000,1.000,0.000
2025-07-14 12:58:00.354775,516,126.62292330,45.80117210,108.282,6.171,56.498,-0.009,36.791,-0.279,60.000,1.300,0.000,0.000,0.000,0.000,0.261,3.287,0.000,0.600,0.500,0.000,0.000,1.000,0.000,0.000,1.000,0.000
2025-07-14 12:58:00.464889,26,126.62292280,45.80117220,109.203,6.507,56.509,-0.016,36.752,-0.306,60.000,1.300,0.000,0.000,0.000,0.000,0.280,3.287,0.000,0.600,0.500,0.000,0.000,1.000,0.000,0.000,1.000,0.000
2025-07-14 12:58:00.574977,9626,126.62292240,45.80117220,110.033,6.627,56.509,-0.021,36.721,-0.289,60.000,1.300,0.000,0.000,0.000,0.000,0.292,3.287,0.000,0.600,0.500,0.000,0.000,1.000,0.000,0.000,1.000,0.000
2025-07-14 12:58:00.685087,9116,126.62292190,45.80117210,110.954,6.886,56.498,-0.027,36.683,-0.294,60.000,1.300,0.000,0.000,0.000,0.000,0.297,3.287,0.000,0.600,0.500,0.000,0.000,1.000,0.000,0.000,1.000,0.000
2025-07-14 12:58:00.795199,8716,126.62292150,45.80117210,111.514,6.749,56.498,-0.020,36.652,-0.292,60.000,1.300,0.000,0.000,0.000,0.000,0.293,3.287,0.000,0.600,0.500,0.000,0.000,1.000,0.000,0.000,1.000,0.000
2025-07-14 12:58:00.905297,8326,126.62292110,45.80117220,112.315,6.928,56.509,-0.005,36.621,-0.266,60.000,1.300,0.000,0.000,0.000,0.000,0.285,3.287,0.000,0.600,0.500,0.000,0.000,1.000,0.000,0.000,1.000,0.000
2025-07-14 12:58:01.015368,8026,126.62292080,45.80117220,113.026,6.945,56.509,0.007,36.597,-0.269,60.000,1.300,0.000,0.000,0.000,0.000,0.276,3.287,0.000,0.600,0.500,0.000,0.000,1.000,0.000,0.000,1.000,0.000
2025-07-14 12:58:01.125490,7636,126.62292040,45.80117230,113.923,7.104,56.520,-0.051,36.566,-0.290,60.000,1.300,0.000,0.000,0.000,0.000,0.277,3.287,0.000,0.600,0.500,0.000,0.000,1.000,0.000,0.000,1.000,0.000
2025-07-14 12:58:01.235723,7336,126.62292010,45.80117230,114.799,7.312,56.520,-0.056,36.543,-0.313,60.000,1.300,0.000,0.000,0.000,0.000,0.294,3.287,0.000,0.600,0.500,0.000,0.000,1.000,0.000,0.000,1.000,0.000
2025-07-14 12:58:01.345706,6949,126.62291970,45.80117240,115.828,7.535,56.532,0.016,36.512,-0.314,60.000,1.300,0.000,0.000,0.000,0.000,0.309,3.287,0.000,0.600,0.500,0.000,0.000,1.000,0.000,0.000,1.000,0.000
2025-07-14 12:58:01.455811,6549,126.62291930,45.80117240,116.693,7.642,56.532,0.015,36.481,-0.322,60.000,1.300,0.000,0.000,0.000,0.000,0.318,3.287,0.000,0.600,0.500,0.000,0.000,1.000,0.000,0.000,1.000,0.000
2025-07-14 12:58:01.565930,6046,126.62291880,45.80117240,117.562,7.595,56.532,0.011,36.442,-0.247,60.000,1.300,0.000,0.000,0.000,0.000,0.295,3.287,0.000,0.600,0.500,0.000,0.000,1.000,0.000,0.000,1.000,0.000
2025-07-14 12:58:01.676019,5646,126.62291840,45.80117240,118.257,7.472,56.532,0.008,36.411,-0.244,60.000,1.300,0.000,0.000,0.000,0.000,0.271,3.287,0.000,0.600,0.500,0.000,0.000,1.000,0.000,0.000,1.000,0.000
2025-07-14 12:58:01.786131,5246,126.62291800,45.80117240,119.071,7.368,56.532,0.013,36.380,-0.239,60.000,1.300,0.000,0.000,0.000,0.000,0.244,3.287,0.000,0.600,0.500,0.000,0.000,1.000,0.000,0.000,1.000,0.000
2025-07-14 12:58:01.896235,4946,126.62291770,45.80117240,119.855,7.576,56.532,0.021,36.357,-0.235,60.000,1.300,0.000,0.000,0.000,0.000,0.240,3.287,0.000,0.600,0.500,0.000,0.000,1.000,0.000,0.000,1.000,0.000
2025-07-14 12:58:02.006467,4646,126.62291740,45.80117240,120.870,7.771,56.532,-0.026,36.334,-0.279,60.000,1.300,0.000,0.000,0.000,0.000,0.252,3.287,0.000,0.600,0.500,0.000,0.000,1.000,0.000,0.000,1.000,0.000
2025-07-14 12:58:02.116441,4346,126.62291710,45.80117240,121.963,8.118,56.532,-0.032,36.311,-0.282,60.000,1.300,0.000,0.000,0.000,0.000,0.267,3.287,0.000,0.600,0.500,0.000,0.000,1.000,0.000,0.000,1.000,0.000
2025-07-14 12:58:02.226549,4046,126.62291680,45.80117240,122.913,8.166,56.532,-0.048,36.287,-0.294,60.000,1.300,0.000,0.000,0.000,0.000,0.287,3.287,0.000,0.600,0.500,0.000,0.000,1.000,0.000,0.000,1.000,0.000
2025-07-14 12:58:02.336677,3646,126.62291640,45.80117240,123.900,8.267,56.532,-0.004,36.256,-0.211,60.000,1.300,0.000,0.000,0.000,0.000,0.264,3.287,0.000,0.600,0.500,0.000,0.000,1.000,0.000,0.000,1.000,0.000
2025-07-14 12:58:02.446756,3336,126.62291610,45.80117230,124.634,7.999,56.520,-0.006,36.233,-0.183,60.000,1.300,0.000,0.000,0.000,0.000,0.231,3.287,0.000,0.600,0.500,0.000,0.000,1.000,0.000,0.000,1.000,0.000
2025-07-14 12:58:02.556863,3036,126.62291580,45.80117230,125.394,7.903,56.520,0.011,36.210,-0.212,60.000,1.300,0.000,0.000,0.000,0.000,0.202,3.287,0.000,0.600,0.500,0.000,0.000,1.000,0.000,0.000,1.000,0.000
2025-07-14 12:58:02.666924,2836,126.62291560,45.80117230,126.067,7.725,56.520,0.032,36.194,-0.222,60.000,1.300,0.000,0.000,0.000,0.000,0.207,3.287,0.000,0.600,0.500,0.000,0.000,1.000,0.000,0.000,1.000,0.000
2025-07-14 12:58:02.777084,2536,126.62291530,45.80117230,126.931,7.879,56.520,0.044,36.171,-0.255,60.000,1.300,0.000,0.000,0.000,0.000,0.232,3.287,0.000,0.600,0.500,0.000,0.000,1.000,0.000,0.000,1.000,0.000
2025-07-14 12:58:02.887170,2136,126.62291490,45.80117230,127.693,7.832,56.520,-0.033,36.140,-0.306,60.000,1.300,0.000,0.000,0.000,0.000,0.264,3.287,0.000,0.600,0.500,0.000,0.000,1.000,0.000,0.000,1.000,0.000
2025-07-14 12:58:02.997299,1726,126.62291450,45.80117220,128.773,8.101,56.509,-0.004,36.109,-0.265,60.000,1.300,0.000,0.000,0.000,0.000,0.277,3.287,0.000,0.600,0.500,0.000,0.000,1.000,0.000,0.000,1.000,0.000
2025-07-14 12:58:03.107373,1316,126.62291410,45.80117210,129.695,8.016,56.498,0.020,36.078,-0.224,60.000,1.300,0.000,0.000,0.000,0.000,0.266,3.287,0.000,0.600,0.500,0.000,0.000,1.000,0.000,0.000,1.000,0.000
2025-07-14 12:58:03.217482,916,126.62291370,45.80117210,130.624,7.867,56.498,0.018,36.047,-0.200,60.000,1.300,0.000,0.000,0.000,0.000,0.230,3.287,0.000,0.600,0.500,0.000,0.000,1.000,0.000,0.000,1.000,0.000
2025-07-14 12:58:03.327723,606,126.62291340,45.80117200,131.312,7.629,56.487,-0.005,36.024,-0.217,60.000,1.300,0.000,0.000,0.000,0.000,0.214,3.287,0.000,0.600,0.500,0.000,0.000,1.000,0.000,0.000,1.000,0.000
2025-07-14 12:58:03.437687,306,126.62291310,45.80117200,132.035,7.389,56.487,-0.006,36.000,-0.224,60.000,1.300,0.000,0.000,0.000,0.000,0.214,3.287,0.000,0.600,0.500,0.000,0.000,1.000,0.000,0.000,1.000,0.000
2025-07-14 12:58:03.547787,9896,126.62291270,45.80117190,132.712,7.337,56.476,-0.041,35.969,-0.239,60.000,1.300,0.000,0.000,0.000,0.000,0.228,3.287,0.000,0.600,0.500,0.000,0.000,1.000,0.000,0.000,1.000,0.000
2025-07-14 12:58:03.657897,9496,126.62291230,45.80117190,133.598,7.452,56.476,-0.033,35.938,-0.261,60.000,1.300,0.000,0.000,0.000,0.000,0.243,3.287,0.000,0.600,0.500,0.000,0.000,1.000,0.000,0.000,1.000,0.000
2025-07-14 12:58:03.768005,9086,126.62291190,45.80117180,134.471,7.634,56.465,-0.021,35.907,-0.271,60.000,1.300,0.000,0.000,0.000,0.000,0.259,3.287,0.000,0.600,0.500,0.000,0.000,1.000,0.000,0.000,1.000,0.000
2025-07-14 12:58:03.878115,8786,126.62291160,45.80117180,135.523,7.796,56.465,-0.008,35.884,-0.220,60.000,1.300,0.000,0.000,0.000,0.000,0.252,3.287,0.000,0.600,0.500,0.000,0.000,1.000,0.000,0.000,1.000,0.000
2025-07-14 12:58:03.988208,8586,126.62291140,45.80117180,136.394,7.901,56.465,-0.013,35.869,-0.233,60.000,1.300,0.000,0.000,0.000,0.000,0.242,3.287,0.000,0.600,0.500,0.000,0.000,1.000,0.000,0.000,1.000,0.000
2025-07-14 12:58:04.098428,8386,126.62291120,45.80117180,137.233,7.682,56.465,-0.036,35.853,-0.223,60.000,1.300,0.000,0.000,0.000,0.000,0.226,3.287,0.000,0.600,0.500,0.000,0.000,1.000,0.000,0.000,1.000,0.000
2025-07-14 12:58:04.208426,8076,126.62291090,45.80117170,137.905,7.455,56.454,-0.047,35.830,-0.211,60.000,1.300,0.000,0.000,0.000,0.000,0.225,3.287,0.000,0.600,0.500,0.000,0.000,1.000,0.000,0.000,1.000,0.000
2025-07-14 12:58:04.318520,7876,126.62291070,45.80117170,138.444,7.100,56.454,-0.069,35.814,-0.213,60.000,1.300,0.000,0.000,0.000,0.000,0.222,3.287,0.000,0.600,0.500,0.000,0.000,1.000,0.000,0.000,1.000,0.000
2025-07-14 12:58:04.428651,7666,126.62291050,45.80117160,139.168,7.133,56.443,-0.050,35.799,-0.238,60.000,1.300,0.000,0.000,0.000,0.000,0.228,3.287,0.000,0.600,0.500,0.000,0.000,1.000,0.000,0.000,1.000,0.000
2025-07-14 12:58:04.538727,7366,126.62291020,45.80117160,139.996,7.229,56.443,-0.038,35.776,-0.247,60.000,1.300,0.000,0.000,0.000,0.000,0.239,3.287,0.000,0.600,0.500,0.000,0.000,1.000,0.000,0.000,1.000,0.000
2025-07-14 12:58:04.648841,7066,126.62290990,45.80117160,141.105,7.621,56.443,-0.050,35.752,-0.256,60.000,1.300,0.000,0.000,0.000,0.000,0.251,3.287,0.000,0.600,0.500,0.000,0.000,1.000,0.000,0.000,1.000,0.000
2025-07-14 12:58:04.758948,6766,126.62290960,45.80117160,142.021,7.649,56.443,-0.066,35.729,-0.245,60.000,1.300,0.000,0.000,0.000,0.000,0.255,3.287,0.000,0.600,0.500,0.000,0.000,1.000,0.000,0.000,1.000,0.000
2025-07-14 12:58:04.869056,6456,126.62290930,45.80117150,142.838,7.598,56.431,0.019,35.706,-0.204,60.000,1.300,0.000,0.000,0.000,0.000,0.240,3.287,0.000,0.600,0.500,0.000,0.000,1.000,0.000,0.000,1.000,0.000
2025-07-14 12:58:04.979143,6166,126.62290900,45.80117160,143.365,7.125,56.443,-0.023,35.683,-0.206,60.000,1.300,0.000,0.000,0.000,0.000,0.222,3.287,0.000,0.600,0.500,0.000,0.000,1.000,0.000,0.000,1.000,0.000
2025-07-14 12:58:05.089252,5966,126.62290880,45.80117160,143.906,6.825,56.443,-0.015,35.667,-0.214,60.000,1.300,0.000,0.000,0.000,0.000,0.209,3.287,0.000,0.600,0.500,0.000,0.000,1.000,0.000,0.000,1.000,0.000
2025-07-14 12:58:05.209032,5666,126.62290850,45.80117160,144.433,6.505,56.443,-0.073,35.644,-0.230,60.000,1.300,0.000,0.000,0.000,0.000,0.221,3.287,0.000,0.600,0.500,0.000,0.000,1.000,0.000,0.000,1.000,0.000
2025-07-14 12:58:05.319135,5366,126.62290820,45.80117160,145.147,6.537,56.443,-0.077,35.621,-0.214,60.000,1.300,0.000,0.000,0.000,0.000,0.228,3.287,0.000,0.600,0.500,0.000,0.000,1.000,0.000,0.000,1.000,0.000
2025-07-14 12:58:05.429331,5066,126.62290790,45.80117160,145.982,6.806,56.443,-0.079,35.597,-0.225,60.000,1.300,0.000,0.000,0.000,0.000,0.236,3.287,0.000,0.600,0.500,0.000,0.000,1.000,0.000,0.000,1.000,0.000
2025-07-14 12:58:05.549317,4666,126.62290750,45.80117160,146.903,6.916,56.443,0.015,35.566,-0.205,60.000,1.300,0.000,0.000,0.000,0.000,0.224,3.287,0.000,0.600,0.500,0.000,0.000,1.000,0.000,0.000,1.000,0.000
2025-07-14 12:58:05.669442,4366,126.62290720,45.80117160,147.792,6.904,56.443,0.024,35.543,-0.198,60.000,1.300,0.000,0.000,0.000,0.000,0.214,3.287,0.000,0.600,0.500,0.000,0.000,1.000,0.000,0.000,1.000,0.000
2025-07-14 12:58:05.789560,4063,126.62290690,45.80117160,148.527,6.508,56.443,0.028,35.520,-0.187,60.000,1.300,0.000,0.000,0.000,0.000,0.198,3.287,0.000,0.600,0.500,0.000,0.000,1.000,0.000,0.000,1.000,0.000
2025-07-14 12:58:05.909662,3763,126.62290660,45.80117160,149.136,6.183,56.443,0.022,35.497,-0.159,60.000,1.300,0.000,0.000,0.000,0.000,0.183,3.287,0.000,0.600,0.500,0.000,0.000,1.000,0.000,0.000,1.000,0.000
2025-07-14 12:58:06.029782,3653,126.62290650,45.80117150,149.707,5.916,56.431,-0.050,35.489,-0.197,60.000,1.300,0.000,0.000,0.000,0.000,0.184,3.287,0.000,0.600,0.500,0.000,0.000,1.000,0.000,0.000,1.000,0.000
2025-07-14 12:58:06.149893,3356,126.62290620,45.80117150,150.376,5.999,56.431,-0.104,35.466,-0.257,60.000,1.300,0.000,0.000,0.000,0.000,0.214,3.287,0.000,0.600,0.500,0.000,0.000,1.000,0.000,0.000,1.000,0.000
2025-07-14 12:58:06.270026,3146,126.62290600,45.80117140,151.012,6.037,56.420,-0.130,35.450,-0.283,60.000,1.300,0.000,0.000,0.000,0.000,0.264,3.287,0.000,0.600,0.500,0.000,0.000,1.000,0.000,0.000,1.000,0.000
2025-07-14 12:58:06.390119,2846,126.62290570,45.80117140,151.718,6.177,56.420,-0.045,35.427,-0.195,60.000,1.300,0.000,0.000,0.000,0.000,0.263,3.287,0.000,0.600,0.500,0.000,0.000,1.000,0.000,0.000,1.000,0.000
2025-07-14 12:58:06.510236,2436,126.62290530,45.80117130,152.508,6.193,56.409,-0.022,35.396,-0.206,60.000,1.300,0.000,0.000,0.000,0.000,0.240,3.287,0.000,0.600,0.500,0.000,0.000,1.000,0.000,0.000,1.000,0.000
2025-07-14 12:58:06.620329,2133,126.62290500,45.80117130,153.328,6.179,56.409,0.032,35.373,-0.139,60.000,1.300,0.000,0.000,0.000,0.000,0.183,3.287,0.000,0.600,0.500,0.000,0.000,1.000,0.000,0.000,1.000,0.000
2025-07-14 12:58:06.730442,1933,126.62290480,45.80117130,154.089,6.103,56.409,0.053,35.357,-0.094,60.000,1.300,0.000,0.000,0.000,0.000,0.153,3.287,0.000,0.600,0.500,0.000,0.000,1.000,0.000,0.000,1.000,0.000
2025-07-14 12:58:06.840547,1733,126.62290460,45.80117130,154.773,5.984,56.409,-0.033,35.342,-0.165,60.000,1.300,0.000,0.000,0.000,0.000,0.140,3.287,0.000,0.600,0.500,0.000,0.000,1.000,0.000,0.000,1.000,0.000
2025-07-14 12:58:06.950733,1423,126.62290430,45.80117120,155.269,5.823,56.398,-0.133,35.318,-0.249,60.000,1.300,0.000,0.000,0.000,0.000,0.186,3.287,0.000,0.600,0.500,0.000,0.000,1.000,0.000,0.000,1.000,0.000
2025-07-14 12:58:07.060763,1216,126.62290410,45.80117110,155.776,5.776,56.387,-0.165,35.303,-0.295,60.000,1.300,0.000,0.000,0.000,0.000,0.263,3.287,0.000,0.600,0.500,0.000,0.000,1.000,0.000,0.000,1.000,0.000
2025-07-14 12:58:07.170859,799,126.62290370,45.80117090,156.289,5.767,56.365,-0.107,35.272,-0.264,60.000,1.300,0.000,0.000,0.000,0.000,0.302,3.287,0.000,0.600,0.500,0.000,0.000,1.000,0.000,0.000,1.000,0.000
2025-07-14 12:58:07.280982,389,126.62290330,45.80117080,156.931,5.793,56.354,-0.108,35.241,-0.295,60.000,1.300,0.000,0.000,0.000,0.000,0.312,3.287,0.000,0.600,0.500,0.000,0.000,1.000,0.000,0.000,1.000,0.000
2025-07-14 12:58:07.391070,9976,126.62290290,45.80117070,157.518,5.796,56.342,-0.001,35.210,-0.111,60.000,1.300,0.000,0.000,0.000,0.000,0.237,3.287,0.000,0.600,0.500,0.000,0.000,1.000,0.000,0.000,1.000,0.000
2025-07-14 12:58:07.501180,9663,126.62290260,45.80117060,158.228,5.853,56.331,-0.019,35.186,-0.140,60.000,1.300,0.000,0.000,0.000,0.000,0.189,3.287,0.000,0.600,0.500,0.000,0.000,1.000,0.000,0.000,1.000,0.000
2025-07-14 12:58:07.611268,9353,126.62290230,45.80117050,158.898,5.803,56.320,0.001,35.163,-0.090,60.000,1.300,0.000,0.000,0.000,0.000,0.114,3.234,0.000,0.600,0.500,0.000,0.000,1.000,0.000,0.000,1.000,0.000
2025-07-14 12:58:07.721397,9253,126.62290220,45.80117050,159.618,5.712,56.320,-0.011,35.155,-0.068,60.000,1.300,0.000,0.000,0.000,0.000,0.100,3.234,0.000,0.600,0.500,0.000,0.000,1.000,0.000,0.000,1.000,0.000
2025-07-14 12:58:07.831516,9030,126.62290200,45.80117040,160.067,5.429,56.309,-0.053,35.140,-0.085,60.000,1.300,0.000,0.000,0.000,0.000,0.086,3.234,0.000,0.600,0.500,0.000,0.000,1.000,0.000,0.000,1.000,0.000
2025-07-14 12:58:07.961619,8533,126.62290150,45.80117030,160.379,5.047,56.298,-0.134,35.101,-0.276,60.000,1.300,0.000,0.000,0.000,0.000,0.159,3.234,0.000,0.600,0.500,0.000,0.000,1.000,0.000,0.000,1.000,0.000
2025-07-14 12:58:08.071711,7916,126.62290090,45.80117010,160.739,4.923,56.276,-0.142,35.055,-0.323,60.000,1.300,0.000,0.000,0.000,0.000,0.253,3.287,0.000,0.600,0.500,0.000,0.000,1.000,0.000,0.000,1.000,0.000
2025-07-14 12:58:08.181816,7406,126.62290040,45.80117000,161.226,4.905,56.265,-0.043,35.016,-0.138,60.000,1.300,0.000,0.000,0.000,0.000,0.268,3.287,0.000,0.600,0.500,0.000,0.000,1.000,0.000,0.000,1.000,0.000
2025-07-14 12:58:08.291937,6796,126.62289980,45.80116990,162.023,5.163,56.254,-0.004,34.969,-0.116,60.000,1.300,0.000,0.000,0.000,0.000,0.204,3.287,0.000,0.600,0.500,0.000,0.000,1.000,0.000,0.000,1.000,0.000
2025-07-14 12:58:08.402043,6373,126.62289940,45.80116980,162.745,5.236,56.242,0.016,34.938,-0.098,60.000,1.300,0.000,0.000,0.000,0.000,0.120,3.287,0.000,0.600,0.500,0.000,0.000,1.000,0.000,0.000,1.000,0.000
2025-07-14 12:58:08.512142,6073,126.62289910,45.80116970,163.371,5.266,56.231,-0.106,34.915,-0.250,60.000,1.300,0.000,0.000,0.000,0.000,0.162,3.287,0.000,0.600,0.500,0.000,0.000,1.000,0.000,0.000,1.000,0.000
2025-07-14 12:58:08.622227,5776,126.62289880,45.80116970,163.691,4.918,56.231,-0.132,34.892,-0.253,60.000,1.300,0.000,0.000,0.000,0.000,0.219,3.287,0.000,0.600,0.500,0.000,0.000,1.000,0.000,0.000,1.000,0.000
2025-07-14 12:58:08.732346,5356,126.62289840,45.80116950,163.960,4.553,56.209,-0.152,34.861,-0.281,60.000,1.300,0.000,0.000,0.000,0.000,0.292,3.287,0.000,0.600,0.500,0.000,0.000,1.000,0.000,0.000,1.000,0.000
2025-07-14 12:58:08.842434,5046,126.62289810,45.80116940,163.753,3.710,56.198,-0.134,34.838,-0.242,60.000,1.300,0.000,0.000,0.000,0.000,0.294,3.287,0.000,0.600,0.500,0.000,0.000,1.000,0.000,0.000,1.000,0.000
2025-07-14 12:58:08.952552,4716,126.62289780,45.80116920,164.211,3.719,56.176,-0.052,34.814,-0.146,60.000,1.300,0.000,0.000,0.000,0.000,0.250,3.287,0.000,0.600,0.500,0.000,0.000,1.000,0.000,0.000,1.000,0.000
2025-07-14 12:58:09.062645,4613,126.62289770,45.80116920,164.732,3.952,56.176,-0.032,34.807,-0.134,60.000,1.300,0.000,0.000,0.000,0.000,0.190,3.287,0.000,0.600,0.500,0.000,0.000,1.000,0.000,0.000,1.000,0.000
2025-07-14 12:58:09.172758,4413,126.62289750,45.80116910,165.387,4.220,56.165,-0.048,34.791,-0.189,60.000,1.300,0.000,0.000,0.000,0.000,0.163,3.287,0.000,0.600,0.500,0.000,0.000,1.000,0.000,0.000,1.000,0.000
2025-07-14 12:58:09.282862,4203,126.62289730,45.80116900,165.906,4.249,56.153,-0.056,34.776,-0.184,60.000,1.300,0.000,0.000,0.000,0.000,0.175,3.287,0.000,0.600,0.500,0.000,0.000,1.000,0.000,0.000,1.000,0.000
2025-07-14 12:58:09.392968,4096,126.62289720,45.80116890,166.375,3.951,56.142,-0.098,34.768,-0.239,60.000,1.300,0.000,0.000,0.000,0.000,0.215,3.287,0.000,0.600,0.500,0.000,0.000,1.000,0.000,0.000,1.000,0.000
2025-07-14 12:58:09.503073,3896,126.62289700,45.80116890,166.687,3.579,56.142,-0.120,34.752,-0.247,60.000,1.300,0.000,0.000,0.000,0.000,0.242,3.287,0.000,0.600,0.500,0.000,0.000,1.000,0.000,0.000,1.000,0.000
2025-07-14 12:58:09.613319,3576,126.62289670,45.80116870,166.992,3.289,56.120,-0.090,34.729,-0.194,60.000,1.300,0.000,0.000,0.000,0.000,0.249,3.287,0.000,0.600,0.500,0.000,0.000,1.000,0.000,0.000,1.000,0.000
2025-07-14 12:58:09.723297,3356,126.62289650,45.80116860,167.321,3.298,56.109,-0.083,34.714,-0.197,60.000,1.300,0.000,0.000,0.000,0.000,0.234,3.287,0.000,0.600,0.500,0.000,0.000,1.000,0.000,0.000,1.000,0.000
2025-07-14 12:58:09.833393,3156,126.62289630,45.80116850,167.678,3.378,56.098,-0.119,34.698,-0.210,60.000,1.300,0.000,0.000,0.000,0.000,0.223,3.287,0.000,0.600,0.500,0.000,0.000,1.000,0.000,0.000,1.000,0.000
2025-07-14 12:58:09.943498,2846,126.62289600,45.80116840,168.190,4.031,56.087,-0.102,34.675,-0.187,60.000,1.300,0.000,0.000,0.000,0.000,0.223,3.287,0.000,0.600,0.500,0.000,0.000,1.000,0.000,0.000,1.000,0.000
2025-07-14 12:58:10.053602,2646,126.62289580,45.80116840,168.730,4.106,56.087,-0.096,34.659,-0.180,60.000,1.300,0.000,0.000,0.000,0.000,0.219,3.287,0.000,0.600,0.500,0.000,0.000,1.000,0.000,0.000,1.000,0.000
2025-07-14 12:58:10.163691,2436,126.62289560,45.80116830,169.368,4.212,56.076,-0.084,34.644,-0.217,60.000,1.300,0.000,0.000,0.000,0.000,0.217,3.287,0.000,0.600,0.500,0.000,0.000,1.000,0.000,0.000,1.000,0.000
2025-07-14 12:58:10.273815,2226,126.62289540,45.80116820,169.822,4.029,56.064,-0.107,34.628,-0.206,60.000,1.300,0.000,0.000,0.000,0.000,0.223,3.287,0.000,0.600,0.500,0.000,0.000,1.000,0.000,0.000,1.000,0.000
2025-07-14 12:58:10.383921,2016,126.62289520,45.80116810,170.142,3.848,56.053,-0.100,34.613,-0.232,60.000,1.300,0.000,0.000,0.000,0.000,0.239,3.287,0.000,0.600,0.500,0.000,0.000,1.000,0.000,0.000,1.000,0.000
2025-07-14 12:58:10.493999,1796,126.62289500,45.80116800,170.315,3.579,56.042,-0.101,34.597,-0.249,60.000,1.300,0.000,0.000,0.000,0.000,0.251,3.287,0.000,0.600,0.500,0.000,0.000,1.000,0.000,0.000,1.000,0.000
2025-07-14 12:58:10.604121,1496,126.62289470,45.80116790,170.552,3.509,56.031,-0.126,34.574,-0.242,60.000,1.300,0.000,0.000,0.000,0.000,0.265,3.287,0.000,0.600,0.500,0.000,0.000,1.000,0.000,0.000,1.000,0.000
2025-07-14 12:58:10.714226,1186,126.62289440,45.80116780,170.872,3.525,56.020,-0.119,34.551,-0.249,60.000,1.300,0.000,0.000,0.000,0.000,0.273,3.287,0.000,0.600,0.500,0.000,0.000,1.000,0.000,0.000,1.000,0.000
2025-07-14 12:58:10.824331,876,126.62289410,45.80116770,171.333,3.645,56.009,-0.112,34.528,-0.232,60.000,1.300,0.000,0.000,0.000,0.000,0.269,3.287,0.000,0.600,0.500,0.000,0.000,1.000,0.000,0.000,1.000,0.000
2025-07-14 12:58:10.944444,666,126.62289390,45.80116760,171.857,3.757,55.998,-0.093,34.512,-0.163,60.000,1.300,0.000,0.000,0.000,0.000,0.240,3.287,0.000,0.600,0.500,0.000,0.000,1.000,0.000,0.000,1.000,0.000
2025-07-14 12:58:11.054557,466,126.62289370,45.80116760,172.519,3.894,55.998,-0.090,34.497,-0.140,60.000,1.300,0.000,0.000,0.000,0.000,0.204,3.287,0.000,0.600,0.500,0.000,0.000,1.000,0.000,0.000,1.000,0.000
2025-07-14 12:58:11.164638,266,126.62289350,45.80116760,172.889,3.739,55.998,-0.093,34.481,-0.237,60.000,1.300,0.000,0.000,0.000,0.000,0.203,3.287,0.000,0.600,0.500,0.000,0.000,1.000,0.000,0.000,1.000,0.000
2025-07-14 12:58:11.274758,56,126.62289330,45.80116750,173.098,3.349,55.987,-0.119,34.466,-0.245,60.000,1.300,0.000,0.000,0.000,0.000,0.231,3.287,0.000,0.600,0.500,0.000,0.000,1.000,0.000,0.000,1.000,0.000
2025-07-14 12:58:11.384858,9846,126.62289310,45.80116740,173.185,3.016,55.976,-0.150,34.450,-0.264,60.000,1.300,0.000,0.000,0.000,0.000,0.277,3.287,0.000,0.600,0.500,0.000,0.000,1.000,0.000,0.000,1.000,0.000
2025-07-14 12:58:11.494970,9636,126.62289290,45.80116730,173.389,2.910,55.964,-0.139,34.435,-0.280,60.000,1.300,0.000,0.000,0.000,0.000,0.296,3.287,0.000,0.600,0.500,0.000,0.000,1.000,0.000,0.000,1.000,0.000
2025-07-14 12:58:11.605063,9326,126.62289260,45.80116720,173.754,3.085,55.953,-0.103,34.411,-0.211,60.000,1.300,0.000,0.000,0.000,0.000,0.284,3.287,0.000,0.600,0.500,0.000,0.000,1.000,0.000,0.000,1.000,0.000
2025-07-14 12:58:11.715172,9026,126.62289230,45.80116720,174.298,3.361,55.953,-0.095,34.388,-0.202,60.000,1.300,0.000,0.000,0.000,0.000,0.257,3.287,0.000,0.600,0.500,0.000,0.000,1.000,0.000,0.000,1.000,0.000
2025-07-14 12:58:11.825275,8816,126.62289210,45.80116710,174.725,3.459,55.942,-0.106,34.373,-0.184,60.000,1.300,0.000,0.000,0.000,0.000,0.223,3.287,0.000,0.600,0.500,0.000,0.000,1.000,0.000,0.000,1.000,0.000
2025-07-14 12:58:11.935371,8506,126.62289180,45.80116700,175.047,3.332,55.931,-0.123,34.349,-0.169,60.000,1.300,0.000,0.000,0.000,0.000,0.215,3.287,0.000,0.600,0.500,0.000,0.000,1.000,0.000,0.000,1.000,0.000
2025-07-14 12:58:12.045483,8296,126.62289160,45.80116690,175.233,3.065,55.920,-0.073,34.334,-0.173,60.000,1.300,0.000,0.000,0.000,0.000,0.203,3.287,0.000,0.600,0.500,0.000,0.000,1.000,0.000,0.000,1.000,0.000
2025-07-14 12:58:12.155584,7983,126.62289130,45.80116680,175.437,2.648,55.909,-0.068,34.310,-0.175,60.000,1.300,0.000,0.000,0.000,0.000,0.195,3.287,0.000,0.600,0.500,0.000,0.000,1.000,0.000,0.000,1.000,0.000
2025-07-14 12:58:12.265707,7683,126.62289100,45.80116680,175.657,2.512,55.909,-0.062,34.287,-0.188,60.000,1.300,0.000,0.000,0.000,0.000,0.191,3.287,0.000,0.600,0.500,0.000,0.000,1.000,0.000,0.000,1.000,0.000
2025-07-14 12:58:12.375804,7276,126.62289060,45.80116670,175.953,2.591,55.898,-0.114,34.256,-0.247,60.000,1.300,0.000,0.000,0.000,0.000,0.219,3.287,0.000,0.600,0.500,0.000,0.000,1.000,0.000,0.000,1.000,0.000
2025-07-14 12:58:12.485906,6976,126.62289030,45.80116670,176.229,2.763,55.898,-0.116,34.233,-0.243,60.000,1.300,0.000,0.000,0.000,0.000,0.246,3.287,0.000,0.600,0.500,0.000,0.000,1.000,0.000,0.000,1.000,0.000
2025-07-14 12:58:12.595996,6566,126.62288990,45.80116660,176.513,2.836,55.887,-0.137,34.202,-0.194,60.000,1.300,0.000,0.000,0.000,0.000,0.260,3.287,0.000,0.600,0.500,0.000,0.000,1.000,0.000,0.000,1.000,0.000
2025-07-14 12:58:12.706099,6256,126.62288960,45.80116650,176.717,2.688,55.875,-0.146,34.179,-0.175,60.000,1.300,0.000,0.000,0.000,0.000,0.245,3.287,0.000,0.600,0.500,0.000,0.000,1.000,0.000,0.000,1.000,0.000
2025-07-14 12:58:12.816213,5956,126.62288930,45.80116650,177.202,2.638,55.875,-0.136,34.155,-0.174,60.000,1.300,0.000,0.000,0.000,0.000,0.229,3.287,0.000,0.600,0.500,0.000,0.000,1.000,0.000,0.000,1.000,0.000
2025-07-14 12:58:12.926316,5536,126.62288890,45.80116630,177.408,2.437,55.853,-0.163,34.124,-0.285,60.000,1.300,0.000,0.000,0.000,0.000,0.259,3.287,0.000,0.600,0.500,0.000,0.000,1.000,0.000,0.000,1.000,0.000
2025-07-14 12:58:13.036419,5026,126.62288840,45.80116620,177.648,2.363,55.842,-0.153,34.086,-0.300,60.000,1.300,0.000,0.000,0.000,0.000,0.295,3.287,0.000,0.600,0.500,0.000,0.000,1.000,0.000,0.000,1.000,0.000
2025-07-14 12:58:13.146516,4519,126.62288790,45.80116610,177.882,2.407,55.831,-0.142,34.047,-0.241,60.000,1.300,0.000,0.000,0.000,0.000,0.315,3.287,0.000,0.600,0.500,0.000,0.000,1.000,0.000,0.000,1.000,0.000
2025-07-14 12:58:13.256634,4106,126.62288750,45.80116600,178.050,2.374,55.820,-0.165,34.016,-0.228,60.000,1.300,0.000,0.000,0.000,0.000,0.299,3.287,0.000,0.600,0.500,0.000,0.000,1.000,0.000,0.000,1.000,0.000
2025-07-14 12:58:13.366738,3586,126.62288700,45.80116580,178.178,2.290,55.798,-0.136,33.977,-0.226,60.000,1.300,0.000,0.000,0.000,0.000,0.275,3.287,0.000,0.600,0.500,0.000,0.000,1.000,0.000,0.000,1.000,0.000
2025-07-14 12:58:13.476845,3276,126.62288670,45.80116570,178.276,2.110,55.786,-0.129,33.954,-0.214,60.000,1.300,0.000,0.000,0.000,0.000,0.265,3.287,0.000,0.600,0.500,0.000,0.000,1.000,0.000,0.000,1.000,0.000
2025-07-14 12:58:13.586927,2856,126.62288630,45.80116550,178.409,1.980,55.764,-0.118,33.923,-0.277,60.000,1.300,0.000,0.000,0.000,0.000,0.272,3.287,0.000,0.600,0.500,0.000,0.000,1.000,0.000,0.000,1.000,0.000
2025-07-14 12:58:13.697040,2446,126.62288590,45.80116540,178.540,1.841,55.753,-0.108,33.892,-0.286,60.000,1.300,0.000,0.000,0.000,0.000,0.286,3.287,0.000,0.600,0.500,0.000,0.000,1.000,0.000,0.000,1.000,0.000
2025-07-14 12:58:13.807169,2039,126.62288550,45.80116530,178.697,1.799,55.742,-0.111,33.861,-0.299,60.000,1.300,0.000,0.000,0.000,0.000,0.309,3.287,0.000,0.600,0.500,0.000,0.000,1.000,0.000,0.000,1.000,0.000
2025-07-14 12:58:13.917259,1619,126.62288510,45.80116510,178.821,1.471,55.720,-0.204,33.830,-0.265,60.000,1.300,0.000,0.000,0.000,0.000,0.320,3.287,0.000,0.600,0.500,0.000,0.000,1.000,0.000,0.000,1.000,0.000
2025-07-14 12:58:14.037387,1099,126.62288460,45.80116490,178.935,1.378,55.698,-0.217,33.791,-0.257,60.000,1.300,0.000,0.000,0.000,0.000,0.330,3.287,0.000,0.600,0.500,0.000,0.000,1.000,0.000,0.000,1.000,0.000
2025-07-14 12:58:14.147462,579,126.62288410,45.80116470,179.044,1.259,55.675,-0.128,33.752,-0.260,60.000,1.300,0.000,0.000,0.000,0.000,0.320,3.287,0.000,0.600,0.500,0.000,0.000,1.000,0.000,0.000,1.000,0.000
2025-07-14 12:58:14.257590,269,126.62288380,45.80116460,179.135,1.129,55.664,-0.123,33.729,-0.256,60.000,1.300,0.000,0.000,0.000,0.000,0.303,3.287,0.000,0.600,0.500,0.000,0.000,1.000,0.000,0.000,1.000,0.000
2025-07-14 12:58:14.367703,9749,126.62288330,45.80116440,179.197,1.033,55.642,-0.161,33.690,-0.300,60.000,1.300,0.000,0.000,0.000,0.000,0.305,3.287,0.000,0.600,0.500,0.000,0.000,1.000,0.000,0.000,1.000,0.000
2025-07-14 12:58:14.477803,9329,126.62288290,45.80116420,179.221,0.938,55.620,-0.157,33.659,-0.305,60.000,1.300,0.000,0.000,0.000,0.000,0.323,3.287,0.000,0.600,0.500,0.000,0.000,1.000,0.000,0.000,1.000,0.000
2025-07-14 12:58:14.587884,8909,126.62288250,45.80116400,179.232,0.859,55.597,-0.218,33.628,-0.283,60.000,1.300,0.000,0.000,0.000,0.000,0.347,3.234,0.000,0.600,0.500,0.000,0.000,1.000,0.000,0.000,1.000,0.000
2025-07-14 12:58:14.698006,8389,126.62288200,45.80116380,179.247,0.752,55.575,-0.227,33.590,-0.279,60.000,1.300,0.000,0.000,0.000,0.000,0.353,3.234,0.000,0.600,0.500,0.000,0.000,1.000,0.000,0.000,1.000,0.000
2025-07-14 12:58:14.808112,7969,126.62288160,45.80116360,179.145,0.541,55.553,-0.235,33.559,-0.274,60.000,1.300,0.000,0.000,0.000,0.000,0.359,3.234,0.000,0.600,0.500,0.000,0.000,1.000,0.000,0.000,1.000,0.000
2025-07-14 12:58:14.918218,7549,126.62288120,45.80116340,179.118,0.375,55.531,-0.188,33.528,-0.306,60.000,1.300,0.000,0.000,0.000,0.000,0.360,3.234,0.000,0.600,0.500,0.000,0.000,1.000,0.000,0.000,1.000,0.000
2025-07-14 12:58:15.028303,7139,126.62288080,45.80116330,179.075,0.223,55.520,-0.185,33.497,-0.303,60.000,1.300,0.000,0.000,0.000,0.000,0.358,3.234,0.000,0.600,0.500,0.000,0.000,1.000,0.000,0.000,1.000,0.000
2025-07-14 12:58:15.138403,6709,126.62288040,45.80116310,179.070,0.124,55.497,-0.205,33.466,-0.304,60.000,1.300,0.000,0.000,0.000,0.000,0.360,3.287,0.000,0.600,0.500,0.000,0.000,1.000,0.000,0.000,1.000,0.000
2025-07-14 12:58:15.248529,6299,126.62288000,45.80116290,179.132,0.081,55.475,-0.194,33.435,-0.310,60.000,1.300,0.000,0.000,0.000,0.000,0.362,3.287,0.000,0.600,0.500,0.000,0.000,1.000,0.000,0.000,1.000,0.000
2025-07-14 12:58:15.358636,5789,126.62287950,45.80116280,179.249,0.104,55.464,-0.151,33.396,-0.296,60.000,1.300,0.000,0.000,0.000,0.000,0.355,3.287,0.000,0.600,0.500,0.000,0.000,1.000,0.000,0.000,1.000,0.000
2025-07-14 12:58:15.468816,5369,126.62287910,45.80116260,179.311,0.104,55.442,-0.166,33.365,-0.298,60.000,1.300,0.000,0.000,0.000,0.000,0.346,3.287,0.000,0.600,0.500,0.000,0.000,1.000,0.000,0.000,1.000,0.000
2025-07-14 12:58:15.578836,4949,126.62287870,45.80116240,179.283,0.057,55.420,-0.188,33.334,-0.263,60.000,1.300,0.000,0.000,0.000,0.000,0.332,3.287,0.000,0.600,0.500,0.000,0.000,1.000,0.000,0.000,1.000,0.000
2025-07-14 12:58:15.688942,4529,126.62287830,45.80116220,179.189,-0.038,55.397,-0.199,33.303,-0.260,60.000,1.300,0.000,0.000,0.000,0.000,0.331,3.287,0.000,0.600,0.500,0.000,0.000,1.000,0.000,0.000,1.000,0.000
2025-07-14 12:58:15.799044,4109,126.62287790,45.80116200,179.089,-0.143,55.375,-0.190,33.272,-0.254,60.000,1.300,0.000,0.000,0.000,0.000,0.323,3.287,0.000,0.600,0.500,0.000,0.000,1.000,0.000,0.000,1.000,0.000
2025-07-14 12:58:15.909144,3689,126.62287750,45.80116180,179.065,-0.073,55.353,-0.177,33.241,-0.299,60.000,1.300,0.000,0.000,0.000,0.000,0.331,3.287,0.000,0.600,0.500,0.000,0.000,1.000,0.000,0.000,1.000,0.000
2025-07-14 12:58:16.019254,3169,126.62287700,45.80116160,179.126,0.007,55.331,-0.162,33.202,-0.296,60.000,1.300,0.000,0.000,0.000,0.000,0.334,3.287,0.000,0.600,0.500,0.000,0.000,1.000,0.000,0.000,1.000,0.000
2025-07-14 12:58:16.139349,2749,126.62287660,45.80116140,179.222,0.127,55.308,-0.159,33.171,-0.299,60.000,1.300,0.000,0.000,0.000,0.000,0.341,3.234,0.000,0.600,0.500,0.000,0.000,1.000,0.000,0.000,1.000,0.000
2025-07-14 12:58:16.259477,2229,126.62287610,45.80116120,179.310,0.204,55.286,-0.181,33.132,-0.318,60.000,1.300,0.000,0.000,0.000,0.000,0.347,3.234,0.000,0.600,0.500,0.000,0.000,1.000,0.000,0.000,1.000,0.000
2025-07-14 12:58:16.379603,1699,126.62287560,45.80116090,179.296,0.136,55.253,-0.201,33.093,-0.311,60.000,1.300,0.000,0.000,0.000,0.000,0.358,3.234,0.000,0.600,0.500,0.000,0.000,1.000,0.000,0.000,1.000,0.000
2025-07-14 12:58:16.499713,1069,126.62287500,45.80116070,179.213,-0.039,55.231,-0.205,33.047,-0.315,60.000,1.300,0.000,0.000,0.000,0.000,0.371,3.234,0.000,0.600,0.500,0.000,0.000,1.000,0.000,0.000,1.000,0.000
2025-07-14 12:58:16.619830,549,126.62287450,45.80116040,179.119,-0.174,55.197,-0.178,33.008,-0.281,60.000,1.300,0.000,0.000,0.000,0.000,0.360,3.234,0.000,0.600,0.500,0.000,0.000,1.000,0.000,0.000,1.000,0.000
2025-07-14 12:58:16.739941,129,126.62287410,45.80116020,179.053,-0.203,55.175,-0.166,32.977,-0.262,60.000,1.300,0.000,0.000,0.000,0.000,0.340,3.234,0.000,0.600,0.500,0.000,0.000,1.000,0.000,0.000,1.000,0.000
2025-07-14 12:58:16.860066,9609,126.62287360,45.80116000,179.004,-0.159,55.153,-0.190,32.938,-0.287,60.000,1.300,0.000,0.000,0.000,0.000,0.329,3.234,0.000,0.600,0.500,0.000,0.000,1.000,0.000,0.000,1.000,0.000
2025-07-14 12:58:16.980168,9189,126.62287320,45.80115980,178.927,-0.131,55.130,-0.198,32.907,-0.325,60.000,1.300,0.000,0.000,0.000,0.000,0.345,3.234,0.000,0.600,0.500,0.000,0.000,1.000,0.000,0.000,1.000,0.000
2025-07-14 12:58:17.100260,8769,126.62287280,45.80115960,178.879,-0.150,55.108,-0.193,32.876,-0.331,60.000,1.300,0.000,0.000,0.000,0.000,0.369,3.287,0.000,0.600,0.500,0.000,0.000,1.000,0.000,0.000,1.000,0.000
2025-07-14 12:58:17.210392,8249,126.62287230,45.80115940,178.887,-0.198,55.086,-0.150,32.838,-0.324,60.000,1.300,0.000,0.000,0.000,0.000,0.374,3.287,0.000,0.600,0.500,0.000,0.000,1.000,0.000,0.000,1.000,0.000
2025-07-14 12:58:17.320495,7829,126.62287190,45.80115920,178.862,-0.301,55.064,-0.157,32.807,-0.298,60.000,1.300,0.000,0.000,0.000,0.000,0.359,3.287,0.000,0.600,0.500,0.000,0.000,1.000,0.000,0.000,1.000,0.000
2025-07-14 12:58:17.430598,7409,126.62287150,45.80115900,178.759,-0.468,55.041,-0.171,32.776,-0.300,60.000,1.300,0.000,0.000,0.000,0.000,0.346,3.287,0.000,0.600,0.500,0.000,0.000,1.000,0.000,0.000,1.000,0.000
