时间戳,数字标签,经度,纬度,艏向,角速度,x坐标,向北速度,y坐标,向东速度,期望艏向,期望速度,期望角速度,期望舵角,期望推进器电压,舵角积分补偿,航速,实际舵角,实际推进器电压,艏PG1,艏PG2,艏PG3,角PG1,角PG2,角PG3,速PG1,速PG2,速PG3
2025-07-09 15:13:48.052235,146,126.62353750,45.80112640,177.274,0.215,51.417,-0.161,84.404,-0.160,0.000,0.000,0.000,0.000,0.000,0.000,0.238,-1.611,0.000,0.000,1.000,0.000,0.000,1.000,0.000,0.000,1.000,0.000
2025-07-09 15:13:48.162283,9926,126.62353730,45.80112620,177.206,0.054,51.394,-0.130,84.389,-0.139,0.000,0.000,0.000,0.000,0.000,0.000,0.226,-1.611,0.000,0.000,1.000,0.000,0.000,1.000,0.000,0.000,1.000,0.000
2025-07-09 15:13:48.272492,9813,126.62353720,45.80112610,177.164,-0.034,51.383,-0.121,84.381,-0.135,0.000,0.000,0.000,0.000,0.000,0.000,0.200,-1.611,0.000,0.000,1.000,0.000,0.000,1.000,0.000,0.000,1.000,0.000
2025-07-09 15:13:48.382479,9593,126.62353700,45.80112590,177.164,-0.032,51.361,-0.157,84.365,-0.124,0.000,0.000,0.000,0.000,0.000,0.000,0.191,-1.611,0.000,0.000,1.000,0.000,0.000,1.000,0.000,0.000,1.000,0.000
2025-07-09 15:13:48.492586,9383,126.62353680,45.80112580,177.199,0.012,51.350,-0.151,84.350,-0.122,0.000,0.000,0.000,0.000,0.000,0.000,0.192,-1.611,0.000,0.000,1.000,0.000,0.000,1.000,0.000,0.000,1.000,0.000
2025-07-09 15:13:48.602675,9276,126.62353670,45.80112570,177.259,0.076,51.339,-0.109,84.342,-0.187,0.000,0.000,0.000,0.000,0.000,0.000,0.204,-1.611,0.000,0.000,1.000,0.000,0.000,1.000,0.000,0.000,1.000,0.000
2025-07-09 15:13:48.712799,9066,126.62353650,45.80112560,177.287,0.093,51.328,-0.111,84.327,-0.194,0.000,0.000,0.000,0.000,0.000,0.000,0.211,-1.611,0.000,0.000,1.000,0.000,0.000,1.000,0.000,0.000,1.000,0.000
2025-07-09 15:13:48.822891,8836,126.62353630,45.80112540,177.228,-0.008,51.305,-0.182,84.311,-0.174,0.000,0.000,0.000,0.000,0.000,0.000,0.231,-1.611,0.000,0.000,1.000,0.000,0.000,1.000,0.000,0.000,1.000,0.000
2025-07-09 15:13:48.933005,8636,126.62353610,45.80112530,177.101,-0.167,51.294,-0.190,84.296,-0.193,0.000,0.000,0.000,0.000,0.000,0.000,0.249,-1.611,0.000,0.000,1.000,0.000,0.000,1.000,0.000,0.000,1.000,0.000
2025-07-09 15:13:49.043199,8316,126.62353580,45.80112510,176.958,-0.297,51.272,-0.193,84.272,-0.219,0.000,0.000,0.000,0.000,0.000,0.000,0.272,-1.611,0.000,0.000,1.000,0.000,0.000,1.000,0.000,0.000,1.000,0.000
2025-07-09 15:13:49.153220,7996,126.62353550,45.80112490,176.916,-0.324,51.250,-0.175,84.249,-0.147,0.000,0.000,0.000,0.000,0.000,0.000,0.264,-1.611,0.000,0.000,1.000,0.000,0.000,1.000,0.000,0.000,1.000,0.000
2025-07-09 15:13:49.263326,7776,126.62353530,45.80112470,176.971,-0.212,51.228,-0.164,84.234,-0.148,0.000,0.000,0.000,0.000,0.000,0.000,0.247,-1.611,0.000,0.000,1.000,0.000,0.000,1.000,0.000,0.000,1.000,0.000
2025-07-09 15:13:49.373432,7456,126.62353500,45.80112450,177.055,-0.098,51.205,-0.143,84.210,-0.122,0.000,0.000,0.000,0.000,0.000,0.000,0.212,-1.611,0.000,0.000,1.000,0.000,0.000,1.000,0.000,0.000,1.000,0.000
2025-07-09 15:13:49.483514,7246,126.62353480,45.80112440,177.060,-0.093,51.194,-0.151,84.195,-0.126,0.000,0.000,0.000,0.000,0.000,0.000,0.202,-1.611,0.000,0.000,1.000,0.000,0.000,1.000,0.000,0.000,1.000,0.000
2025-07-09 15:13:49.593649,6916,126.62353450,45.80112420,176.944,-0.231,51.172,-0.153,84.172,-0.187,0.000,0.000,0.000,0.000,0.000,0.000,0.209,-1.611,0.000,0.000,1.000,0.000,0.000,1.000,0.000,0.000,1.000,0.000
2025-07-09 15:13:49.703739,6706,126.62353430,45.80112400,176.778,-0.436,51.150,-0.161,84.156,-0.207,0.000,0.000,0.000,0.000,0.000,0.000,0.234,-1.611,0.000,0.000,1.000,0.000,0.000,1.000,0.000,0.000,1.000,0.000
2025-07-09 15:13:49.813855,6386,126.62353400,45.80112380,176.602,-0.622,51.127,-0.176,84.133,-0.166,0.000,0.000,0.000,0.000,0.000,0.000,0.249,-1.611,0.000,0.000,1.000,0.000,0.000,1.000,0.000,0.000,1.000,0.000
2025-07-09 15:13:49.923945,6076,126.62353370,45.80112370,176.529,-0.634,51.116,-0.163,84.110,-0.152,0.000,0.000,0.000,0.000,0.000,0.000,0.242,-1.611,0.000,0.000,1.000,0.000,0.000,1.000,0.000,0.000,1.000,0.000
2025-07-09 15:13:50.034059,5856,126.62353350,45.80112350,176.426,-0.612,51.094,-0.147,84.094,-0.140,0.000,0.000,0.000,0.000,0.000,0.000,0.223,-1.611,0.000,0.000,1.000,0.000,0.000,1.000,0.000,0.000,1.000,0.000
2025-07-09 15:13:50.144165,5736,126.62353340,45.80112330,176.493,-0.423,51.072,-0.135,84.086,-0.184,0.000,0.000,0.000,0.000,0.000,0.000,0.218,-1.611,0.000,0.000,1.000,0.000,0.000,1.000,0.000,0.000,1.000,0.000
2025-07-09 15:13:50.254268,5526,126.62353320,45.80112320,176.500,-0.379,51.061,-0.146,84.071,-0.221,0.000,0.000,0.000,0.000,0.000,0.000,0.232,-1.611,0.000,0.000,1.000,0.000,0.000,1.000,0.000,0.000,1.000,0.000
2025-07-09 15:13:50.364390,5416,126.62353310,45.80112310,176.429,-0.493,51.050,-0.175,84.063,-0.168,0.000,0.000,0.000,0.000,0.000,0.000,0.245,-1.611,0.000,0.000,1.000,0.000,0.000,1.000,0.000,0.000,1.000,0.000
2025-07-09 15:13:50.474456,5096,126.62353280,45.80112290,176.298,-0.689,51.027,-0.178,84.040,-0.172,0.000,0.000,0.000,0.000,0.000,0.000,0.252,-1.611,0.000,0.000,1.000,0.000,0.000,1.000,0.000,0.000,1.000,0.000
2025-07-09 15:13:50.584577,4886,126.62353260,45.80112280,176.191,-0.791,51.016,-0.173,84.024,-0.110,0.000,0.000,0.000,0.000,0.000,0.000,0.232,-1.611,0.000,0.000,1.000,0.000,0.000,1.000,0.000,0.000,1.000,0.000
2025-07-09 15:13:50.694683,4766,126.62353250,45.80112260,176.099,-0.769,50.994,-0.166,84.016,-0.096,0.000,0.000,0.000,0.000,0.000,0.000,0.215,-1.611,0.000,0.000,1.000,0.000,0.000,1.000,0.000,0.000,1.000,0.000
2025-07-09 15:13:50.804785,4536,126.62353230,45.80112240,176.030,-0.681,50.972,-0.163,84.001,-0.142,0.000,0.000,0.000,0.000,0.000,0.000,0.204,-1.611,0.000,0.000,1.000,0.000,0.000,1.000,0.000,0.000,1.000,0.000
2025-07-09 15:13:50.914885,4336,126.62353210,45.80112230,175.915,-0.625,50.961,-0.170,83.985,-0.162,0.000,0.000,0.000,0.000,0.000,0.000,0.214,-1.611,0.000,0.000,1.000,0.000,0.000,1.000,0.000,0.000,1.000,0.000
2025-07-09 15:13:51.024997,4116,126.62353190,45.80112210,175.792,-0.671,50.938,-0.170,83.970,-0.179,0.000,0.000,0.000,0.000,0.000,0.000,0.233,-1.611,0.000,0.000,1.000,0.000,0.000,1.000,0.000,0.000,1.000,0.000
2025-07-09 15:13:51.145123,3906,126.62353170,45.80112200,175.684,-0.666,50.927,-0.176,83.954,-0.157,0.000,0.000,0.000,0.000,0.000,0.000,0.239,-1.611,0.000,0.000,1.000,0.000,0.000,1.000,0.000,0.000,1.000,0.000
2025-07-09 15:13:51.255235,3796,126.62353160,45.80112190,175.629,-0.777,50.916,-0.167,83.947,-0.148,0.000,0.000,0.000,0.000,0.000,0.000,0.235,-1.611,0.000,0.000,1.000,0.000,0.000,1.000,0.000,0.000,1.000,0.000
2025-07-09 15:13:51.365331,3586,126.62353140,45.80112180,175.604,-0.806,50.905,-0.147,83.931,-0.130,0.000,0.000,0.000,0.000,0.000,0.000,0.218,-1.611,0.000,0.000,1.000,0.000,0.000,1.000,0.000,0.000,1.000,0.000
2025-07-09 15:13:51.475418,3476,126.62353130,45.80112170,175.580,-0.763,50.894,-0.150,83.923,-0.132,0.000,0.000,0.000,0.000,0.000,0.000,0.206,-1.611,0.000,0.000,1.000,0.000,0.000,1.000,0.000,0.000,1.000,0.000
2025-07-09 15:13:51.585551,3266,126.62353110,45.80112160,175.523,-0.696,50.883,-0.182,83.908,-0.179,0.000,0.000,0.000,0.000,0.000,0.000,0.217,-1.611,0.000,0.000,1.000,0.000,0.000,1.000,0.000,0.000,1.000,0.000
2025-07-09 15:13:51.695638,3156,126.62353100,45.80112150,175.424,-0.688,50.872,-0.187,83.900,-0.207,0.000,0.000,0.000,0.000,0.000,0.000,0.245,-1.611,0.000,0.000,1.000,0.000,0.000,1.000,0.000,0.000,1.000,0.000
2025-07-09 15:13:51.805759,2846,126.62353070,45.80112140,175.270,-0.745,50.861,-0.168,83.877,-0.170,0.000,0.000,0.000,0.000,0.000,0.000,0.258,-1.611,0.000,0.000,1.000,0.000,0.000,1.000,0.000,0.000,1.000,0.000
2025-07-09 15:13:51.915855,2636,126.62353050,45.80112130,175.166,-0.777,50.849,-0.157,83.861,-0.175,0.000,0.000,0.000,0.000,0.000,0.000,0.251,-1.611,0.000,0.000,1.000,0.000,0.000,1.000,0.000,0.000,1.000,0.000
2025-07-09 15:13:52.025956,2326,126.62353020,45.80112120,175.098,-0.734,50.838,-0.147,83.838,-0.170,0.000,0.000,0.000,0.000,0.000,0.000,0.233,-1.611,0.000,0.000,1.000,0.000,0.000,1.000,0.000,0.000,1.000,0.000
2025-07-09 15:13:52.136063,2116,126.62353000,45.80112110,175.103,-0.617,50.827,-0.142,83.823,-0.140,0.000,0.000,0.000,0.000,0.000,0.000,0.220,-1.611,0.000,0.000,1.000,0.000,0.000,1.000,0.000,0.000,1.000,0.000
2025-07-09 15:13:52.246168,2006,126.62352990,45.80112100,175.116,-0.516,50.816,-0.144,83.815,-0.145,0.000,0.000,0.000,0.000,0.000,0.000,0.210,-1.611,0.000,0.000,1.000,0.000,0.000,1.000,0.000,0.000,1.000,0.000
2025-07-09 15:13:52.356275,1786,126.62352970,45.80112080,175.103,-0.478,50.794,-0.127,83.799,-0.158,0.000,0.000,0.000,0.000,0.000,0.000,0.202,-1.611,0.000,0.000,1.000,0.000,0.000,1.000,0.000,0.000,1.000,0.000
2025-07-09 15:13:52.466829,1566,126.62352950,45.80112060,175.010,-0.540,50.772,-0.131,83.784,-0.180,0.000,0.000,0.000,0.000,0.000,0.000,0.210,-1.611,0.000,0.000,1.000,0.000,0.000,1.000,0.000,0.000,1.000,0.000
2025-07-09 15:13:52.576848,1356,126.62352930,45.80112050,174.838,-0.675,50.760,-0.193,83.768,-0.162,0.000,0.000,0.000,0.000,0.000,0.000,0.226,-1.611,0.000,0.000,1.000,0.000,0.000,1.000,0.000,0.000,1.000,0.000
2025-07-09 15:13:52.686947,1136,126.62352910,45.80112030,174.691,-0.756,50.738,-0.194,83.753,-0.167,0.000,0.000,0.000,0.000,0.000,0.000,0.244,-1.611,0.000,0.000,1.000,0.000,0.000,1.000,0.000,0.000,1.000,0.000
2025-07-09 15:13:52.797051,926,126.62352890,45.80112020,174.570,-0.776,50.727,-0.169,83.737,-0.096,0.000,0.000,0.000,0.000,0.000,0.000,0.234,-1.611,0.000,0.000,1.000,0.000,0.000,1.000,0.000,0.000,1.000,0.000
2025-07-09 15:13:52.907163,706,126.62352870,45.80112000,174.497,-0.702,50.705,-0.172,83.722,-0.083,0.000,0.000,0.000,0.000,0.000,0.000,0.214,-2.056,0.000,0.000,1.000,0.000,0.000,1.000,0.000,0.000,1.000,0.000
2025-07-09 15:13:53.017273,493,126.62352850,45.80111990,174.417,-0.680,50.694,-0.168,83.706,-0.081,0.000,0.000,0.000,0.000,0.000,0.000,0.191,-2.056,0.000,0.000,1.000,0.000,0.000,1.000,0.000,0.000,1.000,0.000
2025-07-09 15:13:53.127350,276,126.62352830,45.80111970,174.341,-0.688,50.672,-0.196,83.691,-0.141,0.000,0.000,0.000,0.000,0.000,0.000,0.206,-2.056,0.000,0.000,1.000,0.000,0.000,1.000,0.000,0.000,1.000,0.000
2025-07-09 15:13:53.237484,156,126.62352820,45.80111950,174.238,-0.786,50.649,-0.193,83.683,-0.158,0.000,0.000,0.000,0.000,0.000,0.000,0.226,-2.056,0.000,0.000,1.000,0.000,0.000,1.000,0.000,0.000,1.000,0.000
2025-07-09 15:13:53.347569,9936,126.62352800,45.80111930,174.163,-0.866,50.627,-0.160,83.668,-0.177,0.000,0.000,0.000,0.000,0.000,0.000,0.243,-2.056,0.000,0.000,1.000,0.000,0.000,1.000,0.000,0.000,1.000,0.000
2025-07-09 15:13:53.457697,9716,126.62352780,45.80111910,174.116,-0.897,50.605,-0.160,83.652,-0.182,0.000,0.000,0.000,0.000,0.000,0.000,0.243,-1.833,0.000,0.000,1.000,0.000,0.000,1.000,0.000,0.000,1.000,0.000
2025-07-09 15:13:53.567876,9506,126.62352760,45.80111900,174.084,-0.841,50.594,-0.150,83.637,-0.125,0.000,0.000,0.000,0.000,0.000,0.000,0.225,-1.833,0.000,0.000,1.000,0.000,0.000,1.000,0.000,0.000,1.000,0.000
2025-07-09 15:13:53.677894,9286,126.62352740,45.80111880,173.971,-0.788,50.571,-0.166,83.621,-0.130,0.000,0.000,0.000,0.000,0.000,0.000,0.216,-1.833,0.000,0.000,1.000,0.000,0.000,1.000,0.000,0.000,1.000,0.000
2025-07-09 15:13:53.787997,9066,126.62352720,45.80111860,173.784,-0.824,50.549,-0.177,83.606,-0.143,0.000,0.000,0.000,0.000,0.000,0.000,0.211,-1.833,0.000,0.000,1.000,0.000,0.000,1.000,0.000,0.000,1.000,0.000
2025-07-09 15:13:53.898113,8846,126.62352700,45.80111840,173.568,-0.909,50.527,-0.166,83.590,-0.153,0.000,0.000,0.000,0.000,0.000,0.000,0.221,-1.667,0.000,0.000,1.000,0.000,0.000,1.000,0.000,0.000,1.000,0.000
2025-07-09 15:13:54.008218,8536,126.62352670,45.80111830,173.538,-0.870,50.516,-0.149,83.567,-0.161,0.000,0.000,0.000,0.000,0.000,0.000,0.224,-1.667,0.000,0.000,1.000,0.000,0.000,1.000,0.000,0.000,1.000,0.000
2025-07-09 15:13:54.118313,8306,126.62352650,45.80111810,173.518,-0.816,50.494,-0.140,83.551,-0.125,0.000,0.000,0.000,0.000,0.000,0.000,0.211,-1.667,0.000,0.000,1.000,0.000,0.000,1.000,0.000,0.000,1.000,0.000
2025-07-09 15:13:54.228416,8193,126.62352640,45.80111790,173.528,-0.737,50.471,-0.140,83.544,-0.129,0.000,0.000,0.000,0.000,0.000,0.000,0.199,-1.667,0.000,0.000,1.000,0.000,0.000,1.000,0.000,0.000,1.000,0.000
2025-07-09 15:13:54.338605,7973,126.62352620,45.80111770,173.491,-0.677,50.449,-0.163,83.528,-0.127,0.000,0.000,0.000,0.000,0.000,0.000,0.195,-1.667,0.000,0.000,1.000,0.000,0.000,1.000,0.000,0.000,1.000,0.000
2025-07-09 15:13:54.448625,7746,126.62352600,45.80111750,173.383,-0.707,50.427,-0.179,83.513,-0.131,0.000,0.000,0.000,0.000,0.000,0.000,0.206,-1.722,0.000,0.000,1.000,0.000,0.000,1.000,0.000,0.000,1.000,0.000
2025-07-09 15:13:54.558730,7526,126.62352580,45.80111720,173.179,-0.850,50.394,-0.182,83.497,-0.152,0.000,0.000,0.000,0.000,0.000,0.000,0.222,-1.722,0.000,0.000,1.000,0.000,0.000,1.000,0.000,0.000,1.000,0.000
2025-07-09 15:13:54.668847,7306,126.62352560,45.80111700,172.952,-1.027,50.371,-0.181,83.482,-0.159,0.000,0.000,0.000,0.000,0.000,0.000,0.233,-1.722,0.000,0.000,1.000,0.000,0.000,1.000,0.000,0.000,1.000,0.000
2025-07-09 15:13:54.778913,7086,126.62352540,45.80111680,172.805,-1.058,50.349,-0.136,83.466,-0.154,0.000,0.000,0.000,0.000,0.000,0.000,0.228,-1.722,0.000,0.000,1.000,0.000,0.000,1.000,0.000,0.000,1.000,0.000
2025-07-09 15:13:54.889065,6766,126.62352510,45.80111660,172.730,-0.956,50.327,-0.117,83.443,-0.164,0.000,0.000,0.000,0.000,0.000,0.000,0.216,-1.833,0.000,0.000,1.000,0.000,0.000,1.000,0.000,0.000,1.000,0.000
2025-07-09 15:13:54.999151,6546,126.62352490,45.80111640,172.697,-0.792,50.305,-0.112,83.427,-0.171,0.000,0.000,0.000,0.000,0.000,0.000,0.204,-1.833,0.000,0.000,1.000,0.000,0.000,1.000,0.000,0.000,1.000,0.000
2025-07-09 15:13:55.109263,6326,126.62352470,45.80111620,172.617,-0.837,50.282,-0.178,83.412,-0.149,0.000,0.000,0.000,0.000,0.000,0.000,0.213,-1.833,0.000,0.000,1.000,0.000,0.000,1.000,0.000,0.000,1.000,0.000
2025-07-09 15:13:55.229029,6216,126.62352460,45.80111610,172.476,-0.937,50.271,-0.151,83.404,-0.150,0.000,0.000,0.000,0.000,0.000,0.000,0.216,-1.833,0.000,0.000,1.000,0.000,0.000,1.000,0.000,0.000,1.000,0.000
2025-07-09 15:13:55.339129,5996,126.62352440,45.80111590,172.252,-1.148,50.249,-0.148,83.389,-0.135,0.000,0.000,0.000,0.000,0.000,0.000,0.215,-1.833,0.000,0.000,1.000,0.000,0.000,1.000,0.000,0.000,1.000,0.000
2025-07-09 15:13:55.449244,5766,126.62352420,45.80111570,172.069,-1.281,50.227,-0.131,83.373,-0.147,0.000,0.000,0.000,0.000,0.000,0.000,0.203,-1.667,0.000,0.000,1.000,0.000,0.000,1.000,0.000,0.000,1.000,0.000
2025-07-09 15:13:55.569341,5663,126.62352410,45.80111560,171.994,-1.245,50.216,-0.109,83.365,-0.142,0.000,0.000,0.000,0.000,0.000,0.000,0.192,-1.667,0.000,0.000,1.000,0.000,0.000,1.000,0.000,0.000,1.000,0.000
2025-07-09 15:13:55.689456,5343,126.62352380,45.80111540,171.938,-1.106,50.193,-0.100,83.342,-0.156,0.000,0.000,0.000,0.000,0.000,0.000,0.187,-1.667,0.000,0.000,1.000,0.000,0.000,1.000,0.000,0.000,1.000,0.000
2025-07-09 15:13:55.809549,5123,126.62352360,45.80111520,171.793,-1.021,50.171,-0.179,83.327,-0.133,0.000,0.000,0.000,0.000,0.000,0.000,0.196,-1.667,0.000,0.000,1.000,0.000,0.000,1.000,0.000,0.000,1.000,0.000
2025-07-09 15:13:55.929672,4806,126.62352330,45.80111500,171.551,-1.089,50.149,-0.193,83.303,-0.132,0.000,0.000,0.000,0.000,0.000,0.000,0.214,-1.833,0.000,0.000,1.000,0.000,0.000,1.000,0.000,0.000,1.000,0.000
2025-07-09 15:13:56.049784,4586,126.62352310,45.80111480,171.210,-1.305,50.127,-0.194,83.288,-0.127,-121.048,1.000,0.000,0.000,0.000,0.000,0.230,-1.833,0.000,0.000,1.000,0.000,0.000,1.000,0.000,0.000,1.000,0.000
2025-07-09 15:13:56.169901,4466,126.62352300,45.80111460,171.019,-1.434,50.104,-0.173,83.280,-0.144,-121.042,1.000,0.000,28.226,5.618,0.000,0.230,-1.833,0.000,0.000,1.000,0.000,0.000,1.000,0.000,0.000,1.000,0.000
2025-07-09 15:13:56.290036,4356,126.62352290,45.80111450,170.941,-1.427,50.093,-0.154,83.272,-0.160,-121.033,1.000,0.000,30.000,5.750,0.000,0.226,-1.833,0.000,0.000,1.000,0.000,0.000,1.000,0.000,0.000,1.000,0.000
2025-07-09 15:13:56.410124,4246,126.62352280,45.80111440,171.028,-1.236,50.082,-0.185,83.265,-0.159,-121.029,1.000,0.000,30.000,5.882,0.000,0.230,19.555,0.000,0.000,1.000,0.000,0.000,1.000,0.000,0.000,1.000,0.000
2025-07-09 15:13:56.530241,4026,126.62352260,45.80111420,171.035,-1.029,50.060,-0.135,83.249,-0.119,-121.026,1.000,0.000,30.000,6.014,0.000,0.215,19.555,0.000,0.000,1.000,0.000,0.000,1.000,0.000,0.000,1.000,0.000
2025-07-09 15:13:56.640339,3913,126.62352250,45.80111410,170.897,-0.988,50.049,-0.129,83.241,-0.115,-121.020,1.000,0.000,30.000,6.149,0.000,0.199,19.555,0.000,0.000,1.000,0.000,0.000,1.000,0.000,0.000,1.000,0.000
2025-07-09 15:13:56.750450,3696,126.62352230,45.80111390,170.691,-1.112,50.027,-0.209,83.226,-0.150,-121.016,1.000,0.000,30.000,6.286,0.000,0.203,19.555,0.000,0.000,1.000,0.000,0.000,1.000,0.000,0.000,1.000,0.000
2025-07-09 15:13:56.860571,3586,126.62352220,45.80111380,170.510,-1.230,50.015,-0.175,83.218,-0.169,-121.010,1.000,0.000,30.000,6.423,0.000,0.224,19.555,0.000,0.000,1.000,0.000,0.000,1.000,0.000,0.000,1.000,0.000
2025-07-09 15:13:56.970696,3386,126.62352200,45.80111380,170.427,-1.185,50.015,-0.086,83.203,-0.222,-121.007,1.000,0.000,30.000,6.555,0.000,0.246,29.278,0.000,0.000,1.000,0.000,0.000,1.000,0.000,0.000,1.000,0.000
2025-07-09 15:13:57.080777,3076,126.62352170,45.80111370,170.587,-0.838,50.004,-0.107,83.179,-0.242,-121.011,1.000,0.000,30.000,6.685,0.000,0.249,29.278,0.000,0.000,1.000,0.000,0.000,1.000,0.000,0.000,1.000,0.000
2025-07-09 15:13:57.190891,2676,126.62352130,45.80111370,171.152,-0.040,50.004,-0.165,83.148,-0.092,-121.013,1.000,0.000,30.000,6.814,0.000,0.231,29.278,0.000,0.000,1.000,0.000,0.000,1.000,0.000,0.000,1.000,0.000
2025-07-09 15:13:57.300992,2286,126.62352090,45.80111380,171.971,0.864,50.015,-0.016,83.117,-0.157,-121.022,1.000,0.000,30.000,6.945,0.000,0.204,29.278,0.000,0.000,1.000,0.000,0.000,1.000,0.000,0.000,1.000,0.000
2025-07-09 15:13:57.411099,1816,126.62352040,45.80111410,173.323,2.147,50.049,0.134,83.079,-0.229,-121.037,1.000,0.000,30.000,7.082,0.000,0.204,29.333,0.000,0.000,1.000,0.000,0.000,1.000,0.000,0.000,1.000,0.000
2025-07-09 15:13:57.521205,1149,126.62351970,45.80111440,175.167,3.751,50.082,-0.613,83.024,0.138,-121.066,1.000,0.000,30.000,7.218,0.000,0.350,29.333,0.000,0.000,1.000,0.000,0.000,1.000,0.000,0.000,1.000,0.000
2025-07-09 15:13:57.631301,872,126.62351940,45.80111460,177.052,5.459,50.104,-0.522,83.001,0.115,-121.099,1.000,0.000,30.000,7.330,0.000,0.476,29.333,0.000,0.000,1.000,0.000,0.000,1.000,0.000,0.000,1.000,0.000
2025-07-09 15:13:57.741419,509,126.62351900,45.80111490,179.435,7.751,50.138,-0.693,82.970,0.204,-121.118,1.000,0.000,30.000,7.420,0.000,0.628,29.333,0.000,0.000,1.000,0.000,0.000,1.000,0.000,0.000,1.000,0.000
2025-07-09 15:13:57.851515,219,126.62351870,45.80111500,-178.307,10.104,50.149,-0.607,82.947,0.204,-121.144,1.000,0.000,30.000,7.483,0.000,0.632,29.333,0.000,0.000,1.000,0.000,0.000,1.000,0.000,0.000,1.000,0.000
2025-07-09 15:13:57.961619,9949,126.62351840,45.80111530,-175.557,12.769,50.182,-0.532,82.923,0.222,-121.157,1.000,0.000,23.818,7.546,0.000,0.646,29.111,0.000,0.000,1.000,0.000,0.000,1.000,0.000,0.000,1.000,0.000
2025-07-09 15:13:58.071715,9949,126.62351840,45.80111530,-172.771,15.377,50.182,-0.717,82.923,0.277,-121.181,1.000,0.000,30.000,7.607,0.000,0.662,29.111,0.000,0.000,1.000,0.000,0.000,1.000,0.000,0.000,1.000,0.000
2025-07-09 15:13:58.181829,892,126.62351950,45.80111370,-169.885,17.855,50.004,-0.865,83.009,0.274,-121.181,1.000,0.000,30.000,7.665,0.000,0.751,29.111,0.000,0.000,1.000,0.000,0.000,1.000,0.000,0.000,1.000,0.000
2025-07-09 15:13:58.291920,1854,126.62352060,45.80111230,-167.310,19.683,49.849,-0.864,83.094,0.316,-121.065,1.000,0.000,30.000,7.708,0.000,0.865,29.111,0.000,0.000,1.000,0.000,0.000,1.000,0.000,0.000,1.000,0.000
2025-07-09 15:13:58.402050,2806,126.62352170,45.80111080,-164.340,21.638,49.682,-0.884,83.179,0.220,-120.960,1.000,0.000,30.000,7.731,0.000,0.913,24.722,0.000,0.000,1.000,0.000,0.000,1.000,0.000,0.000,1.000,0.000
2025-07-09 15:13:58.512151,3685,126.62352270,45.80110950,-161.801,22.707,49.537,-0.916,83.257,0.275,-120.849,1.000,0.000,30.000,7.746,0.000,0.929,24.722,0.000,0.000,1.000,0.000,0.000,1.000,0.000,0.000,1.000,0.000
2025-07-09 15:13:58.622255,4644,126.62352380,45.80110810,-159.152,23.439,49.382,-0.918,83.342,0.266,-120.752,1.000,0.000,30.000,7.758,0.000,0.941,24.722,0.000,0.000,1.000,0.000,0.000,1.000,0.000,0.000,1.000,0.000
2025-07-09 15:13:58.732351,5623,126.62352490,45.80110690,-156.971,23.708,49.248,-0.932,83.427,0.024,-120.647,1.000,0.000,30.000,7.768,0.000,0.948,24.722,0.000,0.000,1.000,0.000,0.000,1.000,0.000,0.000,1.000,0.000
2025-07-09 15:13:58.842452,6482,126.62352590,45.80110550,-154.437,23.846,49.093,-0.915,83.505,0.090,-120.554,1.000,0.000,30.000,7.777,0.000,0.936,24.722,0.000,0.000,1.000,0.000,0.000,1.000,0.000,0.000,1.000,0.000
2025-07-09 15:13:58.952561,7361,126.62352690,45.80110430,-152.039,23.859,48.959,-0.896,83.582,0.136,-120.451,1.000,0.000,30.000,7.788,0.000,0.919,28.055,0.000,0.000,1.000,0.000,0.000,1.000,0.000,0.000,1.000,0.000
2025-07-09 15:13:59.062679,8327,126.62352800,45.80110300,-149.066,24.062,48.815,-0.869,83.668,-0.010,-120.360,1.000,0.000,30.000,7.802,0.000,0.898,28.055,0.000,0.000,1.000,0.000,0.000,1.000,0.000,0.000,1.000,0.000
2025-07-09 15:13:59.172775,8019,126.62352780,45.80110190,-146.380,23.971,48.692,-0.964,83.652,-0.028,-120.261,1.000,0.000,30.000,7.819,0.000,0.913,28.055,0.000,0.000,1.000,0.000,0.000,1.000,0.000,0.000,1.000,0.000
2025-07-09 15:13:59.282884,7689,126.62352760,45.80110060,-143.350,24.102,48.548,-0.987,83.637,0.036,-120.203,1.000,0.000,30.000,7.834,0.000,0.940,28.055,0.000,0.000,1.000,0.000,0.000,1.000,0.000,0.000,1.000,0.000
2025-07-09 15:13:59.392972,7468,126.62352750,45.80109940,-140.764,24.112,48.414,-0.998,83.629,-0.079,-120.133,1.000,0.000,29.607,7.844,0.000,0.984,27.444,0.000,0.000,1.000,0.000,0.000,1.000,0.000,0.000,1.000,0.000
2025-07-09 15:13:59.503090,7310,126.62352750,45.80109810,-137.884,24.007,48.270,-1.030,83.629,-0.019,-120.067,1.000,0.000,27.089,7.847,0.000,1.006,27.444,0.000,0.000,1.000,0.000,0.000,1.000,0.000,0.000,1.000,0.000
2025-07-09 15:13:59.613200,7189,126.62352750,45.80109680,-135.112,24.239,48.125,-0.980,83.629,-0.156,-119.993,1.000,0.000,21.544,7.846,0.000,1.008,27.444,0.000,0.000,1.000,0.000,0.000,1.000,0.000,0.000,1.000,0.000
2025-07-09 15:13:59.723292,7186,126.62352760,45.80109560,-132.743,23.985,47.992,-0.923,83.637,-0.293,-119.919,1.000,0.000,15.648,7.844,0.000,0.997,27.444,0.000,0.000,1.000,0.000,0.000,1.000,0.000,0.000,1.000,0.000
2025-07-09 15:13:59.833519,7056,126.62352760,45.80109420,-130.241,24.276,47.836,-0.977,83.637,-0.248,-119.919,1.000,0.000,10.732,7.845,0.000,0.990,27.444,0.000,0.000,0.397,0.000,0.000,1.000,0.000,0.000,1.000,0.000
2025-07-09 15:13:59.943701,7008,126.62352770,45.80109300,-128.198,23.830,47.703,-1.033,83.644,-0.210,-119.848,1.000,0.000,10.129,7.847,0.000,1.010,18.944,0.000,0.000,1.000,0.000,0.000,1.000,0.000,0.000,1.000,0.000
2025-07-09 15:14:00.053803,6967,126.62352780,45.80109160,-126.204,23.463,47.547,-0.933,83.652,-0.322,-119.767,1.000,0.000,5.247,7.845,0.000,1.016,18.944,0.000,0.000,1.000,0.000,0.000,1.000,0.000,0.000,1.000,0.000
2025-07-09 15:14:00.163827,5876,126.62352680,45.80109070,-124.706,22.122,47.447,-0.886,83.575,-0.582,-119.696,1.000,0.000,3.019,7.842,0.000,1.034,18.944,0.000,0.000,1.000,0.000,0.000,1.000,0.000,0.000,1.000,0.000
2025-07-09 15:14:00.273957,4676,126.62352570,45.80108970,-123.169,21.077,47.336,-0.902,83.489,-0.543,-119.613,1.000,0.000,2.163,7.836,0.000,1.033,18.944,0.000,0.000,1.000,0.000,0.000,1.000,0.000,0.000,1.000,0.000
2025-07-09 15:14:00.384113,3785,126.62352490,45.80108880,-121.974,19.399,47.236,-0.873,83.427,-0.689,-119.584,1.000,0.000,1.498,7.831,0.000,1.075,18.944,0.000,0.000,1.000,0.000,0.000,1.000,0.000,0.000,1.000,0.000
2025-07-09 15:14:00.494233,2665,126.62352390,45.80108770,-120.841,18.078,47.113,-0.903,83.350,-0.653,-119.552,1.000,0.000,1.000,7.818,0.000,1.093,3.333,0.000,0.000,1.000,0.000,0.000,1.000,0.000,0.000,1.000,0.000
2025-07-09 15:14:00.604314,1688,126.62352300,45.80108680,-120.047,16.206,47.013,-0.862,83.280,-0.819,-119.518,1.000,0.000,0.536,7.802,0.000,1.139,3.333,0.000,0.000,1.000,0.000,0.000,1.000,0.000,0.000,1.000,0.000
2025-07-09 15:14:00.714357,577,126.62352200,45.80108570,-119.327,14.340,46.891,-0.794,83.203,-0.954,-119.477,1.000,0.000,0.220,7.778,0.000,1.182,3.333,0.000,0.000,1.000,0.000,0.000,1.000,0.000,0.000,1.000,0.000
2025-07-09 15:14:00.824457,9590,126.62352110,45.80108480,-118.837,12.632,46.791,-0.810,83.133,-0.933,-119.446,1.000,0.000,-0.062,7.747,0.000,1.222,3.333,0.000,0.000,1.000,0.000,0.000,1.000,0.000,0.000,1.000,0.000
2025-07-09 15:14:00.934649,8480,126.62352010,45.80108370,-118.433,10.725,46.669,-0.843,83.055,-0.926,-119.405,1.000,0.000,-0.254,7.709,0.000,1.243,1.167,0.000,0.000,1.000,0.000,0.000,1.000,0.000,0.000,1.000,0.000
2025-07-09 15:14:01.044759,7579,126.62351930,45.80108270,-118.286,9.001,46.557,-0.836,82.993,-0.889,-119.373,1.000,0.000,-0.406,7.667,0.000,1.236,1.167,0.000,0.000,1.000,0.000,0.000,1.000,0.000,0.000,1.000,0.000
2025-07-09 15:14:01.154829,5119,126.62351690,45.80108210,-117.990,7.457,46.491,-0.800,82.807,-1.145,-119.332,1.000,0.000,-0.454,7.627,0.000,1.290,1.167,0.000,0.000,1.000,0.000,0.000,1.000,0.000,0.000,1.000,0.000
2025-07-09 15:14:01.264891,2961,126.62351480,45.80108150,-117.720,6.341,46.424,-0.806,82.644,-1.131,-119.291,1.000,0.000,-0.561,7.577,0.000,1.335,1.167,0.000,0.000,1.000,0.000,0.000,1.000,0.000,0.000,1.000,0.000
2025-07-09 15:14:01.375067,492,126.62351240,45.80108080,-117.446,5.193,46.346,-0.744,82.458,-1.174,-119.311,1.000,0.000,-0.657,7.520,0.000,1.392,1.167,0.000,0.000,1.000,0.000,0.000,1.000,0.000,0.000,1.000,0.000
2025-07-09 15:14:01.485183,8122,126.62351010,45.80108010,-117.257,4.287,46.268,-0.764,82.280,-1.182,-119.324,1.000,0.000,-0.781,7.452,0.000,1.395,0.167,0.000,0.000,1.000,0.000,0.000,1.000,0.000,0.000,1.000,0.000
2025-07-09 15:14:01.595275,6065,126.62350810,45.80107950,-117.152,3.352,46.201,-0.748,82.125,-1.208,-119.338,1.000,0.000,-0.867,7.385,0.000,1.406,0.167,0.000,0.000,1.000,0.000,0.000,1.000,0.000,0.000,1.000,0.000
2025-07-09 15:14:01.705379,3795,126.62350590,45.80107880,-117.041,2.731,46.124,-0.731,81.954,-1.187,-119.350,1.000,0.000,-0.917,7.315,0.000,1.407,0.167,0.000,0.000,1.000,0.000,0.000,1.000,0.000,0.000,1.000,0.000
2025-07-09 15:14:01.815405,1935,126.62350410,45.80107820,-116.911,2.195,46.057,-0.740,81.815,-1.270,-119.361,1.000,0.000,-0.970,7.245,0.000,1.428,0.167,0.000,0.000,1.000,0.000,0.000,1.000,0.000,0.000,1.000,0.000
2025-07-09 15:14:01.925520,9665,126.62350190,45.80107750,-116.788,1.861,45.979,-0.751,81.644,-1.285,-119.371,1.000,0.000,-1.030,7.172,0.000,1.451,0.389,0.000,0.000,1.000,0.000,0.000,1.000,0.000,0.000,1.000,0.000
2025-07-09 15:14:02.035691,7695,126.62350000,45.80107680,-116.749,1.529,45.901,-0.766,81.497,-1.306,-119.377,1.000,0.000,-1.087,7.095,0.000,1.491,0.389,0.000,0.000,1.000,0.000,0.000,1.000,0.000,0.000,1.000,0.000
2025-07-09 15:14:02.145813,5235,126.62349760,45.80107620,-116.784,1.364,45.835,-0.669,81.311,-1.317,-119.387,1.000,0.000,-1.106,7.010,0.000,1.493,0.389,0.000,0.000,1.000,0.000,0.000,1.000,0.000,0.000,1.000,0.000
2025-07-09 15:14:02.255895,3085,126.62349550,45.80107570,-116.834,1.049,45.779,-0.649,81.148,-1.311,-119.389,1.000,0.000,-1.095,6.926,0.000,1.485,0.389,0.000,0.000,1.000,0.000,0.000,1.000,0.000,0.000,1.000,0.000
2025-07-09 15:14:02.365931,616,126.62349310,45.80107500,-116.860,0.780,45.701,-0.743,80.962,-1.311,-119.410,1.000,0.000,-1.075,6.843,0.000,1.482,0.389,0.000,0.000,1.000,0.000,0.000,1.000,0.000,0.000,1.000,0.000
2025-07-09 15:14:02.476037,8569,126.62349110,45.80107450,-116.879,0.514,45.646,-0.760,80.807,-1.330,-119.429,1.000,0.000,-1.072,6.760,0.000,1.501,0.500,0.000,0.000,1.000,0.000,0.000,1.000,0.000,0.000,1.000,0.000
2025-07-09 15:14:02.586217,6199,126.62348880,45.80107380,-116.974,0.258,45.568,-0.747,80.629,-1.350,-119.444,1.000,0.000,-1.072,6.674,0.000,1.527,0.500,0.000,0.000,1.000,0.000,0.000,1.000,0.000,0.000,1.000,0.000
2025-07-09 15:14:02.696322,4039,126.62348670,45.80107320,-117.073,0.073,45.501,-0.750,80.466,-1.373,-119.461,1.000,0.000,-1.038,6.584,0.000,1.546,0.500,0.000,0.000,1.000,0.000,0.000,1.000,0.000,0.000,1.000,0.000
2025-07-09 15:14:02.806396,1659,126.62348440,45.80107250,-117.198,-0.142,45.423,-0.721,80.288,-1.378,-119.473,1.000,0.000,-1.003,6.490,0.000,1.554,0.500,0.000,0.000,1.000,0.000,0.000,1.000,0.000,0.000,1.000,0.000
2025-07-09 15:14:02.916462,9499,126.62348230,45.80107180,-117.302,-0.355,45.345,-0.727,80.125,-1.386,-119.487,1.000,0.000,-0.955,6.395,0.000,1.562,0.611,0.000,0.000,1.000,0.000,0.000,1.000,0.000,0.000,1.000,0.000
2025-07-09 15:14:03.026569,7029,126.62347990,45.80107110,-117.426,-0.579,45.267,-0.739,79.939,-1.412,-119.499,1.000,0.000,-0.917,6.299,0.000,1.571,0.611,0.000,0.000,1.000,0.000,0.000,1.000,0.000,0.000,1.000,0.000
2025-07-09 15:14:03.136743,5070,126.62347800,45.80107050,-117.534,-0.713,45.201,-0.721,79.792,-1.329,-119.507,1.000,0.000,-0.869,6.201,0.000,1.557,0.611,0.000,0.000,1.000,0.000,0.000,1.000,0.000,0.000,1.000,0.000
2025-07-09 15:14:03.246840,2710,126.62347570,45.80106990,-117.699,-0.831,45.134,-0.729,79.613,-1.345,-119.522,1.000,0.000,-0.827,6.106,0.000,1.545,0.611,0.000,0.000,1.000,0.000,0.000,1.000,0.000,0.000,1.000,0.000
2025-07-09 15:14:03.356878,750,126.62347380,45.80106930,-117.822,-0.897,45.067,-0.681,79.466,-1.333,-119.531,1.000,0.000,-0.763,6.012,0.000,1.513,0.611,0.000,0.000,1.000,0.000,0.000,1.000,0.000,0.000,1.000,0.000
2025-07-09 15:14:03.467234,8380,126.62347150,45.80106860,-117.909,-0.952,44.989,-0.680,79.288,-1.360,-119.559,1.000,0.000,-0.715,5.924,0.000,1.516,0.833,0.000,0.000,1.000,0.000,0.000,1.000,0.000,0.000,1.000,0.000
2025-07-09 15:14:03.577182,6007,126.62346920,45.80106790,-118.030,-1.045,44.912,-0.657,79.109,-1.269,-119.559,1.000,0.000,-0.690,5.836,-0.000,1.482,0.833,0.000,0.000,0.996,0.000,0.000,1.000,0.000,0.000,1.000,-0.000
2025-07-09 15:14:03.687280,4047,126.62346730,45.80106730,-118.182,-1.097,44.845,-0.668,78.962,-1.282,-119.571,1.000,0.000,-0.642,5.753,0.000,1.465,0.833,0.000,0.000,1.000,0.000,0.000,1.000,0.000,0.000,1.000,0.000
2025-07-09 15:14:03.797368,1677,126.62346500,45.80106660,-118.448,-1.249,44.767,-0.693,78.784,-1.302,-119.584,1.000,0.000,-0.580,5.673,0.000,1.450,0.833,0.000,0.000,1.000,0.000,0.000,1.000,0.000,0.000,1.000,0.000
2025-07-09 15:14:03.907402,9617,126.62346300,45.80106600,-118.701,-1.366,44.700,-0.696,78.629,-1.307,-119.594,1.000,0.000,-0.474,5.596,0.000,1.467,0.722,0.000,0.000,1.000,0.000,0.000,1.000,0.000,0.000,1.000,0.000
2025-07-09 15:14:04.017512,7328,126.62346080,45.80106520,-118.917,-1.467,44.611,-0.689,78.458,-1.353,-119.606,1.000,0.000,-0.372,5.516,0.000,1.491,0.722,0.000,0.000,1.000,0.000,0.000,1.000,0.000,0.000,1.000,0.000
2025-07-09 15:14:04.127695,5488,126.62345900,45.80106470,-119.059,-1.484,44.556,-0.657,78.319,-1.187,-119.618,1.000,0.000,-0.287,5.432,0.000,1.452,0.722,0.000,0.000,1.000,0.000,0.000,1.000,0.000,0.000,1.000,0.000
2025-07-09 15:14:04.237796,3628,126.62345720,45.80106410,-119.243,-1.553,44.489,-0.661,78.179,-1.232,-119.623,1.000,0.000,-0.233,5.354,0.000,1.424,0.722,0.000,0.000,1.000,0.000,0.000,1.000,0.000,0.000,1.000,0.000
2025-07-09 15:14:04.347908,1875,126.62345550,45.80106360,-119.440,-1.582,44.433,-0.644,78.047,-1.182,-119.636,1.000,0.000,-0.158,5.282,0.000,1.367,0.722,0.000,0.000,1.000,0.000,0.000,1.000,0.000,0.000,1.000,0.000
2025-07-09 15:14:04.457983,9915,126.62345360,45.80106300,-119.700,-1.707,44.367,-0.652,77.900,-1.196,-119.643,1.000,0.000,-0.082,5.219,0.000,1.369,0.500,0.000,0.000,1.000,0.000,0.000,1.000,0.000,0.000,1.000,0.000
2025-07-09 15:14:04.568023,8155,126.62345190,45.80106240,-119.925,-1.833,44.300,-0.629,77.768,-1.199,-119.653,1.000,0.000,0.024,5.156,0.000,1.354,0.500,0.000,0.000,1.000,0.000,0.000,1.000,0.000,0.000,1.000,0.000
2025-07-09 15:14:04.678139,6085,126.62344990,45.80106170,-120.141,-1.917,44.222,-0.627,77.613,-1.210,-119.663,1.000,0.000,0.113,5.095,0.000,1.360,0.500,0.000,0.000,1.000,0.000,0.000,1.000,0.000,0.000,1.000,0.000
2025-07-09 15:14:04.788317,4335,126.62344820,45.80106120,-120.311,-1.934,44.167,-0.631,77.482,-1.155,-119.668,1.000,0.000,0.199,5.033,0.000,1.344,0.500,0.000,0.000,1.000,0.000,0.000,1.000,0.000,0.000,1.000,0.000
2025-07-09 15:14:04.898420,2365,126.62344630,45.80106050,-120.454,-1.822,44.089,-0.626,77.334,-1.157,-119.673,1.000,0.000,0.268,4.974,0.000,1.331,-0.445,0.000,0.000,1.000,0.000,0.000,1.000,0.000,0.000,1.000,0.000
2025-07-09 15:14:05.008459,515,126.62344450,45.80106000,-120.612,-1.736,44.033,-0.621,77.195,-1.169,-119.684,1.000,0.000,0.326,4.917,0.000,1.318,-0.445,0.000,0.000,1.000,0.000,0.000,1.000,0.000,0.000,1.000,0.000
2025-07-09 15:14:05.118551,8745,126.62344280,45.80105930,-120.765,-1.678,43.955,-0.659,77.063,-1.164,-119.688,1.000,0.000,0.387,4.863,0.000,1.326,-0.445,0.000,0.000,1.000,0.000,0.000,1.000,0.000,0.000,1.000,0.000
2025-07-09 15:14:05.228735,7486,126.62344160,45.80105870,-120.929,-1.698,43.889,-0.670,76.970,-1.167,-119.701,1.000,0.000,0.450,4.807,0.000,1.336,-0.445,0.000,0.000,1.000,0.000,0.000,1.000,0.000,0.000,1.000,0.000
2025-07-09 15:14:05.338840,5926,126.62344010,45.80105810,-121.078,-1.666,43.822,-0.620,76.854,-1.149,-119.700,1.000,0.000,0.513,4.749,0.000,1.330,-0.445,0.000,0.000,1.000,0.000,0.000,1.000,0.000,0.000,1.000,0.000
2025-07-09 15:14:05.448985,4465,126.62343870,45.80105750,-121.160,-1.562,43.755,-0.610,76.745,-1.160,-119.692,1.000,0.000,0.576,4.693,0.000,1.321,0.667,0.000,0.000,1.000,0.000,0.000,1.000,0.000,0.000,1.000,0.000
2025-07-09 15:14:05.559187,2795,126.62343710,45.80105680,-121.240,-1.398,43.677,-0.700,76.621,-1.145,-119.689,1.000,0.000,0.614,4.638,0.000,1.319,0.667,0.000,0.000,1.000,0.000,0.000,1.000,0.000,0.000,1.000,0.000
2025-07-09 15:14:05.678985,1135,126.62343550,45.80105620,-121.351,-1.286,43.611,-0.703,76.497,-1.168,-119.685,1.000,0.000,0.649,4.583,0.000,1.339,0.667,0.000,0.000,1.000,0.000,0.000,1.000,0.000,0.000,1.000,0.000
2025-07-09 15:14:05.789086,9355,126.62343380,45.80105550,-121.506,-1.233,43.533,-0.662,76.365,-1.130,-119.687,1.000,0.000,0.697,4.525,0.000,1.338,0.667,0.000,0.000,1.000,0.000,0.000,1.000,0.000,0.000,1.000,0.000
2025-07-09 15:14:05.899174,7795,126.62343230,45.80105490,-121.644,-1.202,43.466,-0.671,76.249,-1.147,-119.686,1.000,0.000,0.762,4.467,0.000,1.334,0.722,0.000,0.000,1.000,0.000,0.000,1.000,0.000,0.000,1.000,0.000
2025-07-09 15:14:06.019304,6035,126.62343060,45.80105420,-121.790,-1.194,43.388,-0.675,76.117,-1.155,-119.686,1.000,0.000,0.820,4.410,0.000,1.325,0.722,0.000,0.000,1.000,0.000,0.000,1.000,0.000,0.000,1.000,0.000
2025-07-09 15:14:06.139399,4465,126.62342910,45.80105350,-121.905,-1.146,43.310,-0.669,76.001,-1.087,-119.684,1.000,0.000,0.882,4.354,0.000,1.314,0.722,0.000,0.000,1.000,0.000,0.000,1.000,0.000,0.000,1.000,0.000
2025-07-09 15:14:06.259515,2902,126.62342760,45.80105290,-122.047,-1.126,43.244,-0.669,75.885,-1.089,-119.677,1.000,0.000,0.932,4.300,0.000,1.297,0.722,0.000,0.000,1.000,0.000,0.000,1.000,0.000,0.000,1.000,0.000
2025-07-09 15:14:06.379635,1332,126.62342610,45.80105220,-122.219,-1.120,43.166,-0.649,75.768,-1.142,-119.677,1.000,0.000,0.996,4.249,0.000,1.289,0.722,0.000,0.000,1.000,0.000,0.000,1.000,0.000,0.000,1.000,0.000
2025-07-09 15:14:06.499757,9455,126.62342430,45.80105140,-122.448,-1.175,43.077,-0.662,75.629,-1.168,-119.671,1.000,0.000,1.069,4.200,0.000,1.311,0.444,0.000,0.000,1.000,0.000,0.000,1.000,0.000,0.000,1.000,0.000
2025-07-09 15:14:06.619866,7785,126.62342270,45.80105070,-122.681,-1.295,42.999,-0.626,75.505,-1.153,-119.665,1.000,0.000,1.170,4.146,0.000,1.323,0.444,0.000,0.000,1.000,0.000,0.000,1.000,0.000,0.000,1.000,0.000
2025-07-09 15:14:06.739992,6105,126.62342110,45.80105000,-122.950,-1.447,42.921,-0.668,75.381,-1.107,-119.661,1.000,0.000,1.274,4.091,0.000,1.316,0.444,0.000,0.000,1.000,0.000,0.000,1.000,0.000,0.000,1.000,0.000
2025-07-09 15:14:06.860090,4345,126.62341940,45.80104930,-123.271,-1.619,42.843,-0.674,75.249,-1.126,-119.657,1.000,0.000,1.393,4.037,0.000,1.306,0.444,0.000,0.000,1.000,0.000,0.000,1.000,0.000,0.000,1.000,0.000
2025-07-09 15:14:06.980210,2575,126.62341770,45.80104860,-123.648,-1.792,42.766,-0.682,75.117,-1.150,-119.655,1.000,0.000,1.536,3.984,0.000,1.314,0.722,0.000,0.000,1.000,0.000,0.000,1.000,0.000,0.000,1.000,0.000
2025-07-09 15:14:07.100328,605,126.62341580,45.80104790,-124.041,-1.995,42.688,-0.644,74.970,-1.150,-119.654,1.000,0.000,1.705,3.931,0.000,1.322,0.722,0.000,0.000,1.000,0.000,0.000,1.000,0.000,0.000,1.000,0.000
2025-07-09 15:14:07.210426,8935,126.62341420,45.80104720,-124.437,-2.234,42.610,-0.652,74.846,-1.111,-119.657,1.000,0.000,1.882,3.875,0.000,1.314,0.722,0.000,0.000,1.000,0.000,0.000,1.000,0.000,0.000,1.000,0.000
2025-07-09 15:14:07.320529,7485,126.62341280,45.80104670,-124.748,-2.421,42.554,-0.651,74.737,-1.128,-119.653,1.000,0.000,2.063,3.821,0.000,1.303,0.722,0.000,0.000,1.000,0.000,0.000,1.000,0.000,0.000,1.000,0.000
2025-07-09 15:14:07.430640,5815,126.62341120,45.80104600,-125.108,-2.629,42.476,-0.706,74.613,-1.110,-119.657,1.000,0.000,2.209,3.769,0.000,1.302,0.944,0.000,0.000,1.000,0.000,0.000,1.000,0.000,0.000,1.000,0.000
2025-07-09 15:14:07.540732,4252,126.62340970,45.80104540,-125.448,-2.795,42.410,-0.650,74.497,-1.040,-119.652,1.000,0.000,2.379,3.718,0.000,1.281,0.944,0.000,0.000,1.000,0.000,0.000,1.000,0.000,0.000,1.000,0.000
2025-07-09 15:14:07.650852,2592,126.62340810,45.80104480,-125.828,-2.950,42.343,-0.636,74.373,-1.047,-119.652,1.000,0.000,2.545,3.669,0.000,1.256,0.944,0.000,0.000,1.000,0.000,0.000,1.000,0.000,0.000,1.000,0.000
2025-07-09 15:14:07.761031,822,126.62340640,45.80104410,-126.152,-3.050,42.265,-0.699,74.241,-1.061,-119.654,1.000,0.000,2.733,3.626,0.000,1.241,0.944,0.000,0.000,1.000,0.000,0.000,1.000,0.000,0.000,1.000,0.000
2025-07-09 15:14:07.871064,9262,126.62340490,45.80104350,-126.375,-3.029,42.198,-0.698,74.125,-1.066,-119.653,1.000,0.000,2.895,3.584,0.000,1.257,0.944,0.000,0.000,1.000,0.000,0.000,1.000,0.000,0.000,1.000,0.000
2025-07-09 15:14:07.981179,7602,126.62340330,45.80104290,-126.607,-2.972,42.132,-0.707,74.001,-1.082,-119.652,1.000,0.000,3.010,3.540,0.000,1.279,0.555,0.000,0.000,1.000,0.000,0.000,1.000,0.000,0.000,1.000,0.000
2025-07-09 15:14:08.091268,6142,126.62340190,45.80104230,-126.762,-2.799,42.065,-0.692,73.892,-1.048,-119.655,1.000,0.000,3.131,3.493,0.000,1.274,0.555,0.000,0.000,1.000,0.000,0.000,1.000,0.000,0.000,1.000,0.000
2025-07-09 15:14:08.201371,4652,126.62340050,45.80104150,-126.880,-2.579,41.976,-0.698,73.784,-0.996,-119.652,1.000,0.000,3.212,3.446,0.000,1.255,0.555,0.000,0.000,1.000,0.000,0.000,1.000,0.000,0.000,1.000,0.000
2025-07-09 15:14:08.311476,3392,126.62339930,45.80104090,-126.895,-2.233,41.909,-0.687,73.691,-0.999,-119.636,1.000,0.000,3.276,3.402,0.000,1.228,0.555,0.000,0.000,1.000,0.000,0.000,1.000,0.000,0.000,1.000,0.000
2025-07-09 15:14:08.421589,1932,126.62339790,45.80104020,-126.874,-1.931,41.832,-0.669,73.582,-1.005,-119.628,1.000,0.000,3.292,3.363,0.000,1.212,3.778,0.000,0.000,1.000,0.000,0.000,1.000,0.000,0.000,1.000,0.000
2025-07-09 15:14:08.531680,672,126.62339670,45.80103960,-126.862,-1.593,41.765,-0.708,73.489,-0.965,-119.618,1.000,0.000,3.285,3.326,0.000,1.206,3.778,0.000,0.000,1.000,0.000,0.000,1.000,0.000,0.000,1.000,0.000
2025-07-09 15:14:08.641794,9202,126.62339530,45.80103890,-126.850,-1.273,41.687,-0.722,73.381,-0.980,-119.610,1.000,0.000,3.284,3.291,0.000,1.207,3.778,0.000,0.000,1.000,0.000,0.000,1.000,0.000,0.000,1.000,0.000
2025-07-09 15:14:08.751891,7832,126.62339400,45.80103820,-126.823,-0.903,41.609,-0.723,73.280,-0.970,-119.601,1.000,0.000,3.282,3.256,0.000,1.208,3.778,0.000,0.000,1.000,0.000,0.000,1.000,0.000,0.000,1.000,0.000
2025-07-09 15:14:08.862014,6261,126.62339250,45.80103750,-126.775,-0.564,41.531,-0.737,73.164,-0.995,-119.588,1.000,0.000,3.272,3.220,0.000,1.222,3.778,0.000,0.000,1.000,0.000,0.000,1.000,0.000,0.000,1.000,0.000
2025-07-09 15:14:08.972116,4901,126.62339120,45.80103690,-126.691,-0.286,41.465,-0.737,73.063,-1.007,-119.581,1.000,0.000,3.253,3.182,0.000,1.232,3.889,0.000,0.000,1.000,0.000,0.000,1.000,0.000,0.000,1.000,0.000
2025-07-09 15:14:09.082223,3431,126.62338980,45.80103620,-126.337,0.245,41.387,-0.683,72.954,-0.942,-119.576,1.000,0.000,3.212,3.142,0.000,1.217,3.889,0.000,0.000,1.000,0.000,0.000,1.000,0.000,0.000,1.000,0.000
2025-07-09 15:14:09.192300,2368,126.62338880,45.80103560,-126.232,0.481,41.320,-0.673,72.877,-0.893,-119.566,1.000,0.000,3.027,3.105,0.000,1.177,3.889,0.000,0.000,1.000,0.000,0.000,1.000,0.000,0.000,1.000,0.000
2025-07-09 15:14:09.312448,998,126.62338750,45.80103490,-126.104,0.695,41.242,-0.683,72.776,-0.896,-119.553,1.000,0.000,2.979,3.075,0.000,1.136,3.889,0.000,0.000,1.000,0.000,0.000,1.000,0.000,0.000,1.000,0.000
2025-07-09 15:14:09.422555,9718,126.62338630,45.80103420,-125.900,0.894,41.164,-0.664,72.683,-0.868,-119.553,1.000,0.000,2.919,3.051,0.000,1.113,3.722,0.000,0.000,1.000,0.000,0.000,1.000,0.000,0.000,1.000,0.000
2025-07-09 15:14:09.532673,8455,126.62338510,45.80103350,-125.642,1.110,41.087,-0.631,72.590,-0.847,-119.540,1.000,0.000,2.816,3.032,0.000,1.092,3.722,0.000,0.000,1.000,0.000,0.000,1.000,0.000,0.000,1.000,0.000
2025-07-09 15:14:09.642758,7285,126.62338400,45.80103280,-125.401,1.318,41.009,-0.640,72.505,-0.849,-119.525,1.000,0.000,2.692,3.016,0.000,1.071,3.722,0.000,0.000,1.000,0.000,0.000,1.000,0.000,0.000,1.000,0.000
2025-07-09 15:14:09.752870,5915,126.62338270,45.80103210,-125.105,1.576,40.931,-0.652,72.404,-0.845,-119.510,1.000,0.000,2.581,3.004,0.000,1.062,3.722,0.000,0.000,1.000,0.000,0.000,1.000,0.000,0.000,1.000,0.000
2025-07-09 15:14:09.862969,4754,126.62338160,45.80103150,-124.808,1.821,40.864,-0.656,72.319,-0.847,-119.493,1.000,0.000,2.444,2.994,0.000,1.067,3.722,0.000,0.000,1.000,0.000,0.000,1.000,0.000,0.000,1.000,0.000
2025-07-09 15:14:09.973090,3384,126.62338030,45.80103080,-124.417,2.133,40.786,-0.664,72.218,-0.855,-119.480,1.000,0.000,2.310,2.982,0.000,1.074,3.667,0.000,0.000,1.000,0.000,0.000,1.000,0.000,0.000,1.000,0.000
2025-07-09 15:14:10.083272,2224,126.62337920,45.80103020,-124.056,2.383,40.720,-0.601,72.133,-0.796,-119.469,1.000,0.000,2.132,2.969,0.000,1.050,3.667,0.000,0.000,1.000,0.000,0.000,1.000,0.000,0.000,1.000,0.000
2025-07-09 15:14:10.193290,1164,126.62337820,45.80102960,-123.633,2.446,40.653,-0.629,72.055,-0.818,-119.456,1.000,0.000,1.971,2.961,0.000,1.037,3.667,0.000,0.000,1.000,0.000,0.000,1.000,0.000,0.000,1.000,0.000
2025-07-09 15:14:10.303386,314,126.62337740,45.80102910,-123.225,2.721,40.597,-0.636,71.993,-0.819,-119.445,1.000,0.000,1.784,2.954,0.000,1.022,3.667,0.000,0.000,1.000,0.000,0.000,1.000,0.000,0.000,1.000,0.000
2025-07-09 15:14:10.413492,9154,126.62337630,45.80102850,-122.704,3.088,40.531,-0.560,71.908,-0.802,-119.431,1.000,0.000,1.607,2.951,0.000,1.016,3.000,0.000,0.000,1.000,0.000,0.000,1.000,0.000,0.000,1.000,0.000
2025-07-09 15:14:10.523611,8231,126.62337540,45.80102800,-122.249,3.316,40.475,-0.569,71.838,-0.759,-119.419,1.000,0.000,1.383,2.948,0.000,0.988,3.000,0.000,0.000,1.000,0.000,0.000,1.000,0.000,0.000,1.000,0.000
2025-07-09 15:14:10.633699,7071,126.62337430,45.80102740,-121.740,3.544,40.408,-0.576,71.753,-0.767,-119.408,1.000,0.000,1.192,2.950,0.000,0.962,3.000,0.000,0.000,1.000,0.000,0.000,1.000,0.000,0.000,1.000,0.000
2025-07-09 15:14:10.743806,6110,126.62337340,45.80102690,-121.300,3.725,40.353,-0.546,71.683,-0.713,-119.398,1.000,0.000,0.978,2.957,0.000,0.935,3.000,0.000,0.000,1.000,0.000,0.000,1.000,0.000,0.000,1.000,0.000
2025-07-09 15:14:10.853916,4950,126.62337230,45.80102630,-120.807,3.904,40.286,-0.562,71.598,-0.711,-119.386,1.000,0.000,0.796,2.968,0.000,0.921,3.000,0.000,0.000,1.000,0.000,0.000,1.000,0.000,0.000,1.000,0.000
2025-07-09 15:14:10.964025,3890,126.62337130,45.80102570,-120.405,4.000,40.219,-0.582,71.520,-0.716,-119.377,1.000,0.000,0.593,2.981,0.000,0.909,2.555,0.000,0.000,1.000,0.000,0.000,1.000,0.000,0.000,1.000,0.000
2025-07-09 15:14:11.074136,2830,126.62337030,45.80102510,-119.945,4.059,40.152,-0.576,71.443,-0.738,-119.365,1.000,0.000,0.429,2.997,0.000,0.922,2.555,0.000,0.000,1.000,0.000,0.000,1.000,0.000,0.000,1.000,0.000
2025-07-09 15:14:11.184249,1790,126.62336930,45.80102460,-119.546,4.096,40.097,-0.520,71.365,-0.744,-119.351,1.000,0.000,0.242,3.010,0.000,0.922,2.555,0.000,0.000,1.000,0.000,0.000,1.000,0.000,0.000,1.000,0.000
2025-07-09 15:14:11.294339,840,126.62336840,45.80102410,-119.183,4.042,40.041,-0.523,71.295,-0.748,-119.337,1.000,0.000,0.081,3.024,0.000,0.919,2.555,0.000,0.000,1.000,0.000,0.000,1.000,0.000,0.000,1.000,0.000
2025-07-09 15:14:11.404442,9790,126.62336740,45.80102360,-118.756,4.059,39.986,-0.500,71.218,-0.733,-119.330,1.000,0.000,-0.064,3.037,0.000,0.903,0.611,0.000,0.000,1.000,0.000,0.000,1.000,0.000,0.000,1.000,0.000
2025-07-09 15:14:11.514537,8847,126.62336650,45.80102320,-118.382,3.925,39.941,-0.508,71.148,-0.731,-119.320,1.000,0.000,-0.239,3.054,0.000,0.897,0.611,0.000,0.000,1.000,0.000,0.000,1.000,0.000,0.000,1.000,0.000
2025-07-09 15:14:11.624703,7687,126.62336540,45.80102260,-117.950,3.904,39.875,-0.500,71.063,-0.751,-119.312,1.000,0.000,-0.391,3.072,0.000,0.893,0.611,0.000,0.000,1.000,0.000,0.000,1.000,0.000,0.000,1.000,0.000
2025-07-09 15:14:11.734751,6747,126.62336450,45.80102220,-117.547,3.808,39.830,-0.448,70.993,-0.742,-119.309,1.000,0.000,-0.569,3.090,0.000,0.886,0.611,0.000,0.000,1.000,0.000,0.000,1.000,0.000,0.000,1.000,0.000
2025-07-09 15:14:11.844864,5686,126.62336350,45.80102160,-117.075,3.837,39.763,-0.450,70.916,-0.734,-119.297,1.000,0.000,-0.738,3.110,0.000,0.877,0.611,0.000,0.000,1.000,0.000,0.000,1.000,0.000,0.000,1.000,0.000
2025-07-09 15:14:11.954959,4746,126.62336260,45.80102120,-116.688,3.741,39.719,-0.437,70.846,-0.739,-119.294,1.000,0.000,-0.933,3.131,0.000,0.862,1.000,0.000,0.000,1.000,0.000,0.000,1.000,0.000,0.000,1.000,0.000
2025-07-09 15:14:12.065073,3596,126.62336150,45.80102070,-116.234,3.788,39.663,-0.443,70.761,-0.751,-119.280,1.000,0.000,-1.097,3.154,0.000,0.864,1.000,0.000,0.000,1.000,0.000,0.000,1.000,0.000,0.000,1.000,0.000
2025-07-09 15:14:12.175261,2666,126.62336060,45.80102040,-115.814,3.752,39.630,-0.456,70.691,-0.749,-119.277,1.000,0.000,-1.287,3.178,0.000,0.869,1.000,0.000,0.000,1.000,0.000,0.000,1.000,0.000,0.000,1.000,0.000
2025-07-09 15:14:12.285278,1536,126.62335950,45.80102010,-115.317,3.841,39.597,-0.467,70.605,-0.732,-119.272,1.000,0.000,-1.469,3.200,0.000,0.872,1.000,0.000,0.000,1.000,0.000,0.000,1.000,0.000,0.000,1.000,0.000
2025-07-09 15:14:12.395363,596,126.62335860,45.80101970,-114.879,3.909,39.552,-0.517,70.536,-0.742,-119.275,1.000,0.000,-1.688,3.222,0.000,0.883,0.667,0.000,0.000,1.000,0.000,0.000,1.000,0.000,0.000,1.000,0.000
2025-07-09 15:14:12.505490,9456,126.62335750,45.80101930,-114.359,3.994,39.508,-0.531,70.450,-0.717,-119.284,1.000,0.000,-1.887,3.242,0.000,0.888,0.667,0.000,0.000,1.000,0.000,0.000,1.000,0.000,0.000,1.000,0.000
2025-07-09 15:14:12.615591,8516,126.62335660,45.80101900,-113.858,4.109,39.474,-0.462,70.381,-0.734,-119.281,1.000,0.000,-2.130,3.261,0.000,0.888,0.667,0.000,0.000,1.000,0.000,0.000,1.000,0.000,0.000,1.000,0.000
2025-07-09 15:14:12.725709,7486,126.62335560,45.80101860,-113.221,4.296,39.430,-0.444,70.303,-0.774,-119.283,1.000,0.000,-2.365,3.280,0.000,0.884,0.667,0.000,0.000,1.000,0.000,0.000,1.000,0.000,0.000,1.000,0.000
2025-07-09 15:14:12.835808,6546,126.62335470,45.80101820,-112.623,4.473,39.385,-0.435,70.233,-0.773,-119.287,1.000,0.000,-2.676,3.300,0.000,0.882,0.667,0.000,0.000,1.000,0.000,0.000,1.000,0.000,0.000,1.000,0.000
2025-07-09 15:14:12.945950,5496,126.62335370,45.80101780,-111.952,4.654,39.341,-0.439,70.156,-0.770,-119.286,1.000,0.000,-2.980,3.321,0.000,0.889,0.722,0.000,0.000,1.000,0.000,0.000,1.000,0.000,0.000,1.000,0.000
2025-07-09 15:14:13.056019,4566,126.62335280,45.80101740,-111.591,4.630,39.296,-0.464,70.086,-0.793,-119.283,1.000,0.000,-3.333,3.340,0.000,0.897,0.722,0.000,0.000,1.000,0.000,0.000,1.000,0.000,0.000,1.000,0.000
2025-07-09 15:14:13.166121,3329,126.62335160,45.80101700,-111.021,4.731,39.252,-0.446,69.993,-0.799,-119.282,1.000,0.000,-3.531,3.357,0.000,0.907,0.722,0.000,0.000,1.000,0.000,0.000,1.000,0.000,0.000,1.000,0.000
2025-07-09 15:14:13.276244,1979,126.62335030,45.80101650,-110.527,4.802,39.196,-0.458,69.892,-0.785,-119.279,1.000,0.000,-3.856,3.373,0.000,0.914,0.722,0.000,0.000,1.000,0.000,0.000,1.000,0.000,0.000,1.000,0.000
2025-07-09 15:14:13.386334,839,126.62334920,45.80101610,-110.141,4.701,39.152,-0.420,69.807,-0.871,-119.284,1.000,0.000,-4.152,3.388,0.000,0.930,0.722,0.000,0.000,1.000,0.000,0.000,1.000,0.000,0.000,1.000,0.000
2025-07-09 15:14:13.496435,9589,126.62334800,45.80101560,-109.727,4.679,39.096,-0.414,69.714,-0.868,-119.284,1.000,0.000,-4.399,3.400,0.000,0.946,-1.945,0.000,0.000,1.000,0.000,0.000,1.000,0.000,0.000,1.000,0.000
2025-07-09 15:14:13.606540,8449,126.62334690,45.80101520,-109.387,4.515,39.052,-0.397,69.629,-0.873,-119.286,1.000,0.000,-4.673,3.409,0.000,0.963,-1.945,0.000,0.000,1.000,0.000,0.000,1.000,0.000,0.000,1.000,0.000
2025-07-09 15:14:13.716638,7199,126.62334570,45.80101470,-109.055,4.362,38.996,-0.419,69.536,-0.909,-119.284,1.000,0.000,-4.911,3.416,0.000,0.974,-1.945,0.000,0.000,1.000,0.000,0.000,1.000,0.000,0.000,1.000,0.000
2025-07-09 15:14:13.826748,6059,126.62334460,45.80101430,-108.804,4.011,38.952,-0.427,69.450,-0.901,-119.286,1.000,0.000,-5.153,3.420,0.000,0.986,-1.945,0.000,0.000,1.000,0.000,0.000,1.000,0.000,0.000,1.000,0.000
2025-07-09 15:14:13.936864,4719,126.62334330,45.80101390,-108.507,3.737,38.907,-0.432,69.350,-0.896,-119.284,1.000,0.000,-5.348,3.423,0.000,0.998,-1.722,0.000,0.000,1.000,0.000,0.000,1.000,0.000,0.000,1.000,0.000
2025-07-09 15:14:14.046961,3669,126.62334230,45.80101340,-108.242,3.368,38.852,-0.437,69.272,-0.899,-119.286,1.000,0.000,-5.583,3.423,0.000,0.997,-1.722,0.000,0.000,1.000,0.000,0.000,1.000,0.000,0.000,1.000,0.000
2025-07-09 15:14:14.157071,2039,126.62334070,45.80101310,-107.952,3.304,38.818,-0.388,69.148,-0.925,-119.294,1.000,0.000,-5.806,3.423,0.000,0.999,-1.722,0.000,0.000,1.000,0.000,0.000,1.000,0.000,0.000,1.000,0.000
2025-07-09 15:14:14.267231,582,126.62333930,45.80101280,-107.733,2.987,38.785,-0.387,69.040,-0.922,-119.286,1.000,0.000,-6.063,3.424,0.000,1.001,-1.722,0.000,0.000,1.000,0.000,0.000,1.000,0.000,0.000,1.000,0.000
2025-07-09 15:14:14.377279,8943,126.62333770,45.80101240,-107.545,2.709,38.740,-0.413,68.916,-0.942,-119.309,1.000,0.000,-6.269,3.423,0.000,1.011,-1.722,0.000,0.000,1.000,0.000,0.000,1.000,0.000,0.000,1.000,0.000
2025-07-09 15:14:14.487375,7613,126.62333640,45.80101210,-107.471,2.425,38.707,-0.429,68.815,-0.947,-119.326,1.000,0.000,-6.468,3.422,0.000,1.023,-4.445,0.000,0.000,1.000,0.000,0.000,1.000,0.000,0.000,1.000,0.000
2025-07-09 15:14:14.597481,5963,126.62333480,45.80101160,-107.487,2.035,38.651,-0.396,68.691,-0.999,-119.342,1.000,0.000,-6.574,3.418,0.000,1.048,-4.445,0.000,0.000,1.000,0.000,0.000,1.000,0.000,0.000,1.000,0.000
2025-07-09 15:14:14.707582,4633,126.62333350,45.80101130,-107.534,1.683,38.618,-0.399,68.590,-1.005,-119.357,1.000,0.000,-6.594,3.410,0.000,1.065,-4.445,0.000,0.000,1.000,0.000,0.000,1.000,0.000,0.000,1.000,0.000
2025-07-09 15:14:14.817690,2993,126.62333190,45.80101090,-107.445,1.462,38.574,-0.331,68.466,-0.995,-119.366,1.000,0.000,-6.575,3.398,0.000,1.068,-4.445,0.000,0.000,1.000,0.000,0.000,1.000,0.000,0.000,1.000,0.000
2025-07-09 15:14:14.927798,1643,126.62333060,45.80101050,-107.257,1.405,38.529,-0.328,68.365,-0.995,-119.381,1.000,0.000,-6.666,3.387,0.000,1.059,5.944,0.000,0.000,1.000,0.000,0.000,1.000,0.000,0.000,1.000,0.000
2025-07-09 15:14:15.038002,13,126.62332900,45.80101010,-107.213,1.175,38.485,-0.328,68.241,-0.987,-119.397,1.000,0.000,-6.860,3.377,0.000,1.045,5.944,0.000,0.000,1.000,0.000,0.000,1.000,0.000,0.000,1.000,0.000
2025-07-09 15:14:15.148011,8484,126.62332750,45.80100980,-106.972,1.153,38.451,-0.331,68.125,-0.953,-119.405,1.000,0.000,-6.939,3.369,0.000,1.032,5.944,0.000,0.000,1.000,0.000,0.000,1.000,0.000,0.000,1.000,0.000
2025-07-09 15:14:15.258119,7064,126.62332610,45.80100960,-106.715,1.121,38.429,-0.318,68.016,-0.954,-119.421,1.000,0.000,-7.197,3.363,0.000,1.018,5.944,0.000,0.000,1.000,0.000,0.000,1.000,0.000,0.000,1.000,0.000
2025-07-09 15:14:15.368206,5524,126.62332460,45.80100930,-106.375,1.232,38.396,-0.337,67.900,-0.958,-119.441,1.000,0.000,-7.504,3.360,0.000,1.010,5.944,0.000,0.000,1.000,0.000,0.000,1.000,0.000,0.000,1.000,0.000
2025-07-09 15:14:15.478325,4214,126.62332330,45.80100910,-106.215,1.207,38.373,-0.353,67.799,-0.978,-119.466,1.000,0.000,-7.934,3.358,0.000,1.020,6.389,0.000,0.000,1.000,0.000,0.000,1.000,0.000,0.000,1.000,0.000
2025-07-09 15:14:15.588439,2574,126.62332170,45.80100870,-106.166,1.184,38.329,-0.348,67.675,-0.937,-119.487,1.000,0.000,-8.221,3.355,0.000,1.018,6.389,0.000,0.000,1.000,0.000,0.000,1.000,0.000,0.000,1.000,0.000
2025-07-09 15:14:15.698571,1145,126.62332030,45.80100840,-106.211,1.158,38.296,-0.356,67.567,-0.938,-119.509,1.000,0.000,-8.385,3.352,0.000,1.014,6.389,0.000,0.000,1.000,0.000,0.000,1.000,0.000,0.000,1.000,0.000
2025-07-09 15:14:15.808639,9615,126.62331880,45.80100810,-106.337,1.086,38.262,-0.348,67.450,-0.999,-119.526,1.000,0.000,-8.423,3.349,0.000,1.020,6.389,0.000,0.000,1.000,0.000,0.000,1.000,0.000,0.000,1.000,0.000
2025-07-09 15:14:15.918741,8185,126.62331740,45.80100780,-106.522,0.837,38.229,-0.348,67.342,-1.001,-119.544,1.000,0.000,-8.335,3.346,0.000,1.040,-7.778,0.000,0.000,1.000,0.000,0.000,1.000,0.000,0.000,1.000,0.000
2025-07-09 15:14:16.028865,6645,126.62331590,45.80100740,-106.791,0.422,38.184,-0.354,67.226,-1.002,-119.565,1.000,0.000,-8.147,3.339,0.000,1.060,-7.778,0.000,0.000,1.000,0.000,0.000,1.000,0.000,0.000,1.000,0.000
2025-07-09 15:14:16.138959,5215,126.62331450,45.80100710,-107.054,0.142,38.151,-0.309,67.117,-1.027,-119.583,1.000,0.000,-7.844,3.329,0.000,1.065,-7.778,0.000,0.000,1.000,0.000,0.000,1.000,0.000,0.000,1.000,0.000
2025-07-09 15:14:16.249061,3685,126.62331300,45.80100680,-107.348,-0.344,38.118,-0.303,67.001,-1.036,-119.597,1.000,0.000,-7.531,3.318,0.000,1.072,-7.778,0.000,0.000,1.000,0.000,0.000,1.000,0.000,0.000,1.000,0.000
2025-07-09 15:14:16.359242,2266,126.62331160,45.80100660,-107.611,-0.812,38.095,-0.290,66.892,-1.021,-119.615,1.000,0.000,-7.186,3.305,0.000,1.071,-7.778,0.000,0.000,1.000,0.000,0.000,1.000,0.000,0.000,1.000,0.000
2025-07-09 15:14:16.479270,626,126.62331000,45.80100620,-107.976,-1.426,38.051,-0.290,66.768,-1.024,-119.636,1.000,0.000,-6.884,3.293,0.000,1.068,-7.556,0.000,0.000,1.000,0.000,0.000,1.000,0.000,0.000,1.000,0.000
2025-07-09 15:14:16.599363,9096,126.62330850,45.80100590,-108.378,-1.906,38.018,-0.272,66.652,-1.023,-119.662,1.000,0.000,-6.510,3.281,0.000,1.061,-7.556,0.000,0.000,1.000,0.000,0.000,1.000,0.000,0.000,1.000,0.000
2025-07-09 15:14:16.719497,7466,126.62330690,45.80100560,-108.623,-2.155,37.984,-0.255,66.528,-1.007,-119.679,1.000,0.000,-6.128,3.271,0.000,1.054,-7.556,0.000,0.000,1.000,0.000,0.000,1.000,0.000,0.000,1.000,0.000
2025-07-09 15:14:16.839601,5937,126.62330540,45.80100530,-108.785,-2.249,37.951,-0.296,66.412,-1.055,-119.700,1.000,0.000,-5.894,3.262,0.000,1.064,-7.556,0.000,0.000,1.000,0.000,0.000,1.000,0.000,0.000,1.000,0.000
2025-07-09 15:14:16.959727,4107,126.62330360,45.80100500,-108.988,-2.304,37.917,-0.309,66.272,-1.095,-119.724,1.000,0.000,-5.749,3.251,0.000,1.091,3.611,0.000,0.000,1.000,0.000,0.000,1.000,0.000,0.000,1.000,0.000
2025-07-09 15:14:17.079851,2480,126.62330200,45.80100470,-109.078,-2.210,37.884,-0.341,66.148,-1.018,-119.746,1.000,0.000,-5.590,3.235,0.000,1.102,3.611,0.000,0.000,1.000,0.000,0.000,1.000,0.000,0.000,1.000,0.000
2025-07-09 15:14:17.200020,937,126.62330050,45.80100440,-109.411,-2.243,37.851,-0.297,66.032,-1.001,-119.776,1.000,0.000,-5.523,3.217,0.000,1.085,3.611,0.000,0.000,1.000,0.000,0.000,1.000,0.000,0.000,1.000,0.000
2025-07-09 15:14:17.320149,9308,126.62329890,45.80100400,-109.824,-2.346,37.806,-0.299,65.908,-1.009,-119.800,1.000,0.000,-5.286,3.203,0.000,1.057,3.611,0.000,0.000,1.000,0.000,0.000,1.000,0.000,0.000,1.000,0.000
2025-07-09 15:14:17.440184,7568,126.62329720,45.80100360,-110.358,-2.523,37.762,-0.311,65.776,-0.965,-119.822,1.000,0.000,-4.995,3.193,0.000,1.037,-7.500,0.000,0.000,1.000,0.000,0.000,1.000,0.000,0.000,1.000,0.000
2025-07-09 15:14:17.560320,6038,126.62329570,45.80100330,-110.820,-2.671,37.728,-0.321,65.660,-0.973,-119.840,1.000,0.000,-4.632,3.187,0.000,1.030,-7.500,0.000,0.000,1.000,0.000,0.000,1.000,0.000,0.000,1.000,0.000
2025-07-09 15:14:17.670404,4408,126.62329410,45.80100300,-111.228,-2.738,37.695,-0.315,65.536,-0.982,-119.860,1.000,0.000,-4.332,3.182,0.000,1.023,-7.500,0.000,0.000,1.000,0.000,0.000,1.000,0.000,0.000,1.000,0.000
2025-07-09 15:14:17.780508,3078,126.62329280,45.80100270,-111.542,-2.689,37.662,-0.317,65.435,-0.940,-119.882,1.000,0.000,-4.084,3.178,0.000,1.016,-7.500,0.000,0.000,1.000,0.000,0.000,1.000,0.000,0.000,1.000,0.000
2025-07-09 15:14:17.890698,1549,126.62329130,45.80100240,-111.880,-2.792,37.628,-0.312,65.319,-0.947,-119.907,1.000,0.000,-3.904,3.175,0.000,1.007,-3.389,0.000,0.000,1.000,0.000,0.000,1.000,0.000,0.000,1.000,0.000
2025-07-09 15:14:18.000795,9946,126.62328970,45.80100210,-112.257,-2.999,37.595,-0.303,65.195,-0.955,-119.923,1.000,0.000,-3.719,3.174,0.000,0.997,-3.389,0.000,0.000,1.000,0.000,0.000,1.000,0.000,0.000,1.000,0.000
2025-07-09 15:14:18.110830,8716,126.62328850,45.80100180,-112.658,-3.195,37.562,-0.310,65.102,-0.935,-119.945,1.000,0.000,-3.514,3.174,0.000,0.995,-3.389,0.000,0.000,1.000,0.000,0.000,1.000,0.000,0.000,1.000,0.000
2025-07-09 15:14:18.220934,7359,126.62328720,45.80100150,-113.187,-3.601,37.528,-0.326,65.001,-0.960,-119.970,1.000,0.000,-3.304,3.175,0.000,1.000,-3.389,0.000,0.000,1.000,0.000,0.000,1.000,0.000,0.000,1.000,0.000
2025-07-09 15:14:18.331026,6139,126.62328600,45.80100130,-113.679,-3.770,37.506,-0.327,64.908,-1.011,-119.984,1.000,0.000,-3.035,3.175,0.000,1.020,-3.389,0.000,0.000,1.000,0.000,0.000,1.000,0.000,0.000,1.000,0.000
2025-07-09 15:14:18.441140,4800,126.62328470,45.80100100,-114.231,-3.926,37.473,-0.314,64.807,-1.008,-120.000,1.000,0.000,-2.792,3.172,0.000,1.044,-3.333,0.000,0.000,1.000,0.000,0.000,1.000,0.000,0.000,1.000,0.000
2025-07-09 15:14:18.551317,3570,126.62328350,45.80100070,-114.710,-3.917,37.439,-0.347,64.714,-0.986,-120.021,1.000,0.000,-2.526,3.164,0.000,1.055,-3.333,0.000,0.000,1.000,0.000,0.000,1.000,0.000,0.000,1.000,0.000
2025-07-09 15:14:18.661340,2140,126.62328210,45.80100040,-115.266,-4.037,37.406,-0.337,64.605,-0.987,-120.037,1.000,0.000,-2.306,3.155,0.000,1.048,-3.333,0.000,0.000,1.000,0.000,0.000,1.000,0.000,0.000,1.000,0.000
2025-07-09 15:14:18.771450,920,126.62328090,45.80100020,-115.760,-4.115,37.384,-0.374,64.512,-0.955,-120.051,1.000,0.000,-2.054,3.147,0.000,1.038,-3.333,0.000,0.000,1.000,0.000,0.000,1.000,0.000,0.000,1.000,0.000
2025-07-09 15:14:18.881565,9490,126.62327950,45.80099990,-116.302,-4.323,37.350,-0.357,64.404,-0.952,-120.070,1.000,0.000,-1.835,3.140,0.000,1.028,-3.333,0.000,0.000,1.000,0.000,0.000,1.000,0.000,0.000,1.000,0.000
2025-07-09 15:14:18.991663,8270,126.62327830,45.80099970,-116.747,-4.420,37.328,-0.345,64.311,-0.946,-120.091,1.000,0.000,-1.601,3.135,0.000,1.016,-3.333,0.000,0.000,1.000,0.000,0.000,1.000,0.000,0.000,1.000,0.000
2025-07-09 15:14:19.101846,6831,126.62327690,45.80099930,-117.048,-4.351,37.284,-0.358,64.202,-0.984,-120.111,1.000,0.000,-1.415,3.132,0.000,1.024,-3.333,0.000,0.000,1.000,0.000,0.000,1.000,0.000,0.000,1.000,0.000
2025-07-09 15:14:19.211876,5491,126.62327560,45.80099890,-117.482,-4.381,37.239,-0.418,64.102,-1.004,-120.132,1.000,0.000,-1.293,3.128,0.000,1.047,-3.333,0.000,0.000,1.000,0.000,0.000,1.000,0.000,0.000,1.000,0.000
2025-07-09 15:14:19.321981,3951,126.62327410,45.80099850,-118.003,-4.374,37.195,-0.384,63.985,-0.991,-120.145,1.000,0.000,-1.114,3.120,0.000,1.066,-3.333,0.000,0.000,1.000,0.000,0.000,1.000,0.000,0.000,1.000,0.000
2025-07-09 15:14:19.432076,2511,126.62327270,45.80099810,-118.442,-4.325,37.150,-0.372,63.877,-1.001,-120.154,1.000,0.000,-0.897,3.109,0.000,1.073,-3.333,0.000,0.000,1.000,0.000,0.000,1.000,0.000,0.000,1.000,0.000
2025-07-09 15:14:19.542189,971,126.62327120,45.80099770,-118.886,-4.228,37.106,-0.413,63.760,-0.997,-120.169,1.000,0.000,-0.716,3.096,0.000,1.070,-3.333,0.000,0.000,1.000,0.000,0.000,1.000,0.000,0.000,1.000,0.000
2025-07-09 15:14:19.652371,9531,126.62326980,45.80099730,-119.267,-4.139,37.061,-0.406,63.652,-0.999,-120.182,1.000,0.000,-0.535,3.084,0.000,1.075,-3.333,0.000,0.000,1.000,0.000,0.000,1.000,0.000,0.000,1.000,0.000
2025-07-09 15:14:19.762398,7991,126.62326830,45.80099690,-119.739,-4.063,37.017,-0.397,63.536,-0.945,-120.198,1.000,0.000,-0.382,3.072,0.000,1.061,-3.333,0.000,0.000,1.000,0.000,0.000,1.000,0.000,0.000,1.000,0.000
2025-07-09 15:14:19.872498,6662,126.62326700,45.80099660,-120.170,-4.005,36.983,-0.400,63.435,-0.950,-120.210,1.000,0.000,-0.191,3.061,0.000,1.045,-3.333,0.000,0.000,1.000,0.000,0.000,1.000,0.000,0.000,1.000,0.000
2025-07-09 15:14:19.982996,5022,126.62326540,45.80099620,-120.689,-3.985,36.939,-0.385,63.311,-0.964,-120.243,1.000,0.000,-0.017,3.053,0.000,1.031,-3.333,0.000,0.000,1.000,0.000,0.000,1.000,0.000,0.000,1.000,0.000
2025-07-09 15:14:20.092841,3472,126.62326390,45.80099570,-121.181,-4.027,36.883,-0.378,63.195,-0.974,-120.243,1.000,0.000,0.186,3.048,-0.000,1.038,-3.333,0.000,0.000,1.000,0.000,0.000,1.000,0.000,0.000,1.000,0.000
2025-07-09 15:14:20.202994,2222,126.62326270,45.80099530,-121.554,-4.093,36.839,-0.464,63.102,-0.935,-120.262,1.000,0.000,0.391,3.042,0.000,1.042,-3.333,0.000,0.000,1.000,0.000,0.000,1.000,0.000,0.000,1.000,0.000
2025-07-09 15:14:20.313019,792,126.62326130,45.80099490,-121.970,-4.076,36.794,-0.464,62.993,-0.908,-120.270,1.000,0.000,0.540,3.034,0.000,1.036,-3.333,0.000,0.000,1.000,0.000,0.000,1.000,0.000,0.000,1.000,0.000
2025-07-09 15:14:20.423130,9552,126.62326010,45.80099450,-122.389,-3.980,36.750,-0.475,62.900,-0.920,-120.277,1.000,0.000,0.711,3.028,0.000,1.033,-2.778,0.000,0.000,1.000,0.000,0.000,1.000,0.000,0.000,1.000,0.000
2025-07-09 15:14:20.533331,8002,126.62325860,45.80099400,-122.871,-4.019,36.694,-0.467,62.784,-0.891,-120.289,1.000,0.000,0.886,3.023,0.000,1.020,-2.778,0.000,0.000,1.000,0.000,0.000,1.000,0.000,0.000,1.000,0.000
2025-07-09 15:14:20.643346,6762,126.62325740,45.80099360,-123.226,-3.942,36.650,-0.449,62.691,-0.889,-120.296,1.000,0.000,1.087,3.019,0.000,1.012,-2.778,0.000,0.000,1.000,0.000,0.000,1.000,0.000,0.000,1.000,0.000
2025-07-09 15:14:20.753532,5340,126.62325600,45.80099310,-123.542,-3.883,36.594,-0.451,62.582,-0.833,-120.304,1.000,0.000,1.237,3.017,0.000,0.983,-2.778,0.000,0.000,1.000,0.000,0.000,1.000,0.000,0.000,1.000,0.000
2025-07-09 15:14:20.863556,4110,126.62325480,45.80099280,-123.774,-3.665,36.561,-0.439,62.489,-0.825,-120.311,1.000,0.000,1.371,3.020,0.000,0.959,-2.778,0.000,0.000,1.000,0.000,0.000,1.000,0.000,0.000,1.000,0.000
2025-07-09 15:14:20.973667,2760,126.62325350,45.80099230,-124.037,-3.512,36.505,-0.442,62.388,-0.820,-120.317,1.000,0.000,1.469,3.027,0.000,0.938,1.333,0.000,0.000,1.000,0.000,0.000,1.000,0.000,0.000,1.000,0.000
2025-07-09 15:14:21.083938,1520,126.62325230,45.80099190,-124.346,-3.321,36.461,-0.521,62.295,-0.862,-120.331,1.000,0.000,1.583,3.037,0.000,0.958,1.333,0.000,0.000,1.000,0.000,0.000,1.000,0.000,0.000,1.000,0.000
2025-07-09 15:14:21.193877,360,126.62325120,45.80099130,-124.656,-3.156,36.394,-0.454,62.210,-0.846,-120.333,1.000,0.000,1.715,3.045,0.000,0.966,1.333,0.000,0.000,1.000,0.000,0.000,1.000,0.000,0.000,1.000,0.000
2025-07-09 15:14:21.304043,9300,126.62325020,45.80099070,-124.889,-3.028,36.327,-0.453,62.133,-0.857,-120.340,1.000,0.000,1.853,3.051,0.000,0.979,1.333,0.000,0.000,1.000,0.000,0.000,1.000,0.000,0.000,1.000,0.000
2025-07-09 15:14:21.414081,8040,126.62324900,45.80099010,-125.103,-2.845,36.261,-0.505,62.039,-0.867,-120.328,1.000,0.000,1.956,3.054,0.000,0.978,1.555,0.000,0.000,1.000,0.000,0.000,1.000,0.000,0.000,1.000,0.000
2025-07-09 15:14:21.524185,6890,126.62324790,45.80098960,-125.251,-2.601,36.205,-0.487,61.954,-0.819,-120.314,1.000,0.000,2.060,3.058,0.000,0.975,1.555,0.000,0.000,1.000,0.000,0.000,1.000,0.000,0.000,1.000,0.000
2025-07-09 15:14:21.634374,5640,126.62324670,45.80098910,-125.369,-2.270,36.149,-0.473,61.861,-0.818,-120.305,1.000,0.000,2.135,3.062,0.000,0.967,1.555,0.000,0.000,1.000,0.000,0.000,1.000,0.000,0.000,1.000,0.000
2025-07-09 15:14:21.744382,4580,126.62324570,45.80098860,-125.425,-1.998,36.094,-0.521,61.784,-0.791,-120.301,1.000,0.000,2.194,3.068,0.000,0.948,1.555,0.000,0.000,1.000,0.000,0.000,1.000,0.000,0.000,1.000,0.000
2025-07-09 15:14:21.854570,3340,126.62324450,45.80098810,-125.429,-1.714,36.038,-0.509,61.691,-0.785,-120.300,1.000,0.000,2.222,3.077,0.000,0.943,1.555,0.000,0.000,1.000,0.000,0.000,1.000,0.000,0.000,1.000,0.000
2025-07-09 15:14:21.964595,2189,126.62324340,45.80098760,-125.365,-1.445,35.983,-0.500,61.605,-0.780,-120.293,1.000,0.000,2.224,3.087,0.000,0.936,1.500,0.000,0.000,1.000,0.000,0.000,1.000,0.000,0.000,1.000,0.000
2025-07-09 15:14:22.074711,1039,126.62324230,45.80098710,-125.271,-1.121,35.927,-0.492,61.520,-0.768,-120.293,1.000,0.000,2.197,3.097,0.000,0.925,1.500,0.000,0.000,1.000,0.000,0.000,1.000,0.000,0.000,1.000,0.000
2025-07-09 15:14:22.184898,9879,126.62324120,45.80098650,-125.205,-0.780,35.860,-0.532,61.435,-0.766,-120.288,1.000,0.000,2.153,3.110,0.000,0.924,1.500,0.000,0.000,1.000,0.000,0.000,1.000,0.000,0.000,1.000,0.000
2025-07-09 15:14:22.294922,9039,126.62324040,45.80098610,-125.128,-0.428,35.816,-0.526,61.373,-0.757,-120.284,1.000,0.000,2.125,3.123,0.000,0.922,1.500,0.000,0.000,1.000,0.000,0.000,1.000,0.000,0.000,1.000,0.000
2025-07-09 15:14:22.405108,7879,126.62323930,45.80098550,-125.033,-0.130,35.749,-0.521,61.288,-0.745,-120.273,1.000,0.000,2.091,3.137,0.000,0.921,1.222,0.000,0.000,1.000,0.000,0.000,1.000,0.000,0.000,1.000,0.000
2025-07-09 15:14:22.515147,6939,126.62323840,45.80098510,-124.984,0.109,35.705,-0.530,61.218,-0.732,-120.267,1.000,0.000,2.052,3.150,0.000,0.912,1.222,0.000,0.000,1.000,0.000,0.000,1.000,0.000,0.000,1.000,0.000
2025-07-09 15:14:22.625239,5879,126.62323740,45.80098450,-124.964,0.260,35.638,-0.499,61.140,-0.786,-120.255,1.000,0.000,2.032,3.165,0.000,0.915,1.222,0.000,0.000,1.000,0.000,0.000,1.000,0.000,0.000,1.000,0.000
2025-07-09 15:14:22.735417,4929,126.62323650,45.80098400,-124.955,0.376,35.582,-0.510,61.070,-0.806,-120.252,1.000,0.000,2.028,3.180,0.000,0.930,1.222,0.000,0.000,1.000,0.000,0.000,1.000,0.000,0.000,1.000,0.000
2025-07-09 15:14:22.845444,3779,126.62323540,45.80098350,-124.923,0.456,35.527,-0.498,60.985,-0.799,-120.237,1.000,0.000,2.026,3.192,0.000,0.942,1.222,0.000,0.000,1.000,0.000,0.000,1.000,0.000,0.000,1.000,0.000
2025-07-09 15:14:22.955636,2829,126.62323450,45.80098300,-124.845,0.530,35.471,-0.486,60.915,-0.789,-120.227,1.000,0.000,2.018,3.202,0.000,0.941,1.555,0.000,0.000,1.000,0.000,0.000,1.000,0.000,0.000,1.000,0.000
2025-07-09 15:14:23.065689,1679,126.62323340,45.80098250,-124.778,0.533,35.416,-0.560,60.830,-0.800,-120.223,1.000,0.000,1.986,3.212,0.000,0.948,1.555,0.000,0.000,1.000,0.000,0.000,1.000,0.000,0.000,1.000,0.000
2025-07-09 15:14:23.175924,609,126.62323240,45.80098190,-124.698,0.520,35.349,-0.564,60.753,-0.816,-120.212,1.000,0.000,1.958,3.221,0.000,0.965,1.555,0.000,0.000,1.000,0.000,0.000,1.000,0.000,0.000,1.000,0.000
2025-07-09 15:14:23.285950,9349,126.62323120,45.80098130,-124.591,0.557,35.282,-0.563,60.660,-0.806,-120.208,1.000,0.000,1.926,3.227,0.000,0.984,1.555,0.000,0.000,1.000,0.000,0.000,1.000,0.000,0.000,1.000,0.000
2025-07-09 15:14:23.396035,8208,126.62323010,45.80098080,-124.478,0.590,35.227,-0.562,60.574,-0.835,-120.193,1.000,0.000,1.879,3.230,0.000,0.994,1.778,0.000,0.000,1.000,0.000,0.000,1.000,0.000,0.000,1.000,0.000
2025-07-09 15:14:23.506154,6801,126.62322880,45.80098010,-124.370,0.602,35.149,-0.573,60.474,-0.848,-120.184,1.000,0.000,1.834,3.231,0.000,1.004,1.778,0.000,0.000,1.000,0.000,0.000,1.000,0.000,0.000,1.000,0.000
2025-07-09 15:14:23.616173,5661,126.62322770,45.80097960,-124.310,0.612,35.093,-0.599,60.388,-0.847,-120.180,1.000,0.000,1.790,3.230,0.000,1.022,1.778,0.000,0.000,1.000,0.000,0.000,1.000,0.000,0.000,1.000,0.000
2025-07-09 15:14:23.726281,4301,126.62322640,45.80097900,-124.240,0.657,35.026,-0.516,60.288,-0.820,-120.166,1.000,0.000,1.765,3.226,0.000,1.010,1.778,0.000,0.000,1.000,0.000,0.000,1.000,0.000,0.000,1.000,0.000
2025-07-09 15:14:23.836469,3168,126.62322530,45.80097840,-124.142,0.738,34.960,-0.501,60.202,-0.817,-120.162,1.000,0.000,1.740,3.225,0.000,0.988,1.778,0.000,0.000,1.000,0.000,0.000,1.000,0.000,0.000,1.000,0.000
2025-07-09 15:14:23.946527,1908,126.62322410,45.80097780,-123.979,0.857,34.893,-0.491,60.109,-0.810,-120.156,1.000,0.000,1.698,3.227,0.000,0.958,1.778,0.000,0.000,1.000,0.000,0.000,1.000,0.000,0.000,1.000,0.000
2025-07-09 15:14:24.056595,758,126.62322300,45.80097730,-123.798,0.951,34.837,-0.583,60.024,-0.808,-120.144,1.000,0.000,1.627,3.234,0.000,0.967,1.778,0.000,0.000,1.000,0.000,0.000,1.000,0.000,0.000,1.000,0.000
2025-07-09 15:14:24.166705,9498,126.62322180,45.80097670,-123.571,1.096,34.771,-0.576,59.931,-0.764,-120.135,1.000,0.000,1.552,3.239,0.000,0.967,1.778,0.000,0.000,1.000,0.000,0.000,1.000,0.000,0.000,1.000,0.000
2025-07-09 15:14:24.276819,8238,126.62322060,45.80097610,-123.343,1.231,34.704,-0.594,59.838,-0.752,-120.130,1.000,0.000,1.456,3.245,0.000,0.970,1.778,0.000,0.000,1.000,0.000,0.000,1.000,0.000,0.000,1.000,0.000
2025-07-09 15:14:24.387006,7178,126.62321960,45.80097550,-123.110,1.345,34.637,-0.531,59.760,-0.826,-120.121,1.000,0.000,1.359,3.250,0.000,0.966,0.944,0.000,0.000,1.000,0.000,0.000,1.000,0.000,0.000,1.000,0.000
2025-07-09 15:14:24.497111,5918,126.62321840,45.80097490,-122.739,1.577,34.571,-0.514,59.667,-0.816,-120.112,1.000,0.000,1.261,3.256,0.000,0.968,0.944,0.000,0.000,1.000,0.000,0.000,1.000,0.000,0.000,1.000,0.000
2025-07-09 15:14:24.607119,4757,126.62321730,45.80097430,-122.337,1.845,34.504,-0.527,59.582,-0.789,-120.097,1.000,0.000,1.105,3.262,0.000,0.965,0.944,0.000,0.000,1.000,0.000,0.000,1.000,0.000,0.000,1.000,0.000
2025-07-09 15:14:24.717236,3597,126.62321620,45.80097370,-121.909,2.180,34.437,-0.544,59.497,-0.778,-120.087,1.000,0.000,0.939,3.268,0.000,0.954,0.944,0.000,0.000,1.000,0.000,0.000,1.000,0.000,0.000,1.000,0.000
2025-07-09 15:14:24.827324,2547,126.62321520,45.80097320,-121.631,2.369,34.381,-0.561,59.419,-0.773,-120.075,1.000,0.000,0.762,3.275,0.000,0.951,0.944,0.000,0.000,1.000,0.000,0.000,1.000,0.000,0.000,1.000,0.000
2025-07-09 15:14:24.937445,1287,126.62321400,45.80097260,-121.378,2.510,34.315,-0.570,59.326,-0.771,-120.062,1.000,0.000,0.650,3.284,0.000,0.954,0.722,0.000,0.000,1.000,0.000,0.000,1.000,0.000,0.000,1.000,0.000
2025-07-09 15:14:25.047599,237,126.62321300,45.80097210,-121.082,2.631,34.259,-0.576,59.249,-0.772,-120.055,1.000,0.000,0.550,3.292,0.000,0.959,0.722,0.000,0.000,1.000,0.000,0.000,1.000,0.000,0.000,1.000,0.000
2025-07-09 15:14:25.157656,8977,126.62321180,45.80097150,-120.831,2.694,34.192,-0.585,59.156,-0.820,-120.045,1.000,0.000,0.428,3.299,0.000,0.976,0.722,0.000,0.000,1.000,0.000,0.000,1.000,0.000,0.000,1.000,0.000
2025-07-09 15:14:25.267957,7837,126.62321070,45.80097110,-120.586,2.711,34.148,-0.579,59.070,-0.802,-120.028,1.000,0.000,0.328,3.303,0.000,0.987,0.722,0.000,0.000,1.000,0.000,0.000,1.000,0.000,0.000,1.000,0.000
2025-07-09 15:14:25.377853,6487,126.62320940,45.80097060,-120.278,2.783,34.092,-0.547,58.970,-0.816,-120.028,1.000,0.000,0.233,3.305,0.000,0.993,0.722,0.000,0.000,1.000,0.000,0.000,1.000,0.000,0.000,1.000,0.000
2025-07-09 15:14:25.488070,5437,126.62320840,45.80097010,-119.951,2.869,34.037,-0.548,58.892,-0.797,-120.032,1.000,0.000,0.104,3.306,0.000,0.980,-0.611,0.000,0.000,1.000,0.000,0.000,1.000,0.000,0.000,1.000,0.000
2025-07-09 15:14:25.598152,4187,126.62320720,45.80096960,-119.530,2.914,33.981,-0.525,58.799,-0.830,-120.034,1.000,0.000,-0.034,3.310,0.000,0.977,-0.611,0.000,0.000,1.000,0.000,0.000,1.000,0.000,0.000,1.000,0.000
2025-07-09 15:14:25.708247,3147,126.62320620,45.80096920,-119.166,2.879,33.937,-0.540,58.722,-0.843,-120.026,1.000,0.000,-0.210,3.314,0.000,0.983,-0.611,0.000,0.000,1.000,0.000,0.000,1.000,0.000,0.000,1.000,0.000
2025-07-09 15:14:25.818276,1787,126.62320490,45.80096860,-118.769,2.851,33.870,-0.533,58.621,-0.837,-120.024,1.000,0.000,-0.359,3.316,0.000,0.992,-0.611,0.000,0.000,1.000,0.000,0.000,1.000,0.000,0.000,1.000,0.000
2025-07-09 15:14:25.928387,737,126.62320390,45.80096810,-118.425,2.911,33.814,-0.535,58.543,-0.835,-120.025,1.000,0.000,-0.524,3.318,0.000,0.995,1.000,0.000,0.000,1.000,0.000,0.000,1.000,0.000,0.000,1.000,0.000
2025-07-09 15:14:26.038661,9487,126.62320270,45.80096760,-118.045,3.027,33.759,-0.532,58.450,-0.813,-120.018,1.000,0.000,-0.669,3.319,0.000,0.985,1.000,0.000,0.000,1.000,0.000,0.000,1.000,0.000,0.000,1.000,0.000
2025-07-09 15:14:26.148597,8347,126.62320160,45.80096720,-117.707,3.065,33.714,-0.493,58.365,-0.813,-120.011,1.000,0.000,-0.827,3.321,0.000,0.971,1.000,0.000,0.000,1.000,0.000,0.000,1.000,0.000,0.000,1.000,0.000
2025-07-09 15:14:26.268596,6987,126.62320030,45.80096660,-117.359,3.127,33.648,-0.512,58.264,-0.811,-120.013,1.000,0.000,-0.968,3.326,0.000,0.960,1.000,0.000,0.000,1.000,0.000,0.000,1.000,0.000,0.000,1.000,0.000
2025-07-09 15:14:26.378700,5727,126.62319910,45.80096610,-117.016,3.216,33.592,-0.485,58.171,-0.843,-120.006,1.000,0.000,-1.118,3.333,0.000,0.961,1.000,0.000,0.000,1.000,0.000,0.000,1.000,0.000,0.000,1.000,0.000
2025-07-09 15:14:26.488809,4367,126.62319780,45.80096550,-116.668,3.252,33.525,-0.495,58.070,-0.851,-120.005,1.000,0.000,-1.263,3.340,0.000,0.972,0.611,0.000,0.000,1.000,0.000,0.000,1.000,0.000,0.000,1.000,0.000
2025-07-09 15:14:26.598991,3236,126.62319670,45.80096500,-116.384,3.213,33.470,-0.454,57.985,-0.830,-119.999,1.000,0.000,-1.414,3.344,0.000,0.968,0.611,0.000,0.000,1.000,0.000,0.000,1.000,0.000,0.000,1.000,0.000
2025-07-09 15:14:26.709020,1886,126.62319540,45.80096450,-116.086,3.105,33.414,-0.450,57.884,-0.831,-119.994,1.000,0.000,-1.536,3.350,0.000,0.959,0.611,0.000,0.000,1.000,0.000,0.000,1.000,0.000,0.000,1.000,0.000
2025-07-09 15:14:26.819118,836,126.62319440,45.80096400,-115.786,3.044,33.358,-0.453,57.807,-0.802,-119.996,1.000,0.000,-1.667,3.357,0.000,0.937,0.611,0.000,0.000,1.000,0.000,0.000,1.000,0.000,0.000,1.000,0.000
2025-07-09 15:14:26.939232,9486,126.62319310,45.80096350,-115.421,2.987,33.303,-0.449,57.706,-0.792,-119.988,1.000,0.000,-1.802,3.368,0.000,0.926,-1.111,0.000,0.000,1.000,0.000,0.000,1.000,0.000,0.000,1.000,0.000
2025-07-09 15:14:27.059343,8236,126.62319190,45.80096300,-115.095,2.946,33.247,-0.462,57.613,-0.793,-119.990,1.000,0.000,-1.965,3.381,0.000,0.916,-1.111,0.000,0.000,1.000,0.000,0.000,1.000,0.000,0.000,1.000,0.000
2025-07-09 15:14:27.179453,6996,126.62319070,45.80096260,-114.801,2.846,33.203,-0.469,57.520,-0.848,-119.988,1.000,0.000,-2.116,3.395,0.000,0.932,-1.111,0.000,0.000,1.000,0.000,0.000,1.000,0.000,0.000,1.000,0.000
2025-07-09 15:14:27.299571,5756,126.62318950,45.80096220,-114.468,2.816,33.158,-0.457,57.427,-0.830,-119.995,1.000,0.000,-2.253,3.406,0.000,0.945,-1.111,0.000,0.000,1.000,0.000,0.000,1.000,0.000,0.000,1.000,0.000
2025-07-09 15:14:27.419683,4297,126.62318810,45.80096170,-114.033,2.888,33.103,-0.499,57.319,-0.838,-120.002,1.000,0.000,-2.414,3.416,0.000,0.964,0.500,0.000,0.000,1.000,0.000,0.000,1.000,0.000,0.000,1.000,0.000
2025-07-09 15:14:27.539812,3157,126.62318700,45.80096130,-113.623,2.918,33.058,-0.478,57.233,-0.891,-120.007,1.000,0.000,-2.630,3.422,0.000,0.978,0.500,0.000,0.000,1.000,0.000,0.000,1.000,0.000,0.000,1.000,0.000
2025-07-09 15:14:27.659920,1917,126.62318580,45.80096090,-113.183,2.969,33.014,-0.483,57.140,-0.870,-120.011,1.000,0.000,-2.837,3.426,0.000,0.994,0.500,0.000,0.000,1.000,0.000,0.000,1.000,0.000,0.000,1.000,0.000
2025-07-09 15:14:27.780042,640,126.62318460,45.80096040,-112.769,3.055,32.958,-0.460,57.047,-0.923,-120.018,1.000,0.000,-3.065,3.427,0.000,1.012,0.500,0.000,0.000,1.000,0.000,0.000,1.000,0.000,0.000,1.000,0.000
2025-07-09 15:14:27.900146,9290,126.62318330,45.80095990,-112.319,3.156,32.903,-0.462,56.946,-0.933,-120.017,1.000,0.000,-3.287,3.425,0.000,1.022,-1.611,0.000,0.000,1.000,0.000,0.000,1.000,0.000,0.000,1.000,0.000
2025-07-09 15:14:28.020267,8040,126.62318210,45.80095940,-111.915,3.223,32.847,-0.462,56.853,-0.937,-120.019,1.000,0.000,-3.534,3.421,0.000,1.039,-1.611,0.000,0.000,1.000,0.000,0.000,1.000,0.000,0.000,1.000,0.000
2025-07-09 15:14:28.130351,6500,126.62318060,45.80095900,-111.528,3.270,32.803,-0.454,56.737,-0.852,-120.017,1.000,0.000,-3.765,3.414,0.000,1.017,-1.611,0.000,0.000,1.000,0.000,0.000,1.000,0.000,0.000,1.000,0.000
2025-07-09 15:14:28.240464,5187,126.62317930,45.80095860,-111.229,3.271,32.758,-0.457,56.636,-0.835,-120.034,1.000,0.000,-3.993,3.411,0.000,0.987,-1.611,0.000,0.000,1.000,0.000,0.000,1.000,0.000,0.000,1.000,0.000
2025-07-09 15:14:28.350556,3637,126.62317780,45.80095820,-110.966,3.265,32.714,-0.443,56.520,-0.936,-120.045,1.000,0.000,-4.184,3.413,0.000,0.984,-1.611,0.000,0.000,1.000,0.000,0.000,1.000,0.000,0.000,1.000,0.000
2025-07-09 15:14:28.460767,2080,126.62317630,45.80095780,-110.811,3.128,32.669,-0.465,56.404,-0.943,-120.062,1.000,0.000,-4.358,3.416,0.000,1.013,-1.833,0.000,0.000,1.000,0.000,0.000,1.000,0.000,0.000,1.000,0.000
2025-07-09 15:14:28.570779,740,126.62317500,45.80095740,-110.704,2.863,32.625,-0.385,56.303,-0.969,-120.079,1.000,0.000,-4.470,3.414,0.000,1.043,-1.833,0.000,0.000,1.000,0.000,0.000,1.000,0.000,0.000,1.000,0.000
2025-07-09 15:14:28.680896,9190,126.62317350,45.80095690,-110.523,2.686,32.569,-0.376,56.187,-0.962,-120.090,1.000,0.000,-4.553,3.407,0.000,1.042,-1.833,0.000,0.000,1.000,0.000,0.000,1.000,0.000,0.000,1.000,0.000
2025-07-09 15:14:28.790992,7850,126.62317220,45.80095650,-110.294,2.527,32.525,-0.398,56.086,-0.940,-120.099,1.000,0.000,-4.683,3.399,0.000,1.032,-1.833,0.000,0.000,1.000,0.000,0.000,1.000,0.000,0.000,1.000,0.000
2025-07-09 15:14:28.901109,6311,126.62317070,45.80095610,-110.000,2.447,32.480,-0.382,55.970,-0.923,-120.110,1.000,0.000,-4.848,3.394,0.000,1.018,-2.056,0.000,0.000,1.000,0.000,0.000,1.000,0.000,0.000,1.000,0.000
2025-07-09 15:14:29.011200,5071,126.62316950,45.80095580,-109.898,2.168,32.447,-0.382,55.877,-0.910,-120.127,1.000,0.000,-5.064,3.391,0.000,1.002,-2.056,0.000,0.000,1.000,0.000,0.000,1.000,0.000,0.000,1.000,0.000
2025-07-09 15:14:29.121311,3531,126.62316800,45.80095530,-109.649,2.058,32.391,-0.451,55.760,-0.994,-120.143,1.000,0.000,-5.157,3.390,0.000,1.026,-2.056,0.000,0.000,1.000,0.000,0.000,1.000,0.000,0.000,1.000,0.000
2025-07-09 15:14:29.231408,2191,126.62316670,45.80095490,-109.480,1.859,32.347,-0.461,55.660,-0.986,-120.152,1.000,0.000,-5.355,3.386,0.000,1.056,-2.056,0.000,0.000,1.000,0.000,0.000,1.000,0.000,0.000,1.000,0.000
2025-07-09 15:14:29.341516,741,126.62316530,45.80095440,-109.354,1.702,32.291,-0.413,55.551,-1.000,-120.163,1.000,0.000,-5.500,3.376,0.000,1.087,-2.056,0.000,0.000,1.000,0.000,0.000,1.000,0.000,0.000,1.000,0.000
2025-07-09 15:14:29.452099,9401,126.62316400,45.80095400,-109.241,1.565,32.247,-0.410,55.450,-0.999,-120.169,1.000,0.000,-5.616,3.361,0.000,1.083,-2.222,0.000,0.000,1.000,0.000,0.000,1.000,0.000,0.000,1.000,0.000
2025-07-09 15:14:29.562077,7951,126.62316260,45.80095350,-109.066,1.584,32.191,-0.379,55.342,-1.009,-120.169,1.000,0.000,-5.719,3.347,0.000,1.080,-2.222,0.000,0.000,1.000,0.000,0.000,1.000,0.000,0.000,1.000,0.000
2025-07-09 15:14:29.672188,6611,126.62316130,45.80095310,-108.897,1.639,32.146,-0.387,55.241,-1.020,-120.180,1.000,0.000,-5.868,3.334,0.000,1.083,-2.222,0.000,0.000,1.000,0.000,0.000,1.000,0.000,0.000,1.000,0.000
2025-07-09 15:14:29.782259,4971,126.62315970,45.80095270,-108.799,1.564,32.102,-0.430,55.117,-1.008,-120.186,1.000,0.000,-6.024,3.319,0.000,1.088,-2.222,0.000,0.000,1.000,0.000,0.000,1.000,0.000,0.000,1.000,0.000
2025-07-09 15:14:29.892415,3621,126.62315840,45.80095220,-108.824,1.333,32.046,-0.452,55.016,-1.009,-120.196,1.000,0.000,-6.126,3.304,0.000,1.097,-4.778,0.000,0.000,1.000,0.000,0.000,1.000,0.000,0.000,1.000,0.000
2025-07-09 15:14:30.002514,2075,126.62315690,45.80095170,-108.919,0.982,31.991,-0.457,54.900,-1.013,-120.218,1.000,0.000,-6.126,3.287,0.000,1.104,-4.778,0.000,0.000,1.000,0.000,0.000,1.000,0.000,0.000,1.000,0.000
2025-07-09 15:14:30.112615,642,126.62315550,45.80095140,-109.010,0.806,31.957,-0.336,54.791,-1.016,-120.220,1.000,0.000,-6.066,3.270,0.000,1.096,-4.778,0.000,0.000,1.000,0.000,0.000,1.000,0.000,0.000,1.000,0.000
2025-07-09 15:14:30.222845,8912,126.62315380,45.80095110,-109.101,0.497,31.924,-0.344,54.660,-0.997,-120.230,1.000,0.000,-5.994,3.253,0.000,1.079,-4.778,0.000,0.000,1.000,0.000,0.000,1.000,0.000,0.000,1.000,0.000
2025-07-09 15:14:30.332821,7282,126.62315220,45.80095080,-109.166,0.285,31.891,-0.351,54.536,-0.982,-120.253,1.000,0.000,-5.922,3.240,0.000,1.056,-4.778,0.000,0.000,1.000,0.000,0.000,1.000,0.000,0.000,1.000,0.000
2025-07-09 15:14:30.442925,5762,126.62315070,45.80095060,-109.239,0.104,31.868,-0.358,54.419,-0.994,-120.287,1.000,0.000,-5.877,3.230,0.000,1.051,-4.833,0.000,0.000,1.000,0.000,0.000,1.000,0.000,0.000,1.000,0.000
2025-07-09 15:14:30.553049,4123,126.62314910,45.80095030,-109.373,-0.120,31.835,-0.314,54.295,-0.967,-120.318,1.000,0.000,-5.837,3.221,0.000,1.039,-4.833,0.000,0.000,1.000,0.000,0.000,1.000,0.000,0.000,1.000,0.000
2025-07-09 15:14:30.663133,2603,126.62314760,45.80095000,-109.518,-0.411,31.802,-0.316,54.179,-0.966,-120.354,1.000,0.000,-5.750,3.215,0.000,1.030,-4.833,0.000,0.000,1.000,0.000,0.000,1.000,0.000,0.000,1.000,0.000
2025-07-09 15:14:30.773243,963,126.62314600,45.80094970,-109.701,-0.730,31.768,-0.355,54.055,-0.995,-120.385,1.000,0.000,-5.657,3.210,0.000,1.030,-4.833,0.000,0.000,1.000,0.000,0.000,1.000,0.000,0.000,1.000,0.000
2025-07-09 15:14:30.883338,9544,126.62314460,45.80094940,-109.870,-0.972,31.735,-0.351,53.946,-0.988,-120.412,1.000,0.000,-5.533,3.204,0.000,1.040,-4.833,0.000,0.000,1.000,0.000,0.000,1.000,0.000,0.000,1.000,0.000
2025-07-09 15:14:30.993459,8004,126.62314310,45.80094910,-110.097,-1.156,31.702,-0.347,53.830,-0.986,-120.443,1.000,0.000,-5.419,3.198,0.000,1.050,-5.000,0.000,0.000,1.000,0.000,0.000,1.000,0.000,0.000,1.000,0.000
2025-07-09 15:14:31.103564,6584,126.62314170,45.80094880,-110.271,-1.228,31.668,-0.333,53.722,-0.998,-120.467,1.000,0.000,-5.265,3.189,0.000,1.049,-5.000,0.000,0.000,1.000,0.000,0.000,1.000,0.000,0.000,1.000,0.000
2025-07-09 15:14:31.213640,5044,126.62314020,45.80094840,-110.446,-1.304,31.624,-0.296,53.605,-0.989,-120.495,1.000,0.000,-5.149,3.181,0.000,1.043,-5.000,0.000,0.000,1.000,0.000,0.000,1.000,0.000,0.000,1.000,0.000
2025-07-09 15:14:31.323858,3725,126.62313890,45.80094820,-110.553,-1.319,31.602,-0.378,53.505,-0.959,-120.519,1.000,0.000,-5.037,3.173,0.000,1.038,-5.000,0.000,0.000,1.000,0.000,0.000,1.000,0.000,0.000,1.000,0.000
2025-07-09 15:14:31.433862,2285,126.62313750,45.80094780,-110.643,-1.342,31.557,-0.377,53.396,-0.954,-120.538,1.000,0.000,-4.973,3.167,0.000,1.030,-4.833,0.000,0.000,1.000,0.000,0.000,1.000,0.000,0.000,1.000,0.000
2025-07-09 15:14:31.543981,965,126.62313620,45.80094760,-110.719,-1.344,31.535,-0.308,53.295,-0.941,-120.568,1.000,0.000,-4.921,3.162,0.000,1.016,-4.833,0.000,0.000,1.000,0.000,0.000,1.000,0.000,0.000,1.000,0.000
2025-07-09 15:14:31.654096,9425,126.62313470,45.80094720,-110.874,-1.362,31.490,-0.309,53.179,-0.960,-120.583,1.000,0.000,-4.885,3.159,0.000,1.008,-4.833,0.000,0.000,1.000,0.000,0.000,1.000,0.000,0.000,1.000,0.000
2025-07-09 15:14:31.764172,8096,126.62313340,45.80094690,-111.088,-1.426,31.457,-0.370,53.078,-0.968,-120.613,1.000,0.000,-4.790,3.157,0.000,1.012,-4.833,0.000,0.000,1.000,0.000,0.000,1.000,0.000,0.000,1.000,0.000
2025-07-09 15:14:31.874272,6566,126.62313190,45.80094660,-111.394,-1.538,31.424,-0.366,52.962,-0.974,-120.632,1.000,0.000,-4.661,3.155,0.000,1.028,-4.833,0.000,0.000,1.000,0.000,0.000,1.000,0.000,0.000,1.000,0.000
2025-07-09 15:14:31.984395,5236,126.62313060,45.80094630,-111.665,-1.631,31.390,-0.356,52.861,-0.969,-120.653,1.000,0.000,-4.470,3.151,0.000,1.036,-4.556,0.000,0.000,1.000,0.000,0.000,1.000,0.000,0.000,1.000,0.000
2025-07-09 15:14:32.094505,3706,126.62312910,45.80094600,-111.977,-1.708,31.357,-0.307,52.745,-0.999,-120.682,1.000,0.000,-4.307,3.144,0.000,1.039,-4.556,0.000,0.000,1.000,0.000,0.000,1.000,0.000,0.000,1.000,0.000
2025-07-09 15:14:32.204612,2377,126.62312780,45.80094570,-112.266,-1.812,31.324,-0.333,52.644,-0.950,-120.703,1.000,0.000,-4.126,3.138,0.000,1.028,-4.556,0.000,0.000,1.000,0.000,0.000,1.000,0.000,0.000,1.000,0.000
2025-07-09 15:14:32.324388,947,126.62312640,45.80094540,-112.609,-1.939,31.290,-0.342,52.536,-0.970,-120.732,1.000,0.000,-3.962,3.133,0.000,1.027,-4.556,0.000,0.000,1.000,0.000,0.000,1.000,0.000,0.000,1.000,0.000
2025-07-09 15:14:32.434491,9417,126.62312490,45.80094510,-112.942,-2.145,31.257,-0.332,52.419,-0.959,-120.753,1.000,0.000,-3.774,3.128,0.000,1.017,-4.445,0.000,0.000,1.000,0.000,0.000,1.000,0.000,0.000,1.000,0.000
2025-07-09 15:14:32.544602,7977,126.62312350,45.80094470,-113.235,-2.329,31.212,-0.382,52.311,-0.958,-120.778,1.000,0.000,-3.595,3.125,0.000,1.025,-4.445,0.000,0.000,1.000,0.000,0.000,1.000,0.000,0.000,1.000,0.000
2025-07-09 15:14:32.654685,6658,126.62312220,45.80094450,-113.446,-2.452,31.190,-0.377,52.210,-0.963,-120.807,1.000,0.000,-3.445,3.121,0.000,1.027,-4.445,0.000,0.000,1.000,0.000,0.000,1.000,0.000,0.000,1.000,0.000
2025-07-09 15:14:32.764800,5218,126.62312080,45.80094410,-113.672,-2.518,31.146,-0.363,52.101,-0.981,-120.823,1.000,0.000,-3.345,3.116,0.000,1.037,-4.445,0.000,0.000,1.000,0.000,0.000,1.000,0.000,0.000,1.000,0.000
2025-07-09 15:14:32.874895,3888,126.62311950,45.80094380,-113.919,-2.548,31.112,-0.373,52.001,-0.982,-120.854,1.000,0.000,-3.232,3.110,0.000,1.044,-4.445,0.000,0.000,1.000,0.000,0.000,1.000,0.000,0.000,1.000,0.000
2025-07-09 15:14:32.985009,2358,126.62311800,45.80094350,-114.273,-2.591,31.079,-0.370,51.884,-0.979,-120.871,1.000,0.000,-3.116,3.103,0.000,1.048,-4.389,0.000,0.000,1.000,0.000,0.000,1.000,0.000,0.000,1.000,0.000
2025-07-09 15:14:33.095117,1128,126.62311680,45.80094320,-114.341,-2.406,31.046,-0.362,51.791,-0.990,-120.892,1.000,0.000,-2.942,3.094,0.000,1.050,-4.389,0.000,0.000,1.000,0.000,0.000,1.000,0.000,0.000,1.000,0.000
2025-07-09 15:14:33.205223,9579,126.62311530,45.80094270,-114.701,-2.450,30.990,-0.328,51.675,-0.989,-120.922,1.000,0.000,-2.919,3.086,0.000,1.048,-4.389,0.000,0.000,1.000,0.000,0.000,1.000,0.000,0.000,1.000,0.000
2025-07-09 15:14:33.315320,8339,126.62311410,45.80094240,-114.979,-2.440,30.957,-0.318,51.582,-0.985,-120.940,1.000,0.000,-2.750,3.078,0.000,1.044,-4.389,0.000,0.000,1.000,0.000,0.000,1.000,0.000,0.000,1.000,0.000
2025-07-09 15:14:33.425429,6809,126.62311260,45.80094200,-115.285,-2.432,30.912,-0.375,51.466,-0.963,-120.952,1.000,0.000,-2.622,3.070,0.000,1.037,-4.389,0.000,0.000,1.000,0.000,0.000,1.000,0.000,0.000,1.000,0.000
2025-07-09 15:14:33.535537,5469,126.62311130,45.80094160,-115.557,-2.377,30.868,-0.385,51.365,-0.956,-120.970,1.000,0.000,-2.479,3.064,0.000,1.033,-4.389,0.000,0.000,1.000,0.000,0.000,1.000,0.000,0.000,1.000,0.000
2025-07-09 15:14:33.645764,4019,126.62310990,45.80094120,-115.889,-2.412,30.823,-0.381,51.256,-0.966,-120.991,1.000,0.000,-2.357,3.058,0.000,1.034,-4.389,0.000,0.000,1.000,0.000,0.000,1.000,0.000,0.000,1.000,0.000
2025-07-09 15:14:33.755744,2480,126.62310840,45.80094080,-116.233,-2.533,30.779,-0.347,51.140,-0.935,-121.004,1.000,0.000,-2.209,3.052,0.000,1.022,-4.389,0.000,0.000,1.000,0.000,0.000,1.000,0.000,0.000,1.000,0.000
2025-07-09 15:14:33.865843,1150,126.62310710,45.80094050,-116.565,-2.629,30.745,-0.342,51.039,-0.944,-121.021,1.000,0.000,-2.055,3.049,0.000,1.013,-4.389,0.000,0.000,1.000,0.000,0.000,1.000,0.000,0.000,1.000,0.000
2025-07-09 15:14:33.975966,9610,126.62310560,45.80094010,-116.948,-2.753,30.701,-0.332,50.923,-0.951,-121.042,1.000,0.000,-1.911,3.046,0.000,1.003,-1.500,0.000,0.000,1.000,0.000,0.000,1.000,0.000,0.000,1.000,0.000
2025-07-09 15:14:34.086052,8270,126.62310430,45.80093970,-117.319,-2.769,30.656,-0.403,50.822,-0.933,-121.064,1.000,0.000,-1.747,3.046,0.000,1.009,-1.500,0.000,0.000,1.000,0.000,0.000,1.000,0.000,0.000,1.000,0.000
2025-07-09 15:14:34.196161,6930,126.62310300,45.80093930,-117.779,-3.122,30.612,-0.397,50.722,-0.928,-121.085,1.000,0.000,-1.591,3.044,0.000,1.011,-1.500,0.000,0.000,1.000,0.000,0.000,1.000,0.000,0.000,1.000,0.000
2025-07-09 15:14:34.306248,5680,126.62310180,45.80093880,-118.226,-3.201,30.556,-0.405,50.629,-0.927,-121.099,1.000,0.000,-1.398,3.042,0.000,1.012,-1.500,0.000,0.000,1.000,0.000,0.000,1.000,0.000,0.000,1.000,0.000
2025-07-09 15:14:34.416368,4231,126.62310040,45.80093830,-118.704,-3.383,30.501,-0.410,50.520,-0.902,-121.112,1.000,0.000,-1.210,3.040,0.000,1.004,-1.389,0.000,0.000,1.000,0.000,0.000,1.000,0.000,0.000,1.000,0.000
2025-07-09 15:14:34.526468,3091,126.62309930,45.80093790,-119.041,-3.411,30.456,-0.403,50.435,-0.913,-121.113,1.000,0.000,-1.011,3.040,0.000,1.000,-1.389,0.000,0.000,1.000,0.000,0.000,1.000,0.000,0.000,1.000,0.000
2025-07-09 15:14:34.636596,1778,126.62309800,45.80093750,-119.338,-3.434,30.412,-0.389,50.334,-0.914,-121.121,1.000,0.000,-0.868,3.040,0.000,0.994,-1.389,0.000,0.000,1.000,0.000,0.000,1.000,0.000,0.000,1.000,0.000
2025-07-09 15:14:34.746681,538,126.62309680,45.80093710,-119.564,-3.337,30.367,-0.418,50.241,-0.898,-121.127,1.000,0.000,-0.746,3.041,0.000,0.994,-1.389,0.000,0.000,1.000,0.000,0.000,1.000,0.000,0.000,1.000,0.000
2025-07-09 15:14:34.856793,9088,126.62309540,45.80093660,-119.839,-3.274,30.312,-0.413,50.132,-0.908,-121.140,1.000,0.000,-0.653,3.042,0.000,0.994,-1.389,0.000,0.000,1.000,0.000,0.000,1.000,0.000,0.000,1.000,0.000
2025-07-09 15:14:34.966887,7948,126.62309430,45.80093630,-120.095,-3.205,30.278,-0.406,50.047,-0.910,-121.150,1.000,0.000,-0.543,3.043,0.000,0.995,-0.833,0.000,0.000,1.000,0.000,0.000,1.000,0.000,0.000,1.000,0.000
2025-07-09 15:14:35.077009,6481,126.62309290,45.80093580,-120.520,-3.244,30.223,-0.394,49.939,-0.931,-121.159,1.000,0.000,-0.440,3.044,0.000,1.002,-0.833,0.000,0.000,1.000,0.000,0.000,1.000,0.000,0.000,1.000,0.000
2025-07-09 15:14:35.187102,5268,126.62309170,45.80093540,-120.784,-3.144,30.178,-0.407,49.846,-0.886,-121.174,1.000,0.000,-0.266,3.043,0.000,0.994,-0.833,0.000,0.000,1.000,0.000,0.000,1.000,0.000,0.000,1.000,0.000
2025-07-09 15:14:35.297214,3928,126.62309040,45.80093500,-121.092,-3.010,30.134,-0.410,49.745,-0.880,-121.182,1.000,0.000,-0.163,3.044,0.000,0.986,-0.833,0.000,0.000,1.000,0.000,0.000,1.000,0.000,0.000,1.000,0.000
2025-07-09 15:14:35.407313,2688,126.62308920,45.80093460,-121.355,-2.842,30.089,-0.438,49.652,-0.886,-121.192,1.000,0.000,-0.037,3.047,0.000,0.978,-1.000,0.000,0.000,1.000,0.000,0.000,1.000,0.000,0.000,1.000,0.000
2025-07-09 15:14:35.517420,1239,126.62308780,45.80093410,-121.647,-2.673,30.034,-0.416,49.543,-0.851,-121.206,1.000,0.000,0.068,3.050,0.000,0.969,-1.000,0.000,0.000,1.000,0.000,0.000,1.000,0.000,0.000,1.000,0.000
2025-07-09 15:14:35.627527,9999,126.62308660,45.80093370,-121.900,-2.597,29.989,-0.405,49.450,-0.867,-121.216,1.000,0.000,0.184,3.056,0.000,0.964,-1.000,0.000,0.000,1.000,0.000,0.000,1.000,0.000,0.000,1.000,0.000
2025-07-09 15:14:35.737699,8649,126.62308530,45.80093320,-122.151,-2.555,29.934,-0.469,49.349,-0.821,-121.225,1.000,0.000,0.285,3.062,0.000,0.950,-1.000,0.000,0.000,1.000,0.000,0.000,1.000,0.000,0.000,1.000,0.000
2025-07-09 15:14:35.847734,7209,126.62308390,45.80093280,-122.335,-2.517,29.889,-0.440,49.241,-0.816,-121.235,1.000,0.000,0.386,3.071,0.000,0.943,-1.000,0.000,0.000,1.000,0.000,0.000,1.000,0.000,0.000,1.000,0.000
2025-07-09 15:14:35.957825,5979,126.62308270,45.80093250,-122.471,-2.391,29.856,-0.437,49.148,-0.801,-121.240,1.000,0.000,0.459,3.080,0.000,0.928,-0.833,0.000,0.000,1.000,0.000,0.000,1.000,0.000,0.000,1.000,0.000
2025-07-09 15:14:36.067943,4729,126.62308150,45.80093200,-122.697,-2.363,29.800,-0.487,49.055,-0.809,-121.258,1.000,0.000,0.514,3.093,0.000,0.928,-0.833,0.000,0.000,1.000,0.000,0.000,1.000,0.000,0.000,1.000,0.000
2025-07-09 15:14:36.178045,3679,126.62308050,45.80093150,-122.997,-2.250,29.745,-0.427,48.977,-0.838,-121.277,1.000,0.000,0.601,3.105,0.000,0.932,-0.833,0.000,0.000,1.000,0.000,0.000,1.000,0.000,0.000,1.000,0.000
2025-07-09 15:14:36.288166,2519,126.62307940,45.80093090,-123.322,-2.305,29.678,-0.410,48.892,-0.837,-121.278,1.000,0.000,0.720,3.117,0.000,0.939,-0.833,0.000,0.000,1.000,0.000,0.000,1.000,0.000,0.000,1.000,0.000
2025-07-09 15:14:36.398261,1469,126.62307840,45.80093040,-123.505,-2.191,29.622,-0.474,48.815,-0.855,-121.271,1.000,0.000,0.857,3.127,0.000,0.950,0.778,0.000,0.000,1.000,0.000,0.000,1.000,0.000,0.000,1.000,0.000
2025-07-09 15:14:36.508367,319,126.62307730,45.80092990,-123.588,-2.027,29.567,-0.450,48.729,-0.837,-121.258,1.000,0.000,0.938,3.136,0.000,0.953,0.778,0.000,0.000,1.000,0.000,0.000,1.000,0.000,0.000,1.000,0.000
2025-07-09 15:14:36.618463,9269,126.62307630,45.80092940,-123.576,-1.751,29.511,-0.477,48.652,-0.805,-121.251,1.000,0.000,0.979,3.144,0.000,0.955,0.778,0.000,0.000,1.000,0.000,0.000,1.000,0.000,0.000,1.000,0.000
2025-07-09 15:14:36.728587,8119,126.62307520,45.80092890,-123.522,-1.472,29.456,-0.498,48.566,-0.846,-121.247,1.000,0.000,0.976,3.151,0.000,0.956,0.778,0.000,0.000,1.000,0.000,0.000,1.000,0.000,0.000,1.000,0.000
2025-07-09 15:14:36.838684,7179,126.62307430,45.80092850,-123.481,-1.206,29.411,-0.502,48.497,-0.844,-121.240,1.000,0.000,0.955,3.159,0.000,0.966,0.778,0.000,0.000,1.000,0.000,0.000,1.000,0.000,0.000,1.000,0.000
2025-07-09 15:14:36.948827,5929,126.62307310,45.80092800,-123.455,-1.016,29.355,-0.494,48.404,-0.837,-121.237,1.000,0.000,0.941,3.165,0.000,0.979,1.555,0.000,0.000,1.000,0.000,0.000,1.000,0.000,0.000,1.000,0.000
2025-07-09 15:14:37.058880,4989,126.62307220,45.80092760,-123.374,-0.818,29.311,-0.469,48.334,-0.862,-121.235,1.000,0.000,0.931,3.168,0.000,0.978,1.555,0.000,0.000,1.000,0.000,0.000,1.000,0.000,0.000,1.000,0.000
2025-07-09 15:14:37.168991,3529,126.62307080,45.80092700,-123.328,-0.571,29.244,-0.493,48.225,-0.844,-121.236,1.000,0.000,0.897,3.172,0.000,0.977,1.555,0.000,0.000,1.000,0.000,0.000,1.000,0.000,0.000,1.000,0.000
2025-07-09 15:14:37.279095,2279,126.62306960,45.80092650,-123.265,-0.241,29.189,-0.490,48.132,-0.847,-121.236,1.000,0.000,0.000,0.000,0.000,0.979,1.555,0.000,0.000,1.000,0.000,0.000,1.000,0.000,0.000,1.000,0.000
2025-07-09 15:14:37.389191,919,126.62306830,45.80092600,-123.229,0.084,29.133,-0.564,48.032,-0.830,-121.236,1.000,0.000,0.000,0.000,0.000,0.986,1.278,0.000,0.000,1.000,0.000,0.000,1.000,0.000,0.000,1.000,0.000
2025-07-09 15:14:37.499316,9679,126.62306710,45.80092550,-123.240,0.240,29.077,-0.568,47.939,-0.835,-121.236,1.000,0.000,0.000,0.000,0.000,0.997,1.278,0.000,0.000,1.000,0.000,0.000,1.000,0.000,0.000,1.000,0.000
2025-07-09 15:14:37.619416,8292,126.62306580,45.80092490,-123.266,0.294,29.011,-0.524,47.838,-0.882,-121.236,1.000,0.000,0.000,0.000,0.000,1.013,1.278,0.000,0.000,1.000,0.000,0.000,1.000,0.000,0.000,1.000,0.000
2025-07-09 15:14:37.739518,6869,126.62306440,45.80092440,-123.223,0.319,28.955,-0.513,47.729,-0.814,-121.236,1.000,0.000,0.000,0.000,0.000,0.999,1.278,0.000,0.000,1.000,0.000,0.000,1.000,0.000,0.000,1.000,0.000
2025-07-09 15:14:37.859629,5409,126.62306300,45.80092380,-123.112,0.363,28.888,-0.534,47.621,-0.836,-121.236,1.000,0.000,0.000,0.000,0.000,0.993,1.278,0.000,0.000,1.000,0.000,0.000,1.000,0.000,0.000,1.000,0.000
2025-07-09 15:14:37.979834,3739,126.62306140,45.80092310,-123.003,0.416,28.811,-0.573,47.497,-0.857,-121.236,1.000,0.000,0.000,0.000,0.000,0.995,0.722,0.000,0.000,1.000,0.000,0.000,1.000,0.000,0.000,1.000,0.000
2025-07-09 15:14:38.099874,2479,126.62306020,45.80092250,-122.978,0.413,28.744,-0.535,47.404,-0.749,-121.236,1.000,0.000,0.000,0.000,0.000,0.981,0.722,0.000,0.000,1.000,0.000,0.000,1.000,0.000,0.000,1.000,0.000
2025-07-09 15:14:38.219981,1329,126.62305910,45.80092200,-122.994,0.326,28.688,-0.448,47.318,-0.683,-121.236,1.000,0.000,0.000,0.000,0.000,0.923,0.722,0.000,0.000,1.000,0.000,0.000,1.000,0.000,0.000,1.000,0.000
2025-07-09 15:14:38.340093,266,126.62305810,45.80092140,-122.986,0.291,28.622,-0.450,47.241,-0.696,-121.236,1.000,0.000,0.000,0.000,0.000,0.855,0.722,0.000,0.000,1.000,0.000,0.000,1.000,0.000,0.000,1.000,0.000
2025-07-09 15:14:38.460201,9106,126.62305700,45.80092080,-122.935,0.277,28.555,-0.448,47.156,-0.701,-121.236,1.000,0.000,0.000,0.000,0.000,0.826,0.555,0.000,0.000,1.000,0.000,0.000,1.000,0.000,0.000,1.000,0.000
2025-07-09 15:14:38.580330,7946,126.62305590,45.80092020,-122.816,0.343,28.488,-0.410,47.070,-0.666,-121.236,1.000,0.000,0.000,0.000,0.000,0.814,0.555,0.000,0.000,1.000,0.000,0.000,1.000,0.000,0.000,1.000,0.000
2025-07-09 15:14:38.690427,6796,126.62305480,45.80091970,-122.685,0.472,28.433,-0.432,46.985,-0.678,-121.236,1.000,0.000,0.000,0.000,0.000,0.806,0.555,0.000,0.000,1.000,0.000,0.000,1.000,0.000,0.000,1.000,0.000
2025-07-09 15:14:38.800529,5743,126.62305380,45.80091920,-122.576,0.593,28.377,-0.388,46.908,-0.672,-121.236,1.000,0.000,0.000,0.000,0.000,0.787,0.555,0.000,0.000,1.000,0.000,0.000,1.000,0.000,0.000,1.000,0.000
2025-07-09 15:14:38.910636,4583,126.62305270,45.80091860,-122.492,0.634,28.310,-0.394,46.822,-0.677,-121.236,1.000,0.000,0.000,0.000,0.000,0.788,1.000,0.000,0.000,1.000,0.000,0.000,1.000,0.000,0.000,1.000,0.000
2025-07-09 15:14:39.020739,3643,126.62305180,45.80091820,-122.484,0.548,28.266,-0.394,46.752,-0.681,-121.236,1.000,0.000,0.000,0.000,0.000,0.782,1.000,0.000,0.000,1.000,0.000,0.000,1.000,0.000,0.000,1.000,0.000
2025-07-09 15:14:39.130842,2703,126.62305090,45.80091780,-122.422,0.514,28.221,-0.350,46.683,-0.595,-121.236,1.000,0.000,0.000,0.000,0.000,0.753,1.000,0.000,0.000,1.000,0.000,0.000,1.000,0.000,0.000,1.000,0.000
2025-07-09 15:14:39.240946,1873,126.62305010,45.80091750,-122.369,0.541,28.188,-0.357,46.621,-0.602,-121.236,1.000,0.000,0.000,0.000,0.000,0.726,1.000,0.000,0.000,1.000,0.000,0.000,1.000,0.000,0.000,1.000,0.000
2025-07-09 15:14:39.351052,940,126.62304920,45.80091720,-122.334,0.586,28.155,-0.380,46.551,-0.578,-121.236,1.000,0.000,0.000,0.000,0.000,0.694,1.000,0.000,0.000,1.000,0.000,0.000,1.000,0.000,0.000,1.000,0.000
2025-07-09 15:14:39.461149,113,126.62304840,45.80091690,-122.337,0.577,28.121,-0.398,46.489,-0.587,-121.236,1.000,0.000,0.000,0.000,0.000,0.700,0.833,0.000,0.000,1.000,0.000,0.000,1.000,0.000,0.000,1.000,0.000
2025-07-09 15:14:39.571265,9280,126.62304760,45.80091660,-122.361,0.513,28.088,-0.372,46.427,-0.547,-121.236,1.000,0.000,0.000,0.000,0.000,0.687,0.833,0.000,0.000,1.000,0.000,0.000,1.000,0.000,0.000,1.000,0.000
2025-07-09 15:14:39.681377,8340,126.62304670,45.80091620,-122.377,0.399,28.043,-0.368,46.357,-0.544,-121.236,1.000,0.000,0.000,0.000,0.000,0.676,0.833,0.000,0.000,1.000,0.000,0.000,1.000,0.000,0.000,1.000,0.000
2025-07-09 15:14:39.791475,7510,126.62304590,45.80091590,-122.340,0.314,28.010,-0.324,46.295,-0.556,-121.236,1.000,0.000,0.000,0.000,0.000,0.654,0.833,0.000,0.000,1.000,0.000,0.000,1.000,0.000,0.000,1.000,0.000
2025-07-09 15:14:39.901653,6580,126.62304500,45.80091560,-122.250,0.296,27.977,-0.315,46.225,-0.560,-121.236,1.000,0.000,0.000,0.000,0.000,0.648,0.389,0.000,0.000,1.000,0.000,0.000,1.000,0.000,0.000,1.000,0.000
2025-07-09 15:14:40.011697,5850,126.62304430,45.80091530,-122.176,0.287,27.943,-0.322,46.171,-0.560,-121.236,1.000,0.000,0.000,0.000,0.000,0.644,0.389,0.000,0.000,1.000,0.000,0.000,1.000,0.000,0.000,1.000,0.000
2025-07-09 15:14:40.121790,5110,126.62304360,45.80091490,-122.147,0.306,27.899,-0.376,46.117,-0.572,-121.236,1.000,0.000,0.000,0.000,0.000,0.658,0.389,0.000,0.000,1.000,0.000,0.000,1.000,0.000,0.000,1.000,0.000
2025-07-09 15:14:40.231889,4490,126.62304300,45.80091470,-122.142,0.255,27.877,-0.383,46.070,-0.555,-121.236,1.000,0.000,0.000,0.000,0.000,0.668,0.389,0.000,0.000,1.000,0.000,0.000,1.000,0.000,0.000,1.000,0.000
2025-07-09 15:14:40.342007,3960,126.62304250,45.80091440,-122.084,0.259,27.843,-0.300,46.032,-0.525,-121.236,1.000,0.000,0.000,0.000,0.000,0.655,0.389,0.000,0.000,1.000,0.000,0.000,1.000,0.000,0.000,1.000,0.000
2025-07-09 15:14:40.452167,3330,126.62304190,45.80091410,-122.005,0.298,27.810,-0.303,45.985,-0.521,-121.236,1.000,0.000,0.000,0.000,0.000,0.627,0.444,0.000,0.000,1.000,0.000,0.000,1.000,0.000,0.000,1.000,0.000
2025-07-09 15:14:40.562205,2690,126.62304130,45.80091380,-121.949,0.352,27.776,-0.316,45.939,-0.542,-121.236,1.000,0.000,0.000,0.000,0.000,0.612,0.444,0.000,0.000,1.000,0.000,0.000,1.000,0.000,0.000,1.000,0.000
2025-07-09 15:14:40.672324,2170,126.62304080,45.80091350,-121.920,0.400,27.743,-0.320,45.900,-0.545,-121.236,1.000,0.000,0.000,0.000,0.000,0.621,0.444,0.000,0.000,1.000,0.000,0.000,1.000,0.000,0.000,1.000,0.000
2025-07-09 15:14:40.782420,1430,126.62304010,45.80091320,-121.857,0.472,27.710,-0.265,45.846,-0.522,-121.236,1.000,0.000,0.000,0.000,0.000,0.615,0.444,0.000,0.000,1.000,0.000,0.000,1.000,0.000,0.000,1.000,0.000
2025-07-09 15:14:40.892506,810,126.62303950,45.80091290,-121.776,0.512,27.676,-0.259,45.799,-0.528,-121.236,1.000,0.000,0.000,0.000,0.000,0.602,0.278,0.000,0.000,1.000,0.000,0.000,1.000,0.000,0.000,1.000,0.000
2025-07-09 15:14:41.002623,67,126.62303880,45.80091260,-121.580,0.608,27.643,-0.256,45.745,-0.532,-121.236,1.000,0.000,0.000,0.000,0.000,0.588,0.278,0.000,0.000,1.000,0.000,0.000,1.000,0.000,0.000,1.000,0.000
2025-07-09 15:14:41.112730,9457,126.62303820,45.80091240,-121.489,0.624,27.621,-0.277,45.698,-0.485,-121.236,1.000,0.000,0.000,0.000,0.000,0.579,0.278,0.000,0.000,1.000,0.000,0.000,1.000,0.000,0.000,1.000,0.000
2025-07-09 15:14:41.222831,8727,126.62303750,45.80091210,-121.419,0.661,27.587,-0.321,45.644,-0.509,-121.236,1.000,0.000,0.000,0.000,0.000,0.584,0.278,0.000,0.000,1.000,0.000,0.000,1.000,0.000,0.000,1.000,0.000
2025-07-09 15:14:41.332945,8007,126.62303680,45.80091200,-121.434,0.643,27.576,-0.278,45.590,-0.475,-121.236,1.000,0.000,0.000,0.000,0.000,0.570,0.278,0.000,0.000,1.000,0.000,0.000,1.000,0.000,0.000,1.000,0.000
2025-07-09 15:14:41.443035,7287,126.62303610,45.80091170,-121.520,0.512,27.543,-0.274,45.535,-0.473,-121.236,1.000,0.000,0.000,0.000,0.000,0.566,-0.222,0.000,0.000,1.000,0.000,0.000,1.000,0.000,0.000,1.000,0.000
2025-07-09 15:14:41.553178,6467,126.62303530,45.80091150,-121.571,0.395,27.521,-0.244,45.473,-0.470,-121.236,1.000,0.000,0.000,0.000,0.000,0.542,-0.222,0.000,0.000,1.000,0.000,0.000,1.000,0.000,0.000,1.000,0.000
2025-07-09 15:14:41.663262,5847,126.62303470,45.80091130,-121.530,0.381,27.499,-0.239,45.427,-0.451,-121.236,1.000,0.000,0.000,0.000,0.000,0.529,-0.222,0.000,0.000,1.000,0.000,0.000,1.000,0.000,0.000,1.000,0.000
2025-07-09 15:14:41.773365,5217,126.62303410,45.80091100,-121.409,0.465,27.465,-0.271,45.380,-0.436,-121.236,1.000,0.000,0.000,0.000,0.000,0.518,-0.222,0.000,0.000,1.000,0.000,0.000,1.000,0.000,0.000,1.000,0.000
2025-07-09 15:14:41.883462,4587,126.62303350,45.80091080,-121.287,0.519,27.443,-0.274,45.334,-0.435,-121.236,1.000,0.000,0.000,0.000,0.000,0.513,-0.222,0.000,0.000,1.000,0.000,0.000,1.000,0.000,0.000,1.000,0.000
2025-07-09 15:14:41.993576,3877,126.62303280,45.80091060,-121.189,0.534,27.421,-0.278,45.280,-0.435,-121.236,1.000,0.000,0.000,0.000,0.000,0.515,0.667,0.000,0.000,1.000,0.000,0.000,1.000,0.000,0.000,1.000,0.000
2025-07-09 15:14:42.103688,3247,126.62303220,45.80091030,-121.137,0.403,27.387,-0.282,45.233,-0.434,-121.236,1.000,0.000,0.000,0.000,0.000,0.516,0.667,0.000,0.000,1.000,0.000,0.000,1.000,0.000,0.000,1.000,0.000
2025-07-09 15:14:42.213808,2625,126.62303160,45.80091010,-121.060,0.390,27.365,-0.280,45.187,-0.414,0.000,0.000,0.000,0.000,0.000,0.000,0.511,0.667,0.000,0.000,1.000,0.000,0.000,1.000,0.000,0.000,1.000,0.000
2025-07-09 15:14:42.323889,2105,126.62303110,45.80090990,-120.996,0.385,27.343,-0.261,45.148,-0.450,0.000,0.000,0.000,0.000,0.000,0.000,0.513,0.667,0.000,0.000,1.000,0.000,0.000,1.000,0.000,0.000,1.000,0.000
2025-07-09 15:14:42.433977,1375,126.62303040,45.80090960,-120.970,0.422,27.309,-0.258,45.094,-0.445,0.000,0.000,0.000,0.000,0.000,0.000,0.511,0.389,0.000,0.000,1.000,0.000,0.000,1.000,0.000,0.000,1.000,0.000
2025-07-09 15:14:42.544170,855,126.62302990,45.80090940,-120.973,0.498,27.287,-0.236,45.055,-0.457,0.000,0.000,0.000,0.000,0.000,0.000,0.516,0.389,0.000,0.000,1.000,0.000,0.000,1.000,0.000,0.000,1.000,0.000
2025-07-09 15:14:42.654208,225,126.62302930,45.80090910,-120.944,0.570,27.254,-0.230,45.008,-0.444,0.000,0.000,0.000,0.000,0.000,0.000,0.510,0.389,0.000,0.000,1.000,0.000,0.000,1.000,0.000,0.000,1.000,0.000
2025-07-09 15:14:42.764302,9705,126.62302880,45.80090890,-120.868,0.602,27.232,-0.262,44.970,-0.468,0.000,0.000,0.000,0.000,0.000,0.000,0.517,0.389,0.000,0.000,1.000,0.000,0.000,1.000,0.000,0.000,1.000,0.000
2025-07-09 15:14:42.874405,9075,126.62302820,45.80090860,-120.770,0.581,27.198,-0.267,44.923,-0.467,0.000,0.000,0.000,0.000,0.000,0.000,0.525,0.389,0.000,0.000,1.000,0.000,0.000,1.000,0.000,0.000,1.000,0.000
2025-07-09 15:14:42.984506,8455,126.62302760,45.80090840,-120.735,0.502,27.176,-0.272,44.877,-0.473,0.000,0.000,0.000,0.000,0.000,0.000,0.540,0.500,0.000,0.000,1.000,0.000,0.000,1.000,0.000,0.000,1.000,0.000
2025-07-09 15:14:43.094618,7835,126.62302700,45.80090820,-120.689,0.455,27.154,-0.191,44.830,-0.432,0.000,0.000,0.000,0.000,0.000,0.000,0.519,0.500,0.000,0.000,1.000,0.000,0.000,1.000,0.000,0.000,1.000,0.000
2025-07-09 15:14:43.204749,7215,126.62302640,45.80090800,-120.717,0.382,27.132,-0.243,44.783,-0.425,0.000,0.000,0.000,0.000,0.000,0.000,0.503,0.500,0.000,0.000,1.000,0.000,0.000,1.000,0.000,0.000,1.000,0.000
2025-07-09 15:14:43.314931,6502,126.62302570,45.80090790,-120.696,0.331,27.120,-0.275,44.729,-0.404,0.000,0.000,0.000,0.000,0.000,0.000,0.484,0.500,0.000,0.000,1.000,0.000,0.000,1.000,0.000,0.000,1.000,0.000
2025-07-09 15:14:43.424919,5882,126.62302510,45.80090770,-120.607,0.354,27.098,-0.270,44.683,-0.386,0.000,0.000,0.000,0.000,0.000,0.000,0.483,0.278,0.000,0.000,1.000,0.000,0.000,1.000,0.000,0.000,1.000,0.000
2025-07-09 15:14:43.535033,5272,126.62302450,45.80090760,-120.473,0.452,27.087,-0.236,44.636,-0.429,0.000,0.000,0.000,0.000,0.000,0.000,0.483,0.278,0.000,0.000,1.000,0.000,0.000,1.000,0.000,0.000,1.000,0.000
2025-07-09 15:14:43.645158,4552,126.62302380,45.80090740,-120.361,0.555,27.065,-0.243,44.582,-0.437,0.000,0.000,0.000,0.000,0.000,0.000,0.487,0.278,0.000,0.000,1.000,0.000,0.000,1.000,0.000,0.000,1.000,0.000
2025-07-09 15:14:43.755253,4032,126.62302330,45.80090720,-120.282,0.601,27.043,-0.208,44.543,-0.415,0.000,0.000,0.000,0.000,0.000,0.000,0.485,0.278,0.000,0.000,1.000,0.000,0.000,1.000,0.000,0.000,1.000,0.000
2025-07-09 15:14:43.865360,3312,126.62302260,45.80090700,-120.212,0.595,27.020,-0.202,44.489,-0.410,0.000,0.000,0.000,0.000,0.000,0.000,0.474,0.278,0.000,0.000,1.000,0.000,0.000,1.000,0.000,0.000,1.000,0.000
2025-07-09 15:14:43.975448,2792,126.62302210,45.80090680,-120.169,0.545,26.998,-0.192,44.450,-0.393,0.000,0.000,0.000,0.000,0.000,0.000,0.453,-0.056,0.000,0.000,1.000,0.000,0.000,1.000,0.000,0.000,1.000,0.000
2025-07-09 15:14:44.085580,2072,126.62302140,45.80090660,-120.142,0.538,26.976,-0.236,44.396,-0.394,0.000,0.000,0.000,0.000,0.000,0.000,0.451,-0.056,0.000,0.000,1.000,0.000,0.000,1.000,0.000,0.000,1.000,0.000
2025-07-09 15:14:44.195676,1552,126.62302090,45.80090640,-120.097,0.537,26.954,-0.248,44.357,-0.428,0.000,0.000,0.000,0.000,0.000,0.000,0.464,-0.056,0.000,0.000,1.000,0.000,0.000,1.000,0.000,0.000,1.000,0.000
2025-07-09 15:14:44.305788,922,126.62302030,45.80090610,-119.999,0.652,26.920,-0.248,44.311,-0.426,0.000,0.000,0.000,0.000,0.000,0.000,0.482,-0.056,0.000,0.000,1.000,0.000,0.000,1.000,0.000,0.000,1.000,0.000
2025-07-09 15:14:44.425874,292,126.62301970,45.80090580,-119.927,0.693,26.887,-0.220,44.264,-0.447,0.000,0.000,0.000,0.000,0.000,0.000,0.495,-0.056,0.000,0.000,1.000,0.000,0.000,1.000,0.000,0.000,1.000,0.000
2025-07-09 15:14:44.535990,9672,126.62301910,45.80090560,-119.936,0.604,26.865,-0.244,44.218,-0.410,0.000,0.000,0.000,0.000,0.000,0.000,0.489,-0.056,0.000,0.000,1.000,0.000,0.000,1.000,0.000,0.000,1.000,0.000
2025-07-09 15:14:44.646173,8932,126.62301840,45.80090530,-120.027,0.400,26.831,-0.245,44.163,-0.405,0.000,0.000,0.000,0.000,0.000,0.000,0.483,-0.056,0.000,0.000,1.000,0.000,0.000,1.000,0.000,0.000,1.000,0.000
2025-07-09 15:14:44.756208,8312,126.62301780,45.80090500,-120.114,0.220,26.798,-0.284,44.117,-0.433,0.000,0.000,0.000,0.000,0.000,0.000,0.489,-0.056,0.000,0.000,1.000,0.000,0.000,1.000,0.000,0.000,1.000,0.000
2025-07-09 15:14:44.866305,7692,126.62301720,45.80090480,-120.132,0.132,26.776,-0.270,44.070,-0.423,0.000,0.000,0.000,0.000,0.000,0.000,0.498,-0.056,0.000,0.000,1.000,0.000,0.000,1.000,0.000,0.000,1.000,0.000
2025-07-09 15:14:44.976422,7065,126.62301660,45.80090450,-120.045,0.147,26.742,-0.258,44.024,-0.412,0.000,0.000,0.000,0.000,0.000,0.000,0.502,0.500,0.000,0.000,1.000,0.000,0.000,1.000,0.000,0.000,1.000,0.000
2025-07-09 15:14:45.086528,6542,126.62301610,45.80090430,-120.013,0.137,26.720,-0.259,43.985,-0.371,0.000,0.000,0.000,0.000,0.000,0.000,0.480,0.500,0.000,0.000,1.000,0.000,0.000,1.000,0.000,0.000,1.000,0.000
2025-07-09 15:14:45.196923,5912,126.62301550,45.80090400,-119.819,0.289,26.687,-0.252,43.939,-0.367,0.000,0.000,0.000,0.000,0.000,0.000,0.461,0.500,0.000,0.000,1.000,0.000,0.000,1.000,0.000,0.000,1.000,0.000
2025-07-09 15:14:45.306744,5382,126.62301500,45.80090370,-119.682,0.373,26.653,-0.254,43.900,-0.365,0.000,0.000,0.000,0.000,0.000,0.000,0.447,0.500,0.000,0.000,1.000,0.000,0.000,1.000,0.000,0.000,1.000,0.000
2025-07-09 15:14:45.416822,4752,126.62301440,45.80090350,-119.602,0.356,26.631,-0.235,43.853,-0.384,0.000,0.000,0.000,0.000,0.000,0.000,0.447,-0.333,0.000,0.000,1.000,0.000,0.000,1.000,0.000,0.000,1.000,0.000
2025-07-09 15:14:45.526935,4232,126.62301390,45.80090320,-119.566,0.329,26.598,-0.193,43.814,-0.373,0.000,0.000,0.000,0.000,0.000,0.000,0.438,-0.333,0.000,0.000,1.000,0.000,0.000,1.000,0.000,0.000,1.000,0.000
2025-07-09 15:14:45.637045,3712,126.62301340,45.80090300,-119.527,0.373,26.576,-0.191,43.776,-0.361,0.000,0.000,0.000,0.000,0.000,0.000,0.426,-0.333,0.000,0.000,1.000,0.000,0.000,1.000,0.000,0.000,1.000,0.000
2025-07-09 15:14:45.747147,3192,126.62301290,45.80090280,-119.518,0.463,26.553,-0.217,43.737,-0.401,0.000,0.000,0.000,0.000,0.000,0.000,0.428,-0.333,0.000,0.000,1.000,0.000,0.000,1.000,0.000,0.000,1.000,0.000
2025-07-09 15:14:45.857261,2562,126.62301230,45.80090250,-119.525,0.535,26.520,-0.219,43.690,-0.394,0.000,0.000,0.000,0.000,0.000,0.000,0.438,-0.333,0.000,0.000,1.000,0.000,0.000,1.000,0.000,0.000,1.000,0.000
2025-07-09 15:14:45.967345,2042,126.62301180,45.80090230,-119.516,0.560,26.498,-0.217,43.652,-0.386,0.000,0.000,0.000,0.000,0.000,0.000,0.450,0.055,0.000,0.000,1.000,0.000,0.000,1.000,0.000,0.000,1.000,0.000
2025-07-09 15:14:46.077463,1512,126.62301130,45.80090200,-119.480,0.514,26.464,-0.201,43.613,-0.426,0.000,0.000,0.000,0.000,0.000,0.000,0.455,0.055,0.000,0.000,1.000,0.000,0.000,1.000,0.000,0.000,1.000,0.000
2025-07-09 15:14:46.187568,802,126.62301060,45.80090190,-119.421,0.538,26.453,-0.225,43.559,-0.383,0.000,0.000,0.000,0.000,0.000,0.000,0.453,0.055,0.000,0.000,1.000,0.000,0.000,1.000,0.000,0.000,1.000,0.000
2025-07-09 15:14:46.297677,82,126.62300990,45.80090170,-119.326,0.448,26.431,-0.217,43.504,-0.372,0.000,0.000,0.000,0.000,0.000,0.000,0.449,0.055,0.000,0.000,1.000,0.000,0.000,1.000,0.000,0.000,1.000,0.000
2025-07-09 15:14:46.407763,9562,126.62300940,45.80090150,-119.207,0.432,26.409,-0.230,43.466,-0.373,0.000,0.000,0.000,0.000,0.000,0.000,0.438,0.333,0.000,0.000,1.000,0.000,0.000,1.000,0.000,0.000,1.000,0.000
2025-07-09 15:14:46.517884,8842,126.62300870,45.80090130,-119.032,0.518,26.387,-0.237,43.411,-0.361,0.000,0.000,0.000,0.000,0.000,0.000,0.434,0.333,0.000,0.000,1.000,0.000,0.000,1.000,0.000,0.000,1.000,0.000
2025-07-09 15:14:46.627988,8332,126.62300820,45.80090120,-118.865,0.637,26.375,-0.229,43.373,-0.367,0.000,0.000,0.000,0.000,0.000,0.000,0.434,0.333,0.000,0.000,1.000,0.000,0.000,1.000,0.000,0.000,1.000,0.000
2025-07-09 15:14:46.738161,7712,126.62300760,45.80090100,-118.695,0.755,26.353,-0.261,43.326,-0.363,0.000,0.000,0.000,0.000,0.000,0.000,0.437,0.333,0.000,0.000,1.000,0.000,0.000,1.000,0.000,0.000,1.000,0.000
2025-07-09 15:14:46.848201,6992,126.62300690,45.80090080,-118.537,0.890,26.331,-0.271,43.272,-0.359,0.000,0.000,0.000,0.000,0.000,0.000,0.443,0.333,0.000,0.000,1.000,0.000,0.000,1.000,0.000,0.000,1.000,0.000
2025-07-09 15:14:46.958291,6472,126.62300640,45.80090060,-118.401,1.020,26.309,-0.277,43.233,-0.355,0.000,0.000,0.000,0.000,0.000,0.000,0.449,0.667,0.000,0.000,1.000,0.000,0.000,1.000,0.000,0.000,1.000,0.000
2025-07-09 15:14:47.068406,5852,126.62300580,45.80090040,-118.226,1.171,26.286,-0.222,43.187,-0.358,0.000,0.000,0.000,0.000,0.000,0.000,0.440,0.667,0.000,0.000,1.000,0.000,0.000,1.000,0.000,0.000,1.000,0.000
2025-07-09 15:14:47.178510,5322,126.62300530,45.80090010,-118.176,1.184,26.253,-0.226,43.148,-0.374,0.000,0.000,0.000,0.000,0.000,0.000,0.436,0.667,0.000,0.000,1.000,0.000,0.000,1.000,0.000,0.000,1.000,0.000
2025-07-09 15:14:47.288619,4802,126.62300480,45.80089990,-118.104,1.196,26.231,-0.218,43.109,-0.359,0.000,0.000,0.000,0.000,0.000,0.000,0.426,0.667,0.000,0.000,1.000,0.000,0.000,1.000,0.000,0.000,1.000,0.000
2025-07-09 15:14:47.398709,4382,126.62300440,45.80089970,-118.011,1.194,26.209,-0.183,43.078,-0.356,0.000,0.000,0.000,0.000,0.000,0.000,0.419,-0.000,0.000,0.000,1.000,0.000,0.000,1.000,0.000,0.000,1.000,0.000
2025-07-09 15:14:47.508833,3852,126.62300390,45.80089940,-117.879,1.206,26.175,-0.179,43.039,-0.344,0.000,0.000,0.000,0.000,0.000,0.000,0.403,-0.000,0.000,0.000,1.000,0.000,0.000,1.000,0.000,0.000,1.000,0.000
2025-07-09 15:14:47.618937,3432,126.62300350,45.80089920,-117.711,1.200,26.153,-0.198,43.008,-0.369,0.000,0.000,0.000,0.000,0.000,0.000,0.402,-0.000,0.000,0.000,1.000,0.000,0.000,1.000,0.000,0.000,1.000,0.000
2025-07-09 15:14:47.729045,2912,126.62300300,45.80089900,-117.456,1.280,26.131,-0.226,42.970,-0.350,0.000,0.000,0.000,0.000,0.000,0.000,0.408,-0.000,0.000,0.000,1.000,0.000,0.000,1.000,0.000,0.000,1.000,0.000
2025-07-09 15:14:47.839140,2492,126.62300260,45.80089880,-117.228,1.332,26.109,-0.218,42.938,-0.348,0.000,0.000,0.000,0.000,0.000,0.000,0.415,-0.000,0.000,0.000,1.000,0.000,0.000,1.000,0.000,0.000,1.000,0.000
2025-07-09 15:14:47.949255,1962,126.62300210,45.80089860,-117.014,1.383,26.086,-0.208,42.900,-0.343,0.000,0.000,0.000,0.000,0.000,0.000,0.409,0.055,0.000,0.000,1.000,0.000,0.000,1.000,0.000,0.000,1.000,0.000
2025-07-09 15:14:48.069456,1552,126.62300170,45.80089840,-116.862,1.386,26.064,-0.202,42.869,-0.337,0.000,0.000,0.000,0.000,0.000,0.000,0.402,0.055,0.000,0.000,1.000,0.000,0.000,1.000,0.000,0.000,1.000,0.000
2025-07-09 15:14:48.189485,932,126.62300110,45.80089820,-116.695,1.366,26.042,-0.237,42.822,-0.364,0.000,0.000,0.000,0.000,0.000,0.000,0.409,0.055,0.000,0.000,1.000,0.000,0.000,1.000,0.000,0.000,1.000,0.000
2025-07-09 15:14:48.309607,302,126.62300050,45.80089790,-116.532,1.456,26.008,-0.248,42.776,-0.356,0.000,0.000,0.000,0.000,0.000,0.000,0.420,0.055,0.000,0.000,1.000,0.000,0.000,1.000,0.000,0.000,1.000,0.000
2025-07-09 15:14:48.429693,9772,126.62300000,45.80089760,-116.351,1.542,25.975,-0.239,42.737,-0.367,0.000,0.000,0.000,0.000,0.000,0.000,0.435,0.389,0.000,0.000,1.000,0.000,0.000,1.000,0.000,0.000,1.000,0.000
2025-07-09 15:14:48.549811,9142,126.62299940,45.80089740,-116.170,1.608,25.953,-0.225,42.690,-0.368,0.000,0.000,0.000,0.000,0.000,0.000,0.434,0.389,0.000,0.000,1.000,0.000,0.000,1.000,0.000,0.000,1.000,0.000
2025-07-09 15:14:48.669941,8622,126.62299890,45.80089710,-115.963,1.660,25.920,-0.213,42.652,-0.358,0.000,0.000,0.000,0.000,0.000,0.000,0.429,0.389,0.000,0.000,1.000,0.000,0.000,1.000,0.000,0.000,1.000,0.000
2025-07-09 15:14:48.790056,7982,126.62299830,45.80089680,-115.658,1.762,25.886,-0.232,42.605,-0.328,0.000,0.000,0.000,0.000,0.000,0.000,0.417,0.389,0.000,0.000,1.000,0.000,0.000,1.000,0.000,0.000,1.000,0.000
2025-07-09 15:14:48.910187,7472,126.62299780,45.80089660,-115.358,1.778,25.864,-0.229,42.566,-0.331,0.000,0.000,0.000,0.000,0.000,0.000,0.407,0.278,0.000,0.000,1.000,0.000,0.000,1.000,0.000,0.000,1.000,0.000
