时间戳,数字标签,经度,纬度,艏向,角速度,x坐标,向北速度,y坐标,向东速度,期望艏向,期望速度,期望角速度,期望舵角,期望推进器电压,舵角积分补偿,航速,实际舵角,实际推进器电压,艏PG1,艏PG2,艏PG3,角PG1,角PG2,角PG3,速PG1,速PG2,速PG3
2025-07-14 15:47:00.016605,4376,126.62443780,45.80096570,86.410,1.483,33.548,-0.259,154.196,-0.199,0.000,0.000,0.000,0.000,0.000,0.000,0.286,3.655,0.000,0.000,1.000,0.000,0.000,1.000,0.000,0.000,1.000,0.000
2025-07-14 15:47:00.128907,4146,126.62443760,45.80096550,86.549,-3.240,33.525,-0.153,154.180,-0.111,0.000,0.000,0.000,0.000,0.000,0.000,0.276,3.655,0.000,0.000,1.000,0.000,0.000,1.000,0.000,0.000,1.000,0.000
2025-07-14 15:47:00.238987,3736,126.62443720,45.80096530,86.745,1.775,33.503,-0.211,154.149,-0.120,0.000,0.000,0.000,0.000,0.000,0.000,0.253,3.655,0.000,0.000,1.000,0.000,0.000,1.000,0.000,0.000,1.000,0.000
2025-07-14 15:47:00.349084,3516,126.62443700,45.80096510,86.862,1.069,33.481,-0.208,154.134,-0.128,0.000,0.000,0.000,0.000,0.000,0.000,0.225,3.655,0.000,0.000,1.000,0.000,0.000,1.000,0.000,0.000,1.000,0.000
2025-07-14 15:47:00.459205,3286,126.62443680,45.80096490,87.004,1.280,33.459,-0.199,154.118,-0.127,0.000,0.000,0.000,0.000,0.000,0.000,0.241,3.655,0.000,0.000,1.000,0.000,0.000,1.000,0.000,0.000,1.000,0.000
2025-07-14 15:47:00.569276,3086,126.62443660,45.80096480,87.142,1.247,33.447,-0.197,154.103,-0.144,0.000,0.000,0.000,0.000,0.000,0.000,0.241,3.655,0.000,0.000,1.000,0.000,0.000,1.000,0.000,0.000,1.000,0.000
2025-07-14 15:47:00.689418,2766,126.62443630,45.80096460,87.298,1.307,33.425,-0.179,154.079,-0.158,0.000,0.000,0.000,0.000,0.000,0.000,0.240,3.655,0.000,0.000,1.000,0.000,0.000,1.000,0.000,0.000,1.000,0.000
2025-07-14 15:47:00.809519,2546,126.62443610,45.80096440,87.485,1.558,33.403,-0.191,154.064,-0.136,0.000,0.000,0.000,0.000,0.000,0.000,0.239,3.655,0.000,0.000,1.000,0.000,0.000,1.000,0.000,0.000,1.000,0.000
2025-07-14 15:47:00.929646,2426,126.62443600,45.80096420,87.646,1.342,33.381,-0.177,154.056,-0.134,0.000,0.000,0.000,0.000,0.000,0.000,0.232,3.655,0.000,0.000,1.000,0.000,0.000,1.000,0.000,0.000,1.000,0.000
2025-07-14 15:47:01.049721,2206,126.62443580,45.80096400,87.746,0.828,33.358,-0.209,154.041,-0.131,0.000,0.000,0.000,0.000,0.000,0.000,0.234,3.655,0.000,0.000,1.000,0.000,0.000,1.000,0.000,0.000,1.000,0.000
2025-07-14 15:47:01.169864,2086,126.62443570,45.80096380,87.821,0.630,33.336,-0.218,154.033,-0.142,0.000,0.000,0.000,0.000,0.000,0.000,0.243,3.655,0.000,0.000,1.000,0.000,0.000,1.000,0.000,0.000,1.000,0.000
2025-07-14 15:47:01.290007,1856,126.62443550,45.80096350,87.972,1.254,33.303,-0.203,154.017,-0.148,0.000,0.000,0.000,0.000,0.000,0.000,0.253,3.655,0.000,0.000,1.000,0.000,0.000,1.000,0.000,0.000,1.000,0.000
2025-07-14 15:47:01.410100,1536,126.62443520,45.80096330,125.968,1.254,33.281,-0.195,153.994,-0.129,0.000,0.000,0.000,-0.050,0.000,0.000,0.248,3.655,0.000,0.000,1.000,0.000,0.000,1.000,0.000,0.000,1.000,0.000
2025-07-14 15:47:01.530219,1316,126.62443500,45.80096310,126.264,2.467,33.258,-0.176,153.979,-0.139,0.000,0.440,-16.770,-0.100,0.000,0.000,0.236,3.655,0.000,0.000,1.000,0.000,0.000,1.000,0.000,0.000,1.000,0.000
2025-07-14 15:47:01.650323,996,126.62443470,45.80096290,126.486,1.850,33.236,-0.169,153.955,-0.141,0.000,0.440,-16.770,-0.869,0.035,0.000,0.226,3.655,0.000,0.000,1.000,0.000,0.000,0.997,-0.003,0.000,1.000,0.000
2025-07-14 15:47:01.760438,776,126.62443450,45.80096270,126.691,1.864,33.214,-0.194,153.940,-0.127,0.000,0.450,15.650,-1.613,0.072,0.000,0.225,3.655,0.000,0.000,1.000,0.000,0.000,0.991,-0.004,0.000,1.000,0.000
2025-07-14 15:47:01.870523,656,126.62443440,45.80096250,126.861,1.545,33.192,-0.207,153.932,-0.145,0.000,0.450,15.650,-1.070,0.110,0.000,0.235,3.655,0.000,0.000,1.000,0.000,0.000,0.965,-0.031,0.000,1.000,-0.000
2025-07-14 15:47:01.980659,526,126.62443430,45.80096220,127.062,1.827,33.158,-0.190,153.924,-0.155,0.000,0.430,15.550,-0.513,0.147,0.000,0.243,3.655,0.000,0.000,1.000,0.000,0.000,0.942,0.000,0.000,1.000,-0.000
2025-07-14 15:47:02.090775,406,126.62443420,45.80096200,127.247,1.682,33.136,-0.187,153.917,-0.141,0.000,0.430,15.550,0.028,0.179,0.000,0.244,-0.924,0.000,0.000,1.000,0.000,0.000,0.936,-0.006,0.000,1.000,-0.000
2025-07-14 15:47:02.200856,186,126.62443400,45.80096180,127.447,1.818,33.114,-0.198,153.901,-0.154,0.000,0.430,15.540,0.574,0.211,0.000,0.243,-0.924,0.000,0.000,1.000,0.000,0.000,0.919,-0.024,0.000,1.000,-0.000
2025-07-14 15:47:02.310971,66,126.62443390,45.80096160,127.637,1.727,33.092,-0.196,153.893,-0.167,0.000,0.430,15.540,1.113,0.243,0.000,0.248,-0.924,0.000,0.000,1.000,0.000,0.000,0.909,-0.033,0.000,1.000,-0.000
2025-07-14 15:47:02.421066,9846,126.62443370,45.80096140,127.841,1.855,33.069,-0.205,153.878,-0.138,0.000,0.440,15.480,1.654,0.274,0.000,0.252,-0.924,0.000,0.000,1.000,0.000,0.000,0.895,-0.048,0.000,1.000,-0.000
2025-07-14 15:47:02.531174,9626,126.62443350,45.80096120,127.978,1.234,33.047,-0.198,153.862,-0.136,0.000,0.440,15.480,2.187,0.306,0.000,0.248,-0.450,0.000,0.000,1.000,0.000,0.000,0.886,-0.057,0.000,1.000,-0.000
2025-07-14 15:47:02.641273,9406,126.62443330,45.80096100,128.116,1.255,33.025,-0.177,153.847,-0.145,0.000,0.450,15.430,2.740,0.339,0.000,0.239,-0.450,0.000,0.000,1.000,0.000,0.000,0.858,-0.085,0.000,1.000,-0.000
2025-07-14 15:47:02.751378,9196,126.62443310,45.80096090,128.443,2.973,33.014,-0.185,153.831,-0.141,0.000,0.450,15.430,3.290,0.375,0.000,0.234,-0.450,0.000,0.000,1.000,0.000,0.000,0.847,-0.095,0.000,1.000,-0.000
2025-07-14 15:47:02.861493,8966,126.62443290,45.80096060,128.662,1.991,32.980,-0.227,153.816,-0.159,0.000,0.450,15.430,3.778,0.412,0.000,0.246,-0.450,0.000,0.000,1.000,0.000,0.000,0.882,-0.060,0.000,1.000,-0.000
2025-07-14 15:47:02.971594,8846,126.62443280,45.80096040,128.884,2.018,32.958,-0.224,153.808,-0.165,0.000,0.450,15.430,4.299,0.447,0.000,0.263,-0.450,0.000,0.000,1.000,0.000,0.000,0.849,-0.097,0.000,1.000,-0.000
2025-07-14 15:47:03.081686,8616,126.62443260,45.80096010,129.116,2.109,32.925,-0.147,153.793,-0.108,0.000,0.430,15.370,4.818,0.480,0.000,0.246,3.076,0.000,0.000,1.000,0.000,0.000,0.840,-0.106,0.000,1.000,-0.000
2025-07-14 15:47:03.201817,8396,126.62443240,45.80095990,129.295,1.492,32.903,-0.216,153.777,-0.114,0.000,0.430,15.370,5.330,0.511,0.000,0.235,3.076,0.000,0.000,1.000,0.000,0.000,0.833,-0.113,0.000,1.000,-0.000
2025-07-14 15:47:03.311928,8176,126.62443220,45.80095970,129.500,1.864,32.880,-0.202,153.762,-0.121,0.000,0.460,15.320,5.862,0.545,0.000,0.221,3.076,0.000,0.000,1.000,0.000,0.000,0.808,-0.138,0.000,1.000,-0.000
2025-07-14 15:47:03.422033,7956,126.62443200,45.80095950,129.640,1.273,32.858,-0.211,153.746,-0.169,0.000,0.460,15.320,6.378,0.586,0.000,0.250,3.076,0.000,0.000,1.000,0.000,0.000,0.809,-0.138,0.000,1.000,-0.000
2025-07-14 15:47:03.532133,7736,126.62443180,45.80095930,129.759,1.072,32.836,-0.222,153.731,-0.182,0.000,0.450,15.310,6.911,0.622,0.000,0.264,5.129,0.000,0.000,1.000,0.000,0.000,0.785,-0.162,0.000,1.000,-0.000
2025-07-14 15:47:03.642245,7516,126.62443160,45.80095910,129.830,0.645,32.814,-0.220,153.715,-0.186,0.000,0.450,15.310,7.449,0.653,0.000,0.282,5.129,0.000,0.000,1.000,0.000,0.000,0.771,-0.175,0.000,1.000,-0.000
2025-07-14 15:47:03.752350,7196,126.62443130,45.80095890,129.922,0.836,32.791,-0.183,153.692,-0.124,0.000,0.420,15.260,7.998,0.682,0.000,0.265,5.129,0.000,0.000,1.000,0.000,0.000,0.752,-0.195,0.000,1.000,-0.000
2025-07-14 15:47:03.862448,7076,126.62443120,45.80095870,130.051,1.173,32.769,-0.217,153.684,-0.166,0.000,0.420,15.260,8.538,0.709,0.000,0.261,5.129,0.000,0.000,1.000,0.000,0.000,0.748,-0.198,0.000,1.000,-0.000
2025-07-14 15:47:03.972577,6946,126.62443110,45.80095840,130.259,1.891,32.736,-0.205,153.676,-0.184,0.000,0.460,15.270,9.066,0.736,0.000,0.257,5.129,0.000,0.000,1.000,0.000,0.000,0.750,-0.197,0.000,1.000,-0.000
2025-07-14 15:47:04.082673,6736,126.62443090,45.80095830,130.425,1.509,32.725,-0.210,153.661,-0.155,0.000,0.460,15.270,9.569,0.771,0.000,0.270,8.129,0.000,0.000,1.000,0.000,0.000,0.761,-0.185,0.000,1.000,-0.000
2025-07-14 15:47:04.192783,6506,126.62443070,45.80095800,130.524,0.900,32.691,-0.203,153.645,-0.120,0.000,0.460,15.240,10.083,0.803,0.000,0.257,8.129,0.000,0.000,1.000,0.000,0.000,0.744,-0.203,0.000,1.000,-0.000
2025-07-14 15:47:04.302870,6386,126.62443060,45.80095780,130.566,0.382,32.669,-0.197,153.637,-0.116,0.000,0.460,15.240,10.612,0.838,0.000,0.242,8.129,0.000,0.000,1.000,0.000,0.000,0.722,-0.224,0.000,1.000,-0.000
2025-07-14 15:47:04.412973,6156,126.62443040,45.80095760,130.641,0.682,32.647,-0.227,153.622,-0.111,0.000,0.460,15.190,11.153,0.876,0.000,0.239,8.129,0.000,0.000,1.000,0.000,0.000,0.702,-0.244,0.000,1.000,-0.000
2025-07-14 15:47:04.523081,5946,126.62443020,45.80095740,130.793,1.382,32.625,-0.214,153.606,-0.120,0.000,0.460,15.190,11.683,0.913,0.000,0.242,8.129,0.000,0.000,1.000,0.000,0.000,0.703,-0.243,0.000,1.000,-0.000
2025-07-14 15:47:04.633198,5636,126.62442990,45.80095730,130.996,1.829,32.613,-0.209,153.583,-0.142,0.000,0.460,15.200,12.191,0.951,0.000,0.250,11.129,0.000,0.000,1.000,0.000,0.000,0.715,-0.231,0.000,1.000,-0.000
2025-07-14 15:47:04.743283,5416,126.62442970,45.80095710,131.081,0.773,32.591,-0.236,153.568,-0.161,0.000,0.460,15.200,12.684,0.987,0.000,0.261,11.129,0.000,0.000,1.000,0.000,0.000,0.720,-0.225,0.000,1.000,-0.000
2025-07-14 15:47:04.853398,5276,126.62442960,45.80095670,131.174,0.845,32.547,-0.203,153.560,-0.127,0.000,0.440,15.180,13.205,1.021,0.000,0.259,11.129,0.000,0.000,1.000,0.000,0.000,0.689,-0.258,0.000,1.000,-0.000
2025-07-14 15:47:04.963481,5056,126.62442940,45.80095650,131.200,0.236,32.525,-0.198,153.544,-0.119,0.000,0.440,15.180,13.723,1.052,0.000,0.252,11.129,0.000,0.000,1.000,0.000,0.000,0.685,-0.261,0.000,1.000,-0.000
2025-07-14 15:47:05.073609,4926,126.62442930,45.80095620,131.220,0.182,32.491,-0.214,153.537,-0.137,0.000,0.450,15.130,14.254,1.084,0.000,0.242,12.023,0.000,0.000,1.000,0.000,0.000,0.664,-0.282,0.000,1.000,-0.000
2025-07-14 15:47:05.183723,4696,126.62442910,45.80095590,131.291,0.645,32.458,-0.233,153.521,-0.146,0.000,0.450,15.130,14.783,1.120,0.000,0.253,12.023,0.000,0.000,1.000,0.000,0.000,0.657,-0.289,0.000,1.000,-0.000
2025-07-14 15:47:05.293817,4476,126.62442890,45.80095570,131.372,0.736,32.436,-0.228,153.506,-0.163,0.000,0.450,15.130,15.299,1.153,0.000,0.270,12.023,0.000,0.000,1.000,0.000,0.000,0.664,-0.282,0.000,1.000,-0.000
2025-07-14 15:47:05.403920,4246,126.62442870,45.80095540,131.446,0.673,32.402,-0.213,153.490,-0.109,0.000,0.460,15.140,15.811,1.184,0.000,0.265,12.023,0.000,0.000,1.000,0.000,0.000,0.661,-0.285,0.000,1.000,-0.000
2025-07-14 15:47:05.514032,4026,126.62442850,45.80095520,131.479,0.300,32.380,-0.205,153.475,-0.110,0.000,0.460,15.140,16.322,1.218,0.000,0.251,12.023,0.000,0.000,1.000,0.000,0.000,0.655,-0.291,0.000,1.000,-0.000
2025-07-14 15:47:05.624147,3706,126.62442820,45.80095500,131.532,0.477,32.358,-0.191,153.451,-0.125,0.000,0.450,15.140,16.841,1.254,0.000,0.233,13.497,0.000,0.000,1.000,0.000,0.000,0.641,-0.305,0.000,1.000,-0.000
2025-07-14 15:47:05.734244,3486,126.62442800,45.80095480,131.638,0.964,32.335,-0.199,153.436,-0.164,0.000,0.450,15.140,17.354,1.291,0.000,0.240,13.497,0.000,0.000,1.000,0.000,0.000,0.641,-0.305,0.000,1.000,-0.000
2025-07-14 15:47:05.844351,3256,126.62442780,45.80095450,131.805,1.518,32.302,-0.238,153.420,-0.159,0.000,0.450,15.140,17.854,1.327,0.000,0.257,13.497,0.000,0.000,1.000,0.000,0.000,0.649,-0.297,0.000,1.000,-0.000
2025-07-14 15:47:05.954440,3036,126.62442760,45.80095430,131.894,0.809,32.280,-0.231,153.405,-0.163,0.000,0.460,15.170,18.337,1.360,0.000,0.276,13.497,0.000,0.000,1.000,0.000,0.000,0.658,-0.287,0.000,1.000,-0.000
2025-07-14 15:47:06.064557,2816,126.62442740,45.80095410,131.905,0.100,32.258,-0.228,153.389,-0.115,0.000,0.460,15.170,18.837,1.392,0.000,0.275,16.708,0.000,0.000,1.000,0.000,0.000,0.638,-0.309,0.000,1.000,-0.000
2025-07-14 15:47:06.174756,2596,126.62442720,45.80095390,131.854,-0.464,32.235,-0.228,153.374,-0.118,0.000,0.440,15.160,19.353,1.423,0.000,0.265,16.708,0.000,0.000,1.000,0.000,0.000,0.616,-0.330,0.000,1.000,-0.000
2025-07-14 15:47:06.284768,2376,126.62442700,45.80095370,131.822,-0.291,32.213,-0.267,153.358,-0.141,0.000,0.440,15.160,19.879,1.453,0.000,0.271,16.708,0.000,0.000,1.000,0.000,0.000,0.598,-0.347,0.000,1.000,-0.000
2025-07-14 15:47:06.394861,2156,126.62442680,45.80095350,131.865,0.391,32.191,-0.221,153.343,-0.087,0.000,0.440,15.160,20.400,1.482,0.000,0.265,16.708,0.000,0.000,1.000,0.000,0.000,0.599,-0.346,0.000,1.000,-0.000
2025-07-14 15:47:06.504975,1836,126.62442650,45.80095330,131.975,1.000,32.169,-0.198,153.320,-0.099,0.000,0.480,15.110,20.906,1.512,0.000,0.254,16.708,0.000,0.000,1.000,0.000,0.000,0.613,-0.332,0.000,1.000,-0.000
2025-07-14 15:47:06.615071,1616,126.62442630,45.80095310,132.050,0.682,32.146,-0.179,153.304,-0.102,0.000,0.480,15.110,21.393,1.551,0.000,0.222,18.550,0.000,0.000,1.000,0.000,0.000,0.625,-0.320,0.000,1.000,-0.000
2025-07-14 15:47:06.725193,1296,126.62442600,45.80095290,132.179,1.162,32.124,-0.193,153.281,-0.105,0.000,0.470,15.100,21.886,1.595,0.000,0.216,18.550,0.000,0.000,1.000,0.000,0.000,0.614,-0.331,0.000,0.999,-0.001
2025-07-14 15:47:06.835281,1276,126.62442600,45.80095270,132.153,-0.236,32.102,-0.257,153.281,-0.113,0.000,0.470,15.100,22.367,1.639,0.000,0.235,18.550,0.000,0.000,1.000,0.000,0.000,0.622,-0.323,0.000,0.999,-0.001
2025-07-14 15:47:06.945496,1246,126.62442600,45.80095240,132.175,0.200,32.069,-0.255,153.281,-0.149,0.000,0.470,15.100,22.876,1.679,0.000,0.265,18.550,0.000,0.000,1.000,0.000,0.000,0.586,-0.360,0.000,0.999,-0.001
2025-07-14 15:47:07.055494,1126,126.62442590,45.80095220,132.241,0.600,32.046,-0.211,153.273,-0.117,0.000,0.450,15.100,23.376,1.714,0.000,0.272,19.971,0.000,0.000,1.000,0.000,0.000,0.593,-0.353,0.000,0.999,-0.001
2025-07-14 15:47:07.165602,896,126.62442570,45.80095190,132.336,0.864,32.013,-0.190,153.258,-0.138,0.000,0.450,15.100,23.867,1.745,0.000,0.257,19.971,0.000,0.000,1.000,0.000,0.000,0.600,-0.346,0.000,0.999,-0.001
2025-07-14 15:47:07.275720,676,126.62442550,45.80095170,132.373,0.336,31.991,-0.209,153.242,-0.057,0.000,0.430,15.100,24.350,1.778,0.000,0.231,19.971,0.000,0.000,1.000,0.000,0.000,0.604,-0.343,0.000,0.999,-0.001
2025-07-14 15:47:07.385811,546,126.62442540,45.80095150,132.393,0.182,31.969,-0.193,153.234,-0.068,0.000,0.430,15.100,24.842,1.812,0.000,0.219,19.971,0.000,0.000,1.000,0.000,0.000,0.588,-0.358,0.000,0.999,-0.001
2025-07-14 15:47:07.495931,336,126.62442520,45.80095130,132.421,0.255,31.946,-0.271,153.219,-0.076,0.000,0.430,15.100,25.337,1.848,0.000,0.234,19.971,0.000,0.000,1.000,0.000,0.000,0.582,-0.365,0.000,0.999,-0.001
2025-07-14 15:47:07.606023,116,126.62442500,45.80095110,132.487,0.600,31.924,-0.272,153.203,-0.098,0.000,0.470,15.100,25.829,1.881,0.000,0.258,22.550,0.000,0.000,1.000,0.000,0.000,0.581,-0.365,0.000,0.999,-0.001
2025-07-14 15:47:07.716140,9786,126.62442470,45.80095090,132.594,0.964,31.902,-0.236,153.180,-0.047,0.000,0.470,15.100,26.313,1.918,0.000,0.270,22.550,0.000,0.000,1.000,0.000,0.000,0.587,-0.360,0.000,0.999,-0.001
2025-07-14 15:47:07.826232,9866,126.62442480,45.80095060,132.673,0.718,31.868,-0.237,153.188,-0.019,0.000,0.420,15.080,26.788,1.952,0.000,0.256,22.550,0.000,0.000,1.000,0.000,0.000,0.593,-0.353,0.000,0.999,-0.001
2025-07-14 15:47:07.936355,9926,126.62442490,45.80095030,132.677,0.036,31.835,-0.218,153.196,-0.025,0.000,0.420,15.080,27.265,1.980,0.000,0.233,22.550,0.000,0.000,1.000,0.000,0.000,0.585,-0.362,0.000,0.999,-0.001
2025-07-14 15:47:08.046427,6,126.62442500,45.80095000,132.669,-0.073,31.802,-0.297,153.203,-0.054,0.000,0.420,15.080,27.756,2.012,0.000,0.253,24.971,0.000,0.000,1.000,0.000,0.000,0.566,-0.380,0.000,0.999,-0.001
2025-07-14 15:47:08.156550,9966,126.62442500,45.80094970,132.770,0.918,31.768,-0.284,153.203,-0.091,0.000,0.460,15.100,28.248,2.041,0.000,0.273,24.971,0.000,0.000,1.000,0.000,0.000,0.561,-0.385,0.000,0.999,-0.001
2025-07-14 15:47:08.266719,9956,126.62442500,45.80094950,133.021,2.282,31.746,-0.244,153.203,0.010,0.000,0.460,15.100,28.720,2.073,0.000,0.281,24.971,0.000,0.000,1.000,0.000,0.000,0.583,-0.363,0.000,0.999,-0.001
2025-07-14 15:47:08.376760,9826,126.62442490,45.80094920,133.412,3.555,31.713,-0.227,153.196,-0.007,0.000,0.430,15.040,29.159,2.103,0.000,0.257,24.971,0.000,0.000,1.000,0.000,0.000,0.612,-0.333,0.000,0.999,-0.001
2025-07-14 15:47:08.486865,9706,126.62442480,45.80094900,133.734,2.927,31.691,-0.217,153.188,-0.038,0.000,0.430,15.040,29.561,2.133,0.000,0.231,24.971,0.000,0.000,1.000,0.000,0.000,0.637,-0.306,0.000,0.999,-0.001
2025-07-14 15:47:08.597015,9586,126.62442470,45.80094880,134.033,2.718,31.668,-0.203,153.180,-0.057,0.000,0.470,15.020,29.977,2.167,0.000,0.219,26.550,0.000,0.000,1.000,0.000,0.000,0.622,-0.322,0.000,0.999,-0.001
2025-07-14 15:47:08.707063,9466,126.62442460,45.80094860,134.270,2.155,31.646,-0.191,153.172,-0.078,0.000,0.470,15.020,30.000,2.210,0.000,0.212,26.550,0.000,0.000,1.000,0.000,0.000,0.615,-0.329,0.000,0.999,-0.001
2025-07-14 15:47:08.817172,9536,126.62442470,45.80094830,134.695,3.829,31.613,-0.248,153.180,0.034,0.000,0.460,14.950,30.000,2.255,0.000,0.222,26.550,0.000,0.000,1.000,0.000,0.000,0.615,-0.338,0.000,0.999,-0.001
2025-07-14 15:47:08.927284,9606,126.62442480,45.80094800,135.187,4.473,31.579,-0.235,153.188,0.013,0.000,0.460,14.950,30.000,2.295,0.000,0.231,26.550,0.000,0.000,1.000,0.000,0.000,0.615,-0.336,0.000,0.999,-0.001
2025-07-14 15:47:09.037476,9666,126.62442490,45.80094760,135.807,5.636,31.535,-0.220,153.196,0.014,0.000,0.420,14.920,30.000,2.335,0.000,0.235,26.550,0.000,0.000,1.000,0.000,0.000,1.000,0.000,0.000,0.999,-0.001
2025-07-14 15:47:09.147506,9636,126.62442490,45.80094730,136.383,5.236,31.502,-0.202,153.196,-0.005,0.000,0.420,14.920,30.000,2.366,0.000,0.219,26.550,0.000,0.000,1.000,0.000,0.000,1.000,0.000,0.000,0.999,-0.001
2025-07-14 15:47:09.267587,9616,126.62442490,45.80094710,136.836,3.775,31.479,-0.243,153.196,0.088,0.000,0.420,14.830,30.000,2.401,0.000,0.227,26.550,0.000,0.000,1.000,0.000,0.000,1.000,0.000,0.000,0.999,-0.001
2025-07-14 15:47:09.377702,9696,126.62442500,45.80094690,137.382,4.964,31.457,-0.225,153.203,0.070,0.000,0.420,14.830,30.000,2.434,0.000,0.232,26.550,0.000,0.000,1.000,0.000,0.000,1.000,0.000,0.000,0.999,-0.001
2025-07-14 15:47:09.487792,9666,126.62442500,45.80094660,138.110,6.618,31.424,-0.272,153.203,0.104,0.000,0.430,14.740,30.000,2.466,0.000,0.262,26.550,0.000,0.000,1.000,0.000,0.000,1.000,0.000,0.000,0.999,-0.001
2025-07-14 15:47:09.597976,9546,126.62442490,45.80094640,138.892,7.109,31.401,-0.260,153.196,0.083,0.000,0.430,14.740,30.000,2.495,0.000,0.267,26.602,0.000,0.000,1.000,0.000,0.000,1.000,0.000,0.000,0.999,-0.001
2025-07-14 15:47:09.708029,9526,126.62442490,45.80094620,139.822,8.455,31.379,-0.242,153.196,0.067,0.000,0.430,14.670,30.000,2.523,0.000,0.272,26.602,0.000,0.000,1.000,0.000,0.000,1.000,0.000,0.000,0.999,-0.001
2025-07-14 15:47:09.818115,9796,126.62442520,45.80094590,140.614,7.135,31.346,-0.235,153.219,0.137,0.000,0.430,14.670,30.000,2.550,0.000,0.265,26.602,0.000,0.000,1.000,0.000,0.000,1.000,0.000,0.000,0.999,-0.001
2025-07-14 15:47:09.928230,166,126.62442560,45.80094560,141.484,7.909,31.312,-0.215,153.250,0.130,0.000,0.460,14.520,30.000,2.578,0.000,0.258,26.602,0.000,0.000,1.000,0.000,0.000,1.000,0.000,0.000,0.999,-0.001
2025-07-14 15:47:10.038330,546,126.62442600,45.80094540,142.308,7.491,31.290,-0.269,153.281,0.106,0.000,0.460,14.520,30.000,2.613,0.000,0.271,26.602,0.000,0.000,1.000,0.000,0.000,1.000,0.000,0.000,0.999,-0.001
2025-07-14 15:47:10.148427,816,126.62442630,45.80094510,143.405,9.973,31.257,-0.257,153.304,0.073,0.000,0.470,14.350,30.000,2.645,0.000,0.269,26.602,0.000,0.000,1.000,0.000,0.000,1.000,0.000,0.000,0.999,-0.001
2025-07-14 15:47:10.258534,996,126.62442650,45.80094490,144.477,9.745,31.235,-0.226,153.320,0.118,0.000,0.470,14.350,30.000,2.680,0.000,0.270,26.602,0.000,0.000,1.000,0.000,0.000,1.000,0.000,0.000,0.999,-0.001
2025-07-14 15:47:10.368722,1266,126.62442680,45.80094460,145.729,11.382,31.201,-0.191,153.343,0.119,0.000,0.460,14.210,30.000,2.714,0.000,0.249,26.602,0.000,0.000,1.000,0.000,0.000,1.000,0.000,0.000,0.999,-0.001
2025-07-14 15:47:10.478755,1446,126.62442700,45.80094440,146.952,11.118,31.179,-0.183,153.358,0.171,0.000,0.460,14.210,30.000,2.750,0.000,0.243,26.602,0.000,0.000,1.000,0.000,0.000,1.000,0.000,0.000,0.999,-0.001
2025-07-14 15:47:10.588856,1736,126.62442730,45.80094430,148.025,9.755,31.168,-0.159,153.382,0.153,0.000,0.470,13.970,30.000,2.787,0.000,0.232,26.760,0.000,0.000,1.000,0.000,0.000,1.000,0.000,0.000,0.999,-0.001
2025-07-14 15:47:10.698971,1916,126.62442750,45.80094410,149.154,10.264,31.146,-0.139,153.397,0.123,0.000,0.470,13.970,30.000,2.828,0.000,0.219,26.760,0.000,0.000,1.000,0.000,0.000,1.000,0.000,0.000,0.999,-0.001
2025-07-14 15:47:10.809067,2186,126.62442780,45.80094380,150.412,11.436,31.112,-0.297,153.420,0.202,0.000,0.450,13.780,30.000,2.871,0.000,0.255,26.760,0.000,0.000,1.000,0.000,0.000,1.000,0.000,0.000,0.999,-0.001
2025-07-14 15:47:10.919177,2546,126.62442820,45.80094340,151.898,13.387,31.068,-0.269,153.451,0.204,0.000,0.450,13.780,30.000,2.904,0.000,0.294,26.760,0.000,0.000,1.000,0.000,0.000,1.000,0.000,0.000,0.999,-0.001
2025-07-14 15:47:11.039283,2919,126.62442860,45.80094310,153.192,10.783,31.035,-0.290,153.482,0.210,0.000,0.430,13.550,30.000,2.931,0.000,0.352,26.760,0.000,0.000,1.000,0.000,0.000,1.000,0.000,0.000,0.999,-0.001
2025-07-14 15:47:11.159399,3279,126.62442900,45.80094270,154.649,12.142,30.990,-0.268,153.513,0.207,0.000,0.430,13.550,30.000,2.944,0.000,0.345,26.760,0.000,0.000,1.000,0.000,0.000,1.000,0.000,0.000,0.999,-0.001
2025-07-14 15:47:11.279532,3739,126.62442950,45.80094240,156.301,13.767,30.957,-0.332,153.552,0.228,0.000,0.450,13.340,30.000,2.959,0.000,0.366,26.760,0.000,0.000,1.000,0.000,0.000,1.000,0.000,0.000,0.999,-0.001
2025-07-14 15:47:11.399635,4119,126.62442990,45.80094210,157.863,13.017,30.923,-0.368,153.583,0.188,0.000,0.450,13.340,29.983,2.973,0.000,0.385,26.760,0.000,0.000,1.000,0.000,0.000,1.000,0.000,0.000,0.999,-0.001
2025-07-14 15:47:11.519763,4502,126.62443030,45.80094190,159.548,14.042,30.901,-0.350,153.614,0.176,0.000,0.550,13.080,29.996,2.984,0.000,0.403,26.760,0.000,0.000,1.000,0.000,0.000,1.001,0.000,0.000,0.999,-0.001
2025-07-14 15:47:11.639852,4769,126.62443060,45.80094160,161.289,14.508,30.868,-0.344,153.637,0.159,0.000,0.550,13.080,29.957,3.010,0.000,0.395,26.760,0.000,0.000,1.000,0.000,0.000,1.001,-0.001,0.000,0.999,-0.001
2025-07-14 15:47:11.760050,5139,126.62443100,45.80094130,162.995,14.217,30.834,-0.311,153.668,0.222,0.000,0.570,12.770,29.900,3.036,0.000,0.384,26.760,0.000,0.000,1.000,0.000,0.000,1.000,-0.001,0.000,0.999,-0.001
2025-07-14 15:47:11.880101,5692,126.62443160,45.80094080,164.810,15.000,30.779,-0.347,153.715,0.269,0.000,0.570,12.770,29.842,3.068,0.000,0.400,26.760,0.000,0.000,1.000,0.000,0.000,1.001,-0.000,0.000,0.999,-0.001
2025-07-14 15:47:12.000207,6142,126.62443210,45.80094030,166.364,12.950,30.723,-0.396,153.754,0.171,0.000,0.550,12.440,29.753,3.097,0.000,0.418,26.760,0.000,0.000,1.000,0.000,0.000,0.999,-0.002,0.000,0.999,-0.001
2025-07-14 15:47:12.120332,6602,126.62443260,45.80093990,167.970,13.383,30.679,-0.358,153.793,0.168,0.000,0.550,12.440,29.733,3.120,0.000,0.422,26.760,0.000,0.000,1.000,0.000,0.000,1.007,0.003,0.000,0.999,-0.001
2025-07-14 15:47:12.230423,7062,126.62443310,45.80093950,169.689,15.627,30.634,-0.428,153.831,0.201,0.000,0.580,12.120,29.695,3.142,0.000,0.433,26.760,0.000,0.000,1.000,0.000,0.000,1.007,0.001,0.000,0.999,-0.001
2025-07-14 15:47:12.340539,7522,126.62443360,45.80093910,171.498,16.445,30.590,-0.400,153.870,0.215,0.000,0.580,12.120,29.555,3.167,0.000,0.441,26.760,0.000,0.000,1.000,0.000,0.000,1.003,-0.001,0.000,0.999,-0.001
2025-07-14 15:47:12.450631,7892,126.62443400,45.80093880,173.118,14.727,30.556,-0.467,153.901,0.198,0.000,0.570,11.750,29.382,3.191,0.000,0.478,26.760,0.000,0.000,1.000,0.000,0.000,0.996,-0.003,0.000,0.999,-0.001
2025-07-14 15:47:12.560810,8252,126.62443440,45.80093840,174.936,16.527,30.512,-0.450,153.932,0.208,0.000,0.580,11.430,29.263,3.207,0.000,0.486,27.339,0.000,0.000,1.000,0.000,0.000,1.009,0.008,0.000,0.999,-0.001
2025-07-14 15:47:12.670847,8722,126.62443490,45.80093810,176.514,14.345,30.479,-0.426,153.971,0.221,0.000,0.580,11.430,29.059,3.223,0.000,0.494,27.339,0.000,0.000,1.000,0.000,0.000,0.998,-0.009,0.000,0.999,-0.001
2025-07-14 15:47:12.780937,9065,126.62443530,45.80093750,177.827,11.936,30.412,-0.487,154.002,0.220,0.000,0.590,11.240,28.942,3.238,0.000,0.503,27.339,0.000,0.000,1.000,0.000,0.000,1.018,0.003,0.000,0.999,-0.001
2025-07-14 15:47:12.891055,9195,126.62443550,45.80093680,179.366,13.991,30.334,-0.506,154.017,0.208,0.000,0.590,11.240,28.914,3.252,0.000,0.520,27.339,0.000,0.000,1.000,0.000,0.000,1.031,0.026,0.000,0.999,-0.001
2025-07-14 15:47:13.001157,9425,126.62443580,45.80093610,-178.885,13.991,30.256,-0.537,154.041,0.159,0.000,0.640,10.930,28.804,3.264,0.000,0.547,27.339,0.000,0.000,1.000,0.000,0.000,1.028,0.014,0.000,0.999,-0.001
2025-07-14 15:47:13.111334,9665,126.62443610,45.80093550,-177.327,14.164,30.189,-0.524,154.064,0.180,0.000,0.650,10.640,28.681,3.280,0.000,0.554,27.392,0.000,0.000,1.000,0.000,0.000,1.028,0.014,0.000,0.999,-0.001
2025-07-14 15:47:13.221682,9995,126.62443650,45.80093480,-175.468,16.900,30.112,-0.564,154.095,0.129,0.000,0.670,10.490,28.539,3.297,0.000,0.564,27.392,0.000,0.000,1.000,0.000,0.000,1.026,0.012,0.000,0.999,-0.001
2025-07-14 15:47:13.331593,335,126.62443690,45.80093420,-173.553,17.409,30.045,-0.547,154.126,0.143,0.000,0.670,10.490,28.283,3.315,0.000,0.566,27.392,0.000,0.000,1.000,0.000,0.000,1.006,-0.005,0.000,0.999,-0.001
2025-07-14 15:47:13.441782,575,126.62443720,45.80093360,-171.878,15.227,29.978,-0.537,154.149,0.120,0.000,0.670,10.490,28.006,3.333,0.000,0.565,27.392,0.000,0.000,1.000,0.000,0.000,0.996,-0.011,0.000,0.999,-0.001
2025-07-14 15:47:13.551897,915,126.62443760,45.80093300,-169.993,17.136,29.911,-0.527,154.180,0.143,0.000,0.700,10.160,27.816,3.351,0.000,0.554,27.392,0.000,0.000,1.000,0.000,0.000,1.022,0.014,0.000,0.999,-0.001
2025-07-14 15:47:13.661974,1265,126.62443800,45.80093250,-168.376,14.700,29.856,-0.520,154.211,0.163,0.000,0.700,10.160,27.536,3.376,0.000,0.547,27.392,0.000,0.000,1.000,0.000,0.000,1.002,-0.015,0.000,0.999,-0.001
2025-07-14 15:47:13.772015,1395,126.62443820,45.80093180,-166.567,16.445,29.778,-0.587,154.227,0.164,0.000,0.720,9.810,27.354,3.402,0.000,0.567,27.392,0.000,0.000,1.000,0.000,0.000,1.032,0.005,0.000,0.999,-0.001
2025-07-14 15:47:13.882107,1325,126.62443820,45.80093110,-164.984,14.261,29.700,-0.626,154.227,0.079,0.000,0.720,9.810,27.087,3.428,0.000,0.595,27.392,0.000,0.000,1.000,0.000,0.000,1.015,-0.022,0.000,0.999,-0.001
2025-07-14 15:47:13.992312,1348,126.62443830,45.80093030,-163.168,16.509,29.611,-0.652,154.234,0.023,0.000,0.700,9.440,26.908,3.450,0.000,0.631,27.392,0.000,0.000,1.000,0.000,0.000,1.040,-0.005,0.000,0.999,-0.001
2025-07-14 15:47:14.102400,1278,126.62443830,45.80092960,-161.579,14.445,29.533,-0.641,154.234,0.050,0.000,0.720,9.140,26.623,3.462,0.000,0.642,27.392,0.000,0.000,1.000,0.000,0.000,1.018,-0.037,0.000,0.999,-0.001
2025-07-14 15:47:14.212424,1408,126.62443850,45.80092890,-159.736,16.755,29.456,-0.666,154.250,0.014,0.000,0.720,9.140,26.408,3.475,0.000,0.654,27.392,0.000,0.000,1.000,0.000,0.000,1.043,-0.021,0.000,0.999,-0.001
2025-07-14 15:47:14.322615,1448,126.62443860,45.80092830,-158.084,15.018,29.389,-0.647,154.258,0.047,0.000,0.750,8.960,26.101,3.486,0.000,0.653,27.392,0.000,0.000,1.000,0.000,0.000,1.017,-0.057,0.000,0.999,-0.001
2025-07-14 15:47:14.432623,1578,126.62443880,45.80092760,-156.158,17.509,29.311,-0.709,154.273,-0.035,0.000,0.750,8.960,25.854,3.503,0.000,0.675,27.392,0.000,0.000,1.000,0.000,0.000,1.038,-0.041,0.000,0.999,-0.001
2025-07-14 15:47:14.542839,1708,126.62443900,45.80092690,-154.478,15.273,29.233,-0.708,154.289,-0.011,0.000,0.790,8.640,25.509,3.516,0.000,0.689,27.392,0.000,0.000,1.000,0.000,0.000,1.005,-0.083,0.000,0.999,-0.001
2025-07-14 15:47:14.652839,1841,126.62443920,45.80092620,-152.599,17.082,29.155,-0.706,154.304,0.018,0.000,0.800,8.320,25.238,3.533,0.000,0.708,27.392,0.000,0.000,1.000,0.000,0.000,1.038,-0.060,0.000,0.999,-0.001
2025-07-14 15:47:14.763021,1881,126.62443930,45.80092560,-150.368,20.282,29.089,-0.706,154.312,-0.037,0.000,0.800,8.320,24.883,3.549,0.000,0.707,27.392,0.000,0.000,1.000,0.000,0.000,1.010,-0.095,0.000,0.999,-0.001
2025-07-14 15:47:14.873053,1291,126.62443880,45.80092470,-148.584,16.218,28.989,-0.759,154.273,-0.087,0.000,0.830,8.110,24.402,3.565,0.000,0.726,27.392,0.000,0.000,1.000,0.000,0.000,0.948,-0.143,0.000,0.999,-0.001
2025-07-14 15:47:14.983170,911,126.62443850,45.80092390,-147.042,13.892,28.900,-0.763,154.250,-0.060,0.000,0.830,8.110,24.070,3.583,0.000,0.745,27.392,0.000,0.000,1.000,0.000,0.000,1.034,-0.079,0.000,0.999,-0.001
2025-07-14 15:47:15.093344,521,126.62443820,45.80092300,-145.224,16.527,28.799,-0.730,154.227,-0.162,0.000,0.860,7.780,23.835,3.597,0.000,0.759,24.971,0.000,0.000,1.000,0.000,0.000,1.067,-0.031,0.000,0.999,-0.001
2025-07-14 15:47:15.203372,141,126.62443790,45.80092220,-143.566,15.073,28.711,-0.715,154.203,-0.203,0.000,0.880,7.320,23.480,3.614,0.000,0.752,24.971,0.000,0.000,1.000,0.000,0.000,1.034,-0.078,0.000,0.999,-0.001
2025-07-14 15:47:15.313536,9851,126.62443770,45.80092130,-141.615,17.736,28.610,-0.719,154.188,-0.177,0.000,0.880,7.320,23.163,3.636,0.000,0.744,24.971,0.000,0.000,1.000,0.000,0.000,1.053,-0.065,0.000,0.999,-0.001
2025-07-14 15:47:15.423592,9561,126.62443750,45.80092040,-139.675,17.636,28.510,-0.730,154.172,-0.257,0.000,0.900,7.190,22.740,3.660,0.000,0.753,24.971,0.000,0.000,1.000,0.000,0.000,1.007,-0.118,0.000,0.999,-0.001
2025-07-14 15:47:15.533687,9281,126.62443730,45.80091960,-138.028,14.973,28.421,-0.747,154.157,-0.247,0.000,0.900,7.190,22.313,3.685,0.000,0.767,24.971,0.000,0.000,1.000,0.000,0.000,1.001,-0.122,0.000,0.999,-0.001
2025-07-14 15:47:15.643880,8981,126.62443710,45.80091870,-136.194,16.673,28.321,-0.755,154.141,-0.217,0.000,0.900,6.870,21.994,3.708,0.000,0.782,24.971,0.000,0.000,1.000,0.000,0.000,1.049,-0.075,0.000,0.999,-0.001
2025-07-14 15:47:15.753891,8711,126.62443690,45.80091790,-134.629,14.227,28.232,-0.756,154.126,-0.215,0.000,0.900,6.440,21.595,3.728,0.000,0.786,24.971,0.000,0.000,1.000,0.000,0.000,1.017,-0.117,0.000,0.999,-0.001
2025-07-14 15:47:15.863987,7831,126.62443610,45.80091710,-132.856,16.118,28.143,-0.724,154.064,-0.259,0.000,0.900,6.440,21.275,3.748,0.000,0.780,24.971,0.000,0.000,1.000,0.000,0.000,1.058,-0.084,0.000,0.999,-0.001
2025-07-14 15:47:15.974101,7151,126.62443550,45.80091630,-131.288,14.126,28.054,-0.743,154.017,-0.233,0.000,0.920,6.270,20.880,3.768,0.000,0.778,24.971,0.000,0.000,1.000,0.000,0.000,1.023,-0.127,0.000,0.999,-0.001
2025-07-14 15:47:16.084209,6371,126.62443480,45.80091550,-129.555,15.755,27.966,-0.703,153.963,-0.362,0.000,0.920,6.270,20.556,3.792,0.000,0.779,21.813,0.000,0.000,1.000,0.000,0.000,1.055,-0.102,0.000,0.999,-0.001
2025-07-14 15:47:16.194394,5691,126.62443420,45.80091470,-128.137,12.891,27.877,-0.707,153.917,-0.430,0.000,0.940,5.930,20.168,3.817,0.000,0.799,21.813,0.000,0.000,1.000,0.000,0.000,1.024,-0.139,0.000,0.999,-0.001
2025-07-14 15:47:16.304503,4994,126.62443360,45.80091380,-126.614,13.845,27.776,-0.719,153.870,-0.411,0.000,0.930,5.630,19.880,3.841,0.000,0.815,21.813,0.000,0.000,1.000,0.000,0.000,1.072,-0.099,0.000,0.999,-0.001
2025-07-14 15:47:16.414724,4434,126.62443310,45.80091310,-125.297,11.973,27.699,-0.704,153.831,-0.476,0.000,0.930,5.450,19.542,3.860,0.000,0.835,21.813,0.000,0.000,1.000,0.000,0.000,1.055,-0.123,0.000,0.999,-0.001
2025-07-14 15:47:16.524648,3844,126.62443260,45.80091220,-123.765,13.927,27.599,-0.722,153.793,-0.438,0.000,0.930,5.450,19.273,3.877,0.000,0.841,21.813,0.000,0.000,1.000,0.000,0.000,1.081,-0.100,0.000,0.999,-0.001
2025-07-14 15:47:16.634732,3254,126.62443210,45.80091140,-122.392,12.482,27.510,-0.741,153.754,-0.411,0.000,0.970,5.140,18.925,3.892,0.000,0.847,21.760,0.000,0.000,1.000,0.000,0.000,1.051,-0.137,0.000,0.999,-0.001
2025-07-14 15:47:16.744916,2584,126.62443150,45.80091060,-120.930,13.291,27.421,-0.714,153.707,-0.495,0.000,0.970,5.140,18.621,3.913,0.000,0.854,21.760,0.000,0.000,1.000,0.000,0.000,1.071,-0.123,0.000,0.999,-0.001
2025-07-14 15:47:16.855019,1424,126.62443040,45.80091000,-119.578,12.291,27.354,-0.672,153.622,-0.572,0.000,0.990,5.070,18.285,3.933,0.000,0.866,21.760,0.000,0.000,1.000,0.000,0.000,1.054,-0.141,0.000,0.999,-0.001
2025-07-14 15:47:16.965055,154,126.62442920,45.80090930,-118.019,14.173,27.276,-0.681,153.529,-0.557,0.000,0.990,5.070,17.986,3.954,0.000,0.877,21.760,0.000,0.000,1.000,0.000,0.000,1.066,-0.131,0.000,0.999,-0.001
2025-07-14 15:47:17.075149,8994,126.62442810,45.80090870,-116.619,12.613,27.209,-0.691,153.444,-0.595,0.000,1.000,4.780,17.611,3.973,0.000,0.891,19.602,0.000,0.000,1.000,0.000,0.000,1.034,-0.167,0.000,0.999,-0.001
2025-07-14 15:47:17.185255,7827,126.62442700,45.80090800,-114.990,14.809,27.132,-0.722,153.358,-0.568,0.000,1.000,4.780,17.286,3.992,0.000,0.903,19.602,0.000,0.000,1.000,0.000,0.000,1.056,-0.149,0.000,0.999,-0.001
2025-07-14 15:47:17.295435,6867,126.62442610,45.80090740,-113.554,13.055,27.065,-0.671,153.289,-0.640,0.000,1.020,4.490,16.873,4.009,0.000,0.919,19.602,0.000,0.000,1.000,0.000,0.000,1.016,-0.195,0.000,0.999,-0.001
2025-07-14 15:47:17.405547,5687,126.62442500,45.80090660,-111.944,14.636,26.976,-0.598,153.203,-0.683,0.000,1.040,4.210,16.517,4.026,0.000,0.918,19.602,0.000,0.000,1.000,0.000,0.000,1.045,-0.172,0.000,0.999,-0.001
2025-07-14 15:47:17.515573,4607,126.62442400,45.80090580,-110.384,14.182,26.887,-0.615,153.126,-0.687,0.000,1.040,4.210,16.087,4.047,0.000,0.919,19.602,0.000,0.000,1.000,0.000,0.000,1.012,-0.211,0.000,0.999,-0.001
2025-07-14 15:47:17.625679,3637,126.62442310,45.80090510,-108.996,12.618,26.809,-0.624,153.056,-0.671,0.000,1.050,4.010,15.672,4.068,0.000,0.915,19.550,0.000,0.000,1.000,0.000,0.000,1.014,-0.209,0.000,0.999,-0.001
2025-07-14 15:47:17.735796,2457,126.62442200,45.80090430,-107.361,14.864,26.720,-0.619,152.971,-0.673,0.000,1.050,4.010,15.313,4.091,0.000,0.918,19.550,0.000,0.000,1.000,0.000,0.000,1.039,-0.183,0.000,0.999,-0.001
2025-07-14 15:47:17.845975,1217,126.62442080,45.80090390,-105.984,12.518,26.676,-0.597,152.878,-0.715,0.000,1.070,3.740,14.866,4.113,0.000,0.921,19.550,0.000,0.000,1.000,0.000,0.000,0.994,-0.235,0.000,0.999,-0.001
2025-07-14 15:47:17.956067,9757,126.62441940,45.80090330,-104.574,12.818,26.609,-0.648,152.769,-0.735,0.000,1.070,3.420,14.498,4.139,0.000,0.942,19.550,0.000,0.000,1.000,0.000,0.000,1.038,-0.200,0.000,0.999,-0.001
2025-07-14 15:47:18.066114,8507,126.62441820,45.80090280,-103.427,10.333,26.553,-0.539,152.676,-0.774,0.000,1.070,3.420,14.108,4.161,0.000,0.952,16.708,0.000,0.000,1.000,0.000,0.000,1.027,-0.213,0.000,0.999,-0.001
2025-07-14 15:47:18.176207,7047,126.62441680,45.80090220,-102.102,12.045,26.487,-0.555,152.568,-0.755,0.000,1.070,3.260,13.817,4.181,0.000,0.953,16.708,0.000,0.000,1.000,0.000,0.000,1.068,-0.173,0.000,0.999,-0.001
2025-07-14 15:47:18.286317,5897,126.62441570,45.80090170,-100.901,10.918,26.431,-0.489,152.482,-0.781,0.000,1.070,3.260,13.454,4.201,0.000,0.934,16.708,0.000,0.000,1.000,0.000,0.000,1.040,-0.211,0.000,0.999,-0.001
2025-07-14 15:47:18.396501,4637,126.62441450,45.80090110,-99.506,12.682,26.364,-0.468,152.389,-0.834,0.000,1.090,3.020,13.133,4.225,0.000,0.938,16.708,0.000,0.000,1.000,0.000,0.000,1.055,-0.200,0.000,0.999,-0.001
2025-07-14 15:47:18.506789,3487,126.62441340,45.80090060,-98.309,10.882,26.309,-0.494,152.304,-0.827,0.000,1.100,2.740,12.732,4.251,0.000,0.947,16.708,0.000,0.000,1.000,0.000,0.000,1.023,-0.236,0.000,0.999,-0.001
2025-07-14 15:47:18.616625,2217,126.62441220,45.80089990,-96.984,12.045,26.231,-0.526,152.211,-0.815,0.000,1.100,2.740,12.390,4.277,0.000,0.963,15.129,0.000,0.000,1.000,0.000,0.000,1.052,-0.213,0.000,0.999,-0.001
2025-07-14 15:47:18.726738,1057,126.62441110,45.80089930,-96.179,7.318,26.164,-0.457,152.126,-0.853,0.000,1.080,2.620,12.003,4.300,0.000,0.967,15.129,0.000,0.000,1.000,0.000,0.000,1.027,-0.241,0.000,0.999,-0.001
2025-07-14 15:47:18.836847,9437,126.62440950,45.80089910,-94.811,12.436,26.142,-0.403,152.002,-0.937,0.000,1.080,2.620,11.801,4.320,0.000,0.986,15.129,0.000,0.000,1.000,0.000,0.000,1.112,-0.167,0.000,0.999,-0.001
2025-07-14 15:47:18.947003,7990,126.62440810,45.80089890,-93.596,11.045,26.120,-0.426,151.893,-0.938,0.000,1.100,2.380,11.396,4.336,0.000,1.006,15.129,0.000,0.000,1.000,0.000,0.000,1.059,-0.268,0.000,0.999,-0.001
2025-07-14 15:47:19.057117,6450,126.62440660,45.80089860,-92.282,11.838,26.086,-0.338,151.777,-0.939,0.000,1.120,2.120,11.028,4.352,0.000,1.016,14.497,0.000,0.000,1.000,0.000,0.000,1.079,-0.258,0.000,0.999,-0.001
2025-07-14 15:47:19.167139,5040,126.62440520,45.80089840,-91.259,9.300,26.064,-0.365,151.668,-0.948,0.000,1.120,2.120,10.619,4.370,0.000,1.015,14.497,0.000,0.000,1.000,0.000,0.000,1.060,-0.279,0.000,0.999,-0.001
2025-07-14 15:47:19.277253,3490,126.62440370,45.80089800,-90.127,10.291,26.020,-0.292,151.552,-0.973,0.000,1.140,2.040,10.311,4.388,0.000,1.010,14.497,0.000,0.000,1.000,0.000,0.000,1.104,-0.239,0.000,0.999,-0.001
2025-07-14 15:47:19.387359,2070,126.62440230,45.80089770,-89.098,9.355,25.986,-0.311,151.444,-0.976,0.000,1.140,2.040,9.964,4.410,0.000,1.019,14.497,0.000,0.000,1.000,0.000,0.000,1.086,-0.264,0.000,0.999,-0.001
2025-07-14 15:47:19.497539,530,126.62440080,45.80089730,-87.927,10.645,25.942,-0.319,151.327,-1.003,0.000,1.170,1.740,9.653,4.431,0.000,1.031,14.497,0.000,0.000,1.000,0.000,0.000,1.097,-0.255,0.000,0.999,-0.001
2025-07-14 15:47:19.607649,8890,126.62439920,45.80089690,-86.788,10.355,25.897,-0.346,151.203,-1.022,0.000,1.160,1.490,9.278,4.455,0.000,1.052,10.339,0.000,0.000,1.000,0.000,0.000,1.073,-0.281,0.000,0.999,-0.001
2025-07-14 15:47:19.717673,7560,126.62439790,45.80089660,-85.798,9.000,25.864,-0.379,151.103,-1.026,0.000,1.160,1.490,8.902,4.473,0.000,1.075,10.339,0.000,0.000,1.000,0.000,0.000,1.072,-0.282,0.000,0.999,-0.001
2025-07-14 15:47:19.827791,5850,126.62439620,45.80089650,-84.704,9.945,25.853,-0.226,150.971,-0.997,0.000,1.170,1.450,8.582,4.488,0.000,1.065,10.339,0.000,0.000,1.000,0.000,0.000,1.092,-0.262,0.000,0.999,-0.001
2025-07-14 15:47:19.937884,4450,126.62439480,45.80089650,-83.768,8.509,25.853,-0.246,150.862,-1.001,0.000,1.150,1.150,8.223,4.506,0.000,1.049,10.339,0.000,0.000,1.000,0.000,0.000,1.073,-0.284,0.000,0.999,-0.001
2025-07-14 15:47:20.048084,2740,126.62439310,45.80089640,-82.744,9.309,25.842,-0.163,150.730,-1.006,0.000,1.150,1.150,7.909,4.523,0.000,1.024,10.076,0.000,0.000,1.000,0.000,0.000,1.093,-0.266,0.000,0.999,-0.001
2025-07-14 15:47:20.158175,1330,126.62439170,45.80089630,-81.902,7.586,25.831,-0.171,150.622,-1.024,0.000,1.180,1.100,7.564,4.545,0.000,1.029,10.076,0.000,0.000,1.000,0.000,0.000,1.077,-0.285,0.000,0.999,-0.001
2025-07-14 15:47:20.268207,9610,126.62439000,45.80089620,-80.971,8.464,25.819,-0.168,150.490,-1.039,0.000,1.180,1.100,7.286,4.570,0.000,1.037,10.076,0.000,0.000,1.000,0.000,0.000,1.102,-0.262,0.000,0.999,-0.001
2025-07-14 15:47:20.378310,8210,126.62438860,45.80089610,-80.160,7.373,25.808,-0.196,150.382,-1.053,0.000,1.200,0.910,6.975,4.595,0.000,1.054,10.076,0.000,0.000,1.000,0.000,0.000,1.087,-0.281,0.000,0.999,-0.001
2025-07-14 15:47:20.488415,6490,126.62438690,45.80089590,-79.286,7.945,25.786,-0.109,150.250,-1.038,0.000,1.200,0.910,6.699,4.620,0.000,1.056,10.076,0.000,0.000,1.000,0.000,0.000,1.099,-0.270,0.000,0.999,-0.001
2025-07-14 15:47:20.598769,4970,126.62438540,45.80089570,-78.557,6.627,25.764,-0.134,150.134,-1.030,0.000,1.150,0.570,6.401,4.645,0.000,1.051,9.339,0.000,0.000,1.000,0.000,0.000,1.089,-0.282,0.000,0.999,-0.001
2025-07-14 15:47:20.708695,3250,126.62438370,45.80089550,-77.811,6.782,25.742,-0.141,150.002,-1.039,0.000,1.150,0.570,6.143,4.662,0.000,1.044,9.339,0.000,0.000,1.000,0.000,0.000,1.104,-0.267,0.000,0.999,-0.001
2025-07-14 15:47:20.818757,1770,126.62438220,45.80089570,-77.149,6.018,25.764,-0.041,149.885,-1.087,0.000,1.150,0.570,5.879,4.680,0.000,1.058,9.339,0.000,0.000,1.000,0.000,0.000,1.100,-0.272,0.000,0.999,-0.001
2025-07-14 15:47:20.928838,90,126.62438050,45.80089590,-76.392,6.882,25.786,-0.047,149.754,-1.082,0.000,1.160,0.440,5.646,4.696,0.000,1.073,9.339,0.000,0.000,1.000,0.000,0.000,1.107,-0.265,0.000,0.999,-0.001
2025-07-14 15:47:21.038933,8710,126.62437910,45.80089610,-75.732,6.000,25.808,0.044,149.645,-1.061,0.000,1.160,0.440,5.374,4.711,0.000,1.078,9.076,0.000,0.000,1.000,0.000,0.000,1.095,-0.279,0.000,0.999,-0.001
2025-07-14 15:47:21.149127,7030,126.62437740,45.80089630,-75.009,6.514,25.831,0.034,149.513,-1.069,0.000,1.190,0.280,5.137,4.725,0.000,1.071,9.076,0.000,0.000,1.000,0.000,0.000,1.103,-0.272,0.000,0.999,-0.001
2025-07-14 15:47:21.269049,5540,126.62437590,45.80089640,-74.387,5.227,25.842,0.056,149.397,-1.121,0.000,1.170,0.180,4.873,4.745,0.000,1.085,9.076,0.000,0.000,1.000,0.000,0.000,1.095,-0.281,0.000,0.999,-0.001
2025-07-14 15:47:21.389171,3663,126.62437400,45.80089660,-73.588,6.603,25.864,0.041,149.250,-1.131,0.000,1.180,0.100,4.656,4.760,0.000,1.108,9.076,0.000,0.000,1.000,0.000,0.000,1.109,-0.269,0.000,0.999,-0.001
2025-07-14 15:47:21.509265,1973,126.62437230,45.80089670,-72.853,6.125,25.875,0.031,149.118,-1.120,0.000,1.180,0.100,4.382,4.772,0.000,1.125,9.076,0.000,0.000,1.000,0.000,0.000,1.092,-0.289,0.000,0.999,-0.001
2025-07-14 15:47:21.629367,173,126.62437050,45.80089670,-72.150,5.858,25.875,0.021,148.979,-1.133,0.000,1.190,-0.070,4.125,4.781,0.000,1.128,9.076,0.000,0.000,1.000,0.000,0.000,1.096,-0.286,0.000,0.999,-0.001
2025-07-14 15:47:21.749621,8373,126.62436870,45.80089680,-71.547,5.025,25.886,0.097,148.839,-1.115,0.000,1.180,-0.280,3.873,4.792,0.000,1.124,9.076,0.000,0.000,1.000,0.000,0.000,1.097,-0.285,0.000,0.999,-0.001
2025-07-14 15:47:21.869611,6823,126.62436710,45.80089720,-71.056,4.092,25.931,0.155,148.715,-1.158,0.000,1.180,-0.280,3.646,4.801,0.000,1.140,9.076,0.000,0.000,1.000,0.000,0.000,1.104,-0.277,0.000,0.999,-0.001
2025-07-14 15:47:21.989750,4963,126.62436520,45.80089760,-70.564,4.100,25.975,0.123,148.568,-1.162,0.000,1.180,-0.340,3.459,4.808,0.000,1.152,9.076,0.000,0.000,1.000,0.000,0.000,1.113,-0.268,0.000,0.999,-0.001
2025-07-14 15:47:22.109835,3283,126.62436350,45.80089780,-70.175,3.242,25.997,0.134,148.436,-1.171,0.000,1.190,-0.410,3.270,4.813,0.000,1.172,5.497,0.000,0.000,1.000,0.000,0.000,1.112,-0.270,0.000,0.999,-0.001
2025-07-14 15:47:22.229949,1513,126.62436170,45.80089810,-69.761,3.450,26.031,0.241,148.296,-1.130,0.000,1.150,-0.500,3.113,4.816,0.000,1.168,5.497,0.000,0.000,1.000,0.000,0.000,1.118,-0.263,0.000,0.999,-0.001
2025-07-14 15:47:22.350072,9843,126.62436000,45.80089840,-69.335,3.550,26.064,0.246,148.165,-1.134,0.000,1.170,-0.460,2.946,4.813,0.000,1.165,5.497,0.000,0.000,1.000,0.000,0.000,1.115,-0.266,0.000,0.999,-0.001
2025-07-14 15:47:22.470192,7873,126.62435800,45.80089870,-68.885,3.719,26.097,0.198,148.010,-1.156,0.000,1.170,-0.550,2.776,4.814,0.000,1.163,5.497,0.000,0.000,1.000,0.000,0.000,1.113,-0.268,0.000,0.999,-0.001
2025-07-14 15:47:22.590306,6093,126.62435620,45.80089890,-68.586,2.492,26.120,0.190,147.870,-1.176,0.000,1.170,-0.550,2.595,4.815,0.000,1.175,5.497,0.000,0.000,1.000,0.000,0.000,1.111,-0.271,0.000,0.999,-0.001
2025-07-14 15:47:22.700487,4313,126.62435440,45.80089910,-68.510,0.691,26.142,0.176,147.730,-1.191,0.000,1.160,-0.580,2.463,4.815,0.000,1.189,5.497,0.000,0.000,1.000,0.000,0.000,1.120,-0.262,0.000,0.999,-0.001
2025-07-14 15:47:22.810511,2756,126.62435280,45.80089950,-68.318,1.745,26.186,0.262,147.606,-1.190,0.000,1.180,-0.610,2.406,4.809,0.000,1.205,5.497,0.000,0.000,1.000,0.000,0.000,1.132,-0.246,0.000,0.999,-0.001
2025-07-14 15:47:22.920612,996,126.62435100,45.80089990,-67.990,2.982,26.231,0.260,147.467,-1.195,0.000,1.190,-0.710,2.308,4.805,0.000,1.215,5.497,0.000,0.000,1.000,0.000,0.000,1.129,-0.254,0.000,0.999,-0.001
2025-07-14 15:47:23.030730,9236,126.62434920,45.80090030,-67.572,3.800,26.275,0.270,147.327,-1.191,0.000,1.160,-0.660,2.154,4.801,0.000,1.221,5.444,0.000,0.000,1.000,0.000,0.000,1.122,-0.257,0.000,0.999,-0.001
2025-07-14 15:47:23.140824,7676,126.62434760,45.80090070,-67.231,3.100,26.320,0.261,147.203,-1.204,0.000,1.170,-0.720,1.966,4.791,0.000,1.225,5.444,0.000,0.000,1.000,0.000,0.000,1.115,-0.262,0.000,0.999,-0.001
2025-07-14 15:47:23.250933,5806,126.62434570,45.80090100,-66.877,3.218,26.353,0.273,147.056,-1.178,0.000,1.170,-0.800,1.803,4.781,0.000,1.221,5.444,0.000,0.000,1.000,0.000,0.000,1.120,-0.258,0.000,0.999,-0.001
2025-07-14 15:47:23.361046,4236,126.62434410,45.80090130,-66.608,2.445,26.387,0.273,146.932,-1.200,0.000,1.180,-0.800,1.633,4.772,0.000,1.224,5.444,0.000,0.000,1.000,0.000,0.000,1.117,-0.260,0.000,0.999,-0.001
2025-07-14 15:47:23.471226,2376,126.62434220,45.80090170,-66.313,2.658,26.431,0.309,146.785,-1.153,0.000,1.170,-0.780,1.494,4.765,0.000,1.211,5.444,0.000,0.000,1.000,0.000,0.000,1.123,-0.255,0.000,0.999,-0.001
2025-07-14 15:47:23.581247,696,126.62434050,45.80090190,-66.049,2.400,26.453,0.314,146.653,-1.157,0.000,1.170,-0.860,1.348,4.758,0.000,1.208,5.497,0.000,0.000,1.000,0.000,0.000,1.121,-0.258,0.000,0.999,-0.001
2025-07-14 15:47:23.691345,8933,126.62433870,45.80090230,-65.670,3.445,26.498,0.305,146.513,-1.158,0.000,1.160,-0.840,1.209,4.751,0.000,1.197,5.497,0.000,0.000,1.000,0.000,0.000,1.121,-0.257,0.000,0.999,-0.001
2025-07-14 15:47:23.801454,7376,126.62433710,45.80090270,-65.402,2.436,26.542,0.327,146.389,-1.191,0.000,1.160,-0.900,1.029,4.745,0.000,1.210,5.497,0.000,0.000,1.000,0.000,0.000,1.113,-0.266,0.000,0.999,-0.001
2025-07-14 15:47:23.911563,5716,126.62433540,45.80090310,-65.208,1.764,26.587,0.331,146.258,-1.225,0.000,1.200,-0.960,0.886,4.736,0.000,1.234,5.497,0.000,0.000,1.000,0.000,0.000,1.121,-0.260,0.000,0.999,-0.001
2025-07-14 15:47:24.021676,4146,126.62433380,45.80090350,-65.037,1.555,26.631,0.387,146.134,-1.174,0.000,1.160,-0.960,0.769,4.731,0.000,1.247,5.497,0.000,0.000,1.000,0.000,0.000,1.125,-0.255,0.000,0.999,-0.001
2025-07-14 15:47:24.131782,2396,126.62433200,45.80090390,-64.864,1.573,26.676,0.388,145.994,-1.188,0.000,1.180,-1.040,0.662,4.716,0.000,1.252,3.655,0.000,0.000,1.000,0.000,0.000,1.126,-0.254,0.000,0.999,-0.001
2025-07-14 15:47:24.241878,836,126.62433040,45.80090430,-64.718,1.327,26.720,0.392,145.870,-1.164,0.000,1.200,-1.050,0.551,4.703,0.000,1.238,3.655,0.000,0.000,1.000,0.000,0.000,1.125,-0.254,0.000,0.999,-0.001
2025-07-14 15:47:24.351979,9066,126.62432860,45.80090470,-64.566,1.382,26.765,0.387,145.730,-1.195,0.000,1.150,-1.030,0.450,4.697,0.000,1.245,3.655,0.000,0.000,1.000,0.000,0.000,1.126,-0.254,0.000,0.999,-0.001
2025-07-14 15:47:24.462091,7516,126.62432700,45.80090510,-64.463,0.928,26.809,0.408,145.606,-1.217,0.000,1.190,-1.070,0.348,4.681,0.000,1.256,3.655,0.000,0.000,1.000,0.000,0.000,1.125,-0.254,0.000,0.999,-0.001
2025-07-14 15:47:24.572195,5656,126.62432510,45.80090550,-64.405,0.527,26.854,0.415,145.459,-1.244,0.000,1.200,-1.020,0.262,4.669,0.000,1.284,3.655,0.000,0.000,1.000,0.000,0.000,1.127,-0.253,0.000,0.999,-0.001
2025-07-14 15:47:24.682293,4089,126.62432350,45.80090590,-64.142,2.391,26.898,0.411,145.335,-1.249,0.000,1.160,-1.070,0.196,4.655,0.000,1.303,3.655,0.000,0.000,1.000,0.000,0.000,1.128,-0.251,0.000,0.999,-0.001
2025-07-14 15:47:24.792483,2336,126.62432170,45.80090630,-63.981,1.464,26.943,0.396,145.196,-1.158,0.000,1.180,-1.070,0.052,4.630,0.000,1.283,3.655,0.000,0.000,1.000,0.000,0.000,1.122,-0.259,0.000,0.999,-0.001
2025-07-14 15:47:24.902513,796,126.62432010,45.80090690,-63.817,1.491,27.009,0.413,145.071,-1.180,0.000,1.150,-1.110,-0.057,4.613,0.000,1.263,3.655,0.000,0.000,1.000,0.000,0.000,1.128,-0.257,0.000,0.999,-0.001
2025-07-14 15:47:25.012607,9436,126.62431870,45.80090730,-63.692,1.136,27.054,0.403,144.963,-1.146,0.000,1.180,-1.140,-0.167,4.593,0.000,1.230,3.655,0.000,0.000,1.000,0.000,0.000,1.127,-0.257,0.000,0.999,-0.001
2025-07-14 15:47:25.122717,7786,126.62431700,45.80090780,-63.571,1.100,27.109,0.398,144.831,-1.172,0.000,1.160,-1.110,-0.264,4.585,0.000,1.234,3.497,0.000,0.000,1.000,0.000,0.000,1.129,-0.256,0.000,0.999,-0.001
2025-07-14 15:47:25.232827,6326,126.62431550,45.80090820,-63.514,0.518,27.154,0.435,144.715,-1.178,0.000,1.180,-1.160,-0.358,4.572,0.000,1.236,3.497,0.000,0.000,1.000,0.000,0.000,1.128,-0.256,0.000,0.999,-0.001
2025-07-14 15:47:25.342923,4576,126.62431370,45.80090870,-63.470,0.400,27.209,0.441,144.575,-1.198,0.000,1.180,-1.200,-0.431,4.563,0.000,1.257,3.497,0.000,0.000,1.000,0.000,0.000,1.131,-0.254,0.000,0.999,-0.001
2025-07-14 15:47:25.453032,3116,126.62431220,45.80090910,-63.389,0.736,27.254,0.425,144.459,-1.136,0.000,1.190,-1.180,-0.499,4.549,0.000,1.248,3.497,0.000,0.000,1.000,0.000,0.000,1.131,-0.253,0.000,0.999,-0.001
2025-07-14 15:47:25.563229,1366,126.62431040,45.80090960,-63.253,1.225,27.309,0.437,144.320,-1.147,0.000,1.160,-1.200,-0.579,4.539,0.000,1.239,3.497,0.000,0.000,1.000,0.000,0.000,1.130,-0.255,0.000,0.999,-0.001
2025-07-14 15:47:25.673239,9806,126.62430880,45.80091000,-63.197,0.509,27.354,0.436,144.196,-1.166,0.000,1.200,-1.160,-0.682,4.526,0.000,1.228,3.497,0.000,0.000,1.000,0.000,0.000,1.127,-0.257,0.000,0.999,-0.001
2025-07-14 15:47:25.783347,8156,126.62430710,45.80091050,-63.105,0.836,27.410,0.459,144.064,-1.152,0.000,1.190,-1.180,-0.754,4.521,0.000,1.237,3.497,0.000,0.000,1.000,0.000,0.000,1.130,-0.254,0.000,0.999,-0.001
2025-07-14 15:47:25.893446,6796,126.62430570,45.80091090,-62.954,1.373,27.454,0.460,143.955,-1.159,0.000,1.180,-1.190,-0.839,4.513,0.000,1.244,3.497,0.000,0.000,1.000,0.000,0.000,1.129,-0.256,0.000,0.999,-0.001
2025-07-14 15:47:26.003568,5236,126.62430410,45.80091140,-62.761,1.755,27.510,0.415,143.831,-1.140,0.000,1.190,-1.160,-0.947,4.502,0.000,1.233,3.497,0.000,0.000,1.000,0.000,0.000,1.126,-0.258,0.000,0.999,-0.001
2025-07-14 15:47:26.113664,3786,126.62430260,45.80091180,-62.619,1.291,27.554,0.426,143.715,-1.149,0.000,1.190,-1.230,-1.070,4.494,0.000,1.229,3.550,0.000,0.000,1.000,0.000,0.000,1.124,-0.261,0.000,0.999,-0.001
2025-07-14 15:47:26.223770,2136,126.62430090,45.80091230,-62.478,1.282,27.610,0.441,143.583,-1.163,0.000,1.180,-1.250,-1.177,4.488,0.000,1.227,3.550,0.000,0.000,1.000,0.000,0.000,1.126,-0.259,0.000,0.999,-0.001
2025-07-14 15:47:26.333895,676,126.62429940,45.80091270,-62.371,0.973,27.654,0.444,143.467,-1.166,0.000,1.180,-1.310,-1.285,4.480,0.000,1.239,3.550,0.000,0.000,1.000,0.000,0.000,1.126,-0.259,0.000,0.999,-0.001
2025-07-14 15:47:26.443974,9016,126.62429770,45.80091320,-62.214,1.427,27.710,0.446,143.335,-1.132,0.000,1.180,-1.320,-1.382,4.470,0.000,1.236,3.550,0.000,0.000,1.000,0.000,0.000,1.127,-0.258,0.000,0.999,-0.001
2025-07-14 15:47:26.554071,7566,126.62429620,45.80091360,-62.020,1.764,27.754,0.442,143.219,-1.132,0.000,1.190,-1.330,-1.498,4.460,0.000,1.227,3.655,0.000,0.000,1.000,0.000,0.000,1.124,-0.261,0.000,0.999,-0.001
2025-07-14 15:47:26.664262,5916,126.62429450,45.80091410,-61.785,2.117,27.810,0.446,143.087,-1.147,0.000,1.190,-1.270,-1.629,4.454,0.000,1.221,3.655,0.000,0.000,1.000,0.000,0.000,1.122,-0.263,0.000,0.999,-0.001
2025-07-14 15:47:26.774280,4456,126.62429300,45.80091450,-61.556,2.082,27.854,0.447,142.971,-1.160,0.000,1.180,-1.340,-1.772,4.448,0.000,1.230,3.655,0.000,0.000,1.000,0.000,0.000,1.119,-0.266,0.000,0.999,-0.001
2025-07-14 15:47:26.884863,2906,126.62429140,45.80091500,-61.567,-0.100,27.910,0.468,142.847,-1.170,0.000,1.170,-1.380,-1.918,4.440,0.000,1.245,3.655,0.000,0.000,1.000,0.000,0.000,1.118,-0.266,0.000,0.999,-0.001
2025-07-14 15:47:26.994867,1246,126.62428970,45.80091540,-61.700,-1.209,27.954,0.472,142.715,-1.178,0.000,1.180,-1.420,-1.976,4.427,0.000,1.257,3.655,0.000,0.000,1.000,0.000,0.000,1.133,-0.252,0.000,0.999,-0.001
2025-07-14 15:47:27.104968,9796,126.62428820,45.80091590,-61.758,-0.527,28.010,0.456,142.599,-1.175,0.000,1.180,-1.420,-1.987,4.414,0.000,1.263,0.076,0.000,0.000,1.000,0.000,0.000,1.136,-0.244,0.000,0.999,-0.001
2025-07-14 15:47:27.215150,8136,126.62428650,45.80091630,-61.752,0.054,28.054,0.500,142.467,-1.145,0.000,1.200,-1.400,-2.023,4.400,0.000,1.260,0.076,0.000,0.000,1.000,0.000,0.000,1.136,-0.246,0.000,0.999,-0.001
2025-07-14 15:47:27.325180,6676,126.62428500,45.80091670,-61.802,-0.455,28.099,0.518,142.351,-1.166,0.000,1.160,-1.400,-2.084,4.389,0.000,1.262,0.076,0.000,0.000,1.000,0.000,0.000,1.134,-0.246,0.000,0.999,-0.001
2025-07-14 15:47:27.435288,5026,126.62428330,45.80091720,-61.925,-1.118,28.155,0.476,142.219,-1.144,0.000,1.160,-1.400,-2.125,4.372,0.000,1.255,0.076,0.000,0.000,1.000,0.000,0.000,1.136,-0.245,0.000,0.999,-0.001
2025-07-14 15:47:27.545405,3476,126.62428170,45.80091770,-62.093,-1.527,28.210,0.478,142.095,-1.157,0.000,1.160,-1.350,-2.138,4.356,0.000,1.256,0.076,0.000,0.000,1.000,0.000,0.000,1.137,-0.243,0.000,0.999,-0.001
2025-07-14 15:47:27.655500,1726,126.62427990,45.80091820,-62.345,-2.291,28.266,0.472,141.955,-1.180,0.000,1.160,-1.300,-2.131,4.339,0.000,1.254,0.076,0.000,0.000,1.000,0.000,0.000,1.137,-0.242,0.000,0.999,-0.001
2025-07-14 15:47:27.765641,266,126.62427840,45.80091860,-62.610,-2.409,28.310,0.484,141.839,-1.187,0.000,1.160,-1.300,-2.091,4.323,0.000,1.268,0.076,0.000,0.000,1.000,0.000,0.000,1.137,-0.242,0.000,0.999,-0.001
2025-07-14 15:47:27.875706,8626,126.62427670,45.80091920,-62.863,-2.300,28.377,0.526,141.707,-1.167,0.000,1.160,-1.300,-2.044,4.305,0.000,1.278,0.076,0.000,0.000,1.000,0.000,0.000,1.137,-0.242,0.000,0.999,-0.001
2025-07-14 15:47:27.985925,7176,126.62427520,45.80091970,-63.056,-1.755,28.433,0.541,141.591,-1.172,0.000,1.150,-1.300,-2.001,4.284,0.000,1.284,0.076,0.000,0.000,1.000,0.000,0.000,1.137,-0.242,0.000,0.999,-0.001
2025-07-14 15:47:28.095971,5626,126.62427360,45.80092020,-63.308,-2.291,28.488,0.513,141.467,-1.143,0.000,1.170,-1.300,-1.981,4.261,0.000,1.275,0.076,0.000,0.000,1.000,0.000,0.000,1.138,-0.241,0.000,0.999,-0.001
2025-07-14 15:47:28.206097,4176,126.62427210,45.80092070,-63.555,-2.245,28.544,0.478,141.351,-1.180,0.000,1.180,-1.200,-1.940,4.244,0.000,1.272,0.076,0.000,0.000,1.000,0.000,0.000,1.137,-0.242,0.000,0.999,-0.001
2025-07-14 15:47:28.316130,2436,126.62427030,45.80092130,-63.842,-2.586,28.610,0.480,141.211,-1.188,0.000,1.180,-1.200,-1.896,4.228,0.000,1.269,0.076,0.000,0.000,1.000,0.000,0.000,1.137,-0.242,0.000,0.999,-0.001
2025-07-14 15:47:28.426208,976,126.62426880,45.80092170,-64.048,-1.873,28.655,0.510,141.095,-1.125,0.000,1.180,-1.200,-1.838,4.212,0.000,1.263,0.076,0.000,0.000,1.000,0.000,0.000,1.137,-0.243,0.000,0.999,-0.001
2025-07-14 15:47:28.536367,9336,126.62426710,45.80092230,-64.286,-2.164,28.722,0.535,140.963,-1.130,0.000,1.170,-1.200,-1.808,4.198,0.000,1.256,0.076,0.000,0.000,1.000,0.000,0.000,1.138,-0.241,0.000,0.999,-0.001
2025-07-14 15:47:28.646432,7786,126.62426550,45.80092280,-64.550,-2.400,28.777,0.549,140.839,-1.143,0.000,1.170,-1.100,-1.768,4.183,0.000,1.251,0.076,0.000,0.000,1.000,0.000,0.000,1.138,-0.242,0.000,0.999,-0.001
2025-07-14 15:47:28.756547,6146,126.62426380,45.80092340,-64.973,-3.845,28.844,0.485,140.707,-1.173,0.000,1.160,-1.100,-1.713,4.170,0.000,1.263,0.076,0.000,0.000,1.000,0.000,0.000,1.137,-0.242,0.000,0.999,-0.001
2025-07-14 15:47:28.866644,4686,126.62426230,45.80092380,-65.421,-4.073,28.888,0.467,140.591,-1.211,0.000,1.160,-1.100,-1.599,4.152,0.000,1.278,0.076,0.000,0.000,1.000,0.000,0.000,1.133,-0.246,0.000,0.999,-0.001
2025-07-14 15:47:28.976763,3036,126.62426060,45.80092430,-65.931,-4.636,28.944,0.478,140.459,-1.216,0.000,1.150,-1.100,-1.474,4.132,0.000,1.291,0.076,0.000,0.000,1.000,0.000,0.000,1.131,-0.246,0.000,0.999,-0.001
2025-07-14 15:47:29.086875,1389,126.62425890,45.80092480,-66.374,-4.027,29.000,0.527,140.327,-1.196,0.000,1.160,-1.000,-1.325,4.108,0.000,1.304,0.076,0.000,0.000,1.000,0.000,0.000,1.127,-0.250,0.000,0.999,-0.001
2025-07-14 15:47:29.196966,9939,126.62425740,45.80092530,-66.697,-2.936,29.055,0.457,140.211,-1.207,0.000,1.180,-1.000,-1.196,4.083,0.000,1.301,0.076,0.000,0.000,1.000,0.000,0.000,1.131,-0.247,0.000,0.999,-0.001
2025-07-14 15:47:29.307076,8286,126.62425570,45.80092580,-67.049,-3.200,29.111,0.461,140.079,-1.210,0.000,1.190,-0.900,-1.112,4.062,0.000,1.297,0.076,0.000,0.000,1.000,0.000,0.000,1.137,-0.240,0.000,0.999,-0.001
2025-07-14 15:47:29.417210,6736,126.62425410,45.80092630,-67.379,-2.973,29.166,0.458,139.955,-1.207,0.000,1.150,-0.900,-1.015,4.044,0.000,1.292,0.076,0.000,0.000,1.000,0.000,0.000,1.136,-0.242,0.000,0.999,-0.001
2025-07-14 15:47:29.527287,4989,126.62425230,45.80092680,-67.788,-3.718,29.222,0.467,139.816,-1.239,0.000,1.150,-0.800,-0.926,4.019,0.000,1.303,0.076,0.000,0.000,1.000,0.000,0.000,1.136,-0.242,0.000,0.999,-0.001
2025-07-14 15:47:29.637390,3439,126.62425070,45.80092730,-68.126,-3.073,29.278,0.487,139.692,-1.252,0.000,1.200,-0.800,-0.804,3.993,0.000,1.319,0.076,0.000,0.000,1.000,0.000,0.000,1.133,-0.246,0.000,0.999,-0.001
2025-07-14 15:47:29.747508,1679,126.62424890,45.80092780,-68.420,-2.673,29.333,0.456,139.552,-1.175,0.000,1.190,-0.800,-0.707,3.973,0.000,1.309,0.076,0.000,0.000,1.000,0.000,0.000,1.136,-0.243,0.000,0.999,-0.001
2025-07-14 15:47:29.857576,226,126.62424740,45.80092820,-68.602,-1.655,29.378,0.399,139.436,-1.186,0.000,1.150,-0.700,-0.627,3.952,0.000,1.285,0.076,0.000,0.000,1.000,0.000,0.000,1.137,-0.241,0.000,0.999,-0.001
2025-07-14 15:47:29.967710,8666,126.62424580,45.80092860,-68.805,-1.845,29.422,0.405,139.312,-1.196,0.000,1.170,-0.700,-0.585,3.929,0.000,1.258,0.076,0.000,0.000,1.000,0.000,0.000,1.141,-0.237,0.000,0.999,-0.001
2025-07-14 15:47:30.077914,7196,126.62424430,45.80092890,-68.989,-1.673,29.456,0.369,139.195,-1.184,0.000,1.160,-0.700,-0.537,3.914,0.000,1.251,0.076,0.000,0.000,1.000,0.000,0.000,1.141,-0.238,0.000,0.999,-0.001
2025-07-14 15:47:30.187908,5436,126.62424250,45.80092930,-69.226,-2.155,29.500,0.351,139.056,-1.144,0.000,1.190,-0.600,-0.495,3.898,0.000,1.233,0.076,0.000,0.000,1.000,0.000,0.000,1.141,-0.237,0.000,0.999,-0.001
2025-07-14 15:47:30.298023,3976,126.62424100,45.80092970,-69.480,-2.309,29.544,0.359,138.940,-1.162,0.000,1.160,-0.600,-0.430,3.891,0.000,1.218,0.076,0.000,0.000,1.000,0.000,0.000,1.140,-0.239,0.000,0.999,-0.001
2025-07-14 15:47:30.408117,2216,126.62423920,45.80093010,-69.814,-3.009,29.589,0.385,138.800,-1.161,0.000,1.150,-0.600,-0.358,3.881,0.000,1.212,0.076,0.000,0.000,1.000,0.000,0.000,1.139,-0.239,0.000,0.999,-0.001
2025-07-14 15:47:30.518225,756,126.62423770,45.80093050,-70.074,-2.364,29.633,0.389,138.684,-1.153,0.000,1.180,-0.600,-0.257,3.870,0.000,1.219,0.076,0.000,0.000,1.000,0.000,0.000,1.137,-0.241,0.000,0.999,-0.001
2025-07-14 15:47:30.628332,8996,126.62423590,45.80093090,-70.315,-2.191,29.678,0.399,138.544,-1.158,0.000,1.170,-0.500,-0.181,3.864,0.000,1.222,0.076,0.000,0.000,1.000,0.000,0.000,1.139,-0.239,0.000,0.999,-0.001
2025-07-14 15:47:30.738450,7436,126.62423430,45.80093130,-70.529,-1.945,29.722,0.363,138.420,-1.155,0.000,1.160,-0.500,-0.110,3.855,0.000,1.217,0.076,0.000,0.000,1.000,0.000,0.000,1.140,-0.239,0.000,0.999,-0.001
2025-07-14 15:47:30.848632,5866,126.62423270,45.80093160,-70.828,-2.718,29.756,0.314,138.296,-1.161,0.000,1.170,-0.500,-0.048,3.845,0.000,1.213,0.076,0.000,0.000,1.000,0.000,0.000,1.140,-0.238,0.000,0.999,-0.001
2025-07-14 15:47:30.958659,4186,126.62423100,45.80093180,-71.177,-3.173,29.778,0.310,138.164,-1.167,0.000,1.170,-0.500,0.045,3.838,0.000,1.207,0.076,0.000,0.000,1.000,0.000,0.000,1.138,-0.241,0.000,0.999,-0.001
2025-07-14 15:47:31.068755,2716,126.62422950,45.80093210,-71.494,-2.882,29.811,0.335,138.048,-1.154,0.000,1.170,-0.400,0.157,3.831,0.000,1.204,0.023,0.000,0.000,1.000,0.000,0.000,1.135,-0.243,0.000,0.999,-0.001
2025-07-14 15:47:31.178867,1046,126.62422780,45.80093240,-71.849,-3.227,29.845,0.353,137.916,-1.161,0.000,1.160,-0.400,0.263,3.825,0.000,1.208,0.023,0.000,0.000,1.000,0.000,0.000,1.136,-0.242,0.000,0.999,-0.001
2025-07-14 15:47:31.288968,9566,126.62422630,45.80093260,-72.193,-3.127,29.867,0.350,137.800,-1.167,0.000,1.160,-0.400,0.382,3.817,0.000,1.211,0.023,0.000,0.000,1.000,0.000,0.000,1.134,-0.244,0.000,0.999,-0.001
2025-07-14 15:47:31.399105,7806,126.62422450,45.80093300,-72.624,-3.883,29.911,0.306,137.661,-1.180,0.000,1.150,-0.300,0.498,3.809,0.000,1.217,0.023,0.000,0.000,1.000,0.000,0.000,1.134,-0.245,0.000,0.999,-0.001
2025-07-14 15:47:31.518811,6326,126.62422300,45.80093320,-72.998,-3.143,29.934,0.302,137.544,-1.174,0.000,1.150,-0.300,0.648,3.797,0.000,1.217,0.023,0.000,0.000,1.000,0.000,0.000,1.129,-0.250,0.000,0.999,-0.001
2025-07-14 15:47:31.628934,4566,126.62422120,45.80093360,-73.373,-3.409,29.978,0.306,137.405,-1.178,0.000,1.160,-0.300,0.770,3.786,0.000,1.216,0.023,0.000,0.000,1.000,0.000,0.000,1.134,-0.246,0.000,0.999,-0.001
2025-07-14 15:47:31.739062,2886,126.62421950,45.80093390,-73.738,-3.318,30.012,0.332,137.273,-1.197,0.000,1.170,-0.200,0.902,3.776,0.000,1.224,0.023,0.000,0.000,1.000,0.000,0.000,1.131,-0.249,0.000,0.999,-0.001
2025-07-14 15:47:31.849147,1316,126.62421790,45.80093410,-74.077,-3.054,30.034,0.296,137.149,-1.145,0.000,1.170,-0.200,1.034,3.767,0.000,1.214,0.023,0.000,0.000,1.000,0.000,0.000,1.131,-0.249,0.000,0.999,-0.001
2025-07-14 15:47:31.969239,9646,126.62421620,45.80093440,-74.445,-3.067,30.067,0.303,137.017,-1.151,0.000,1.170,-0.100,1.155,3.759,0.000,1.205,0.023,0.000,0.000,1.000,0.000,0.000,1.132,-0.248,0.000,0.999,-0.001
2025-07-14 15:47:32.089369,7873,126.62421440,45.80093470,-74.721,-2.300,30.100,0.273,136.878,-1.164,0.000,1.170,-0.100,1.281,3.753,0.000,1.189,0.076,0.000,0.000,1.000,0.000,0.000,1.131,-0.249,0.000,0.999,-0.001
2025-07-14 15:47:32.209478,6203,126.62421270,45.80093500,-74.949,-1.900,30.134,0.259,136.746,-1.156,0.000,1.160,-0.100,1.375,3.750,0.000,1.190,0.076,0.000,0.000,1.000,0.000,0.000,1.136,-0.245,0.000,0.999,-0.001
2025-07-14 15:47:32.329621,4233,126.62421070,45.80093530,-75.273,-2.700,30.167,0.272,136.591,-1.170,0.000,1.160,-0.000,1.452,3.745,0.000,1.194,0.076,0.000,0.000,1.000,0.000,0.000,1.137,-0.243,0.000,0.999,-0.001
2025-07-14 15:47:32.449706,2463,126.62420890,45.80093560,-75.616,-2.858,30.201,0.235,136.451,-1.176,0.000,1.160,-0.000,1.565,3.739,0.000,1.195,0.076,0.000,0.000,1.000,0.000,0.000,1.134,-0.247,0.000,0.999,-0.001
2025-07-14 15:47:32.569824,696,126.62420710,45.80093590,-75.994,-3.150,30.234,0.233,136.312,-1.196,0.000,1.190,-0.000,1.686,3.733,0.000,1.206,0.076,0.000,0.000,1.000,0.000,0.000,1.132,-0.248,0.000,0.999,-0.001
2025-07-14 15:47:32.689937,8926,126.62420530,45.80093620,-76.462,-3.900,30.267,0.241,136.172,-1.194,0.000,1.190,-0.000,1.819,3.730,0.000,1.212,0.076,0.000,0.000,1.000,0.000,0.000,1.130,-0.250,0.000,0.999,-0.001
2025-07-14 15:47:32.810127,7143,126.62420350,45.80093640,-76.635,-1.430,30.289,0.197,136.033,-1.118,0.000,1.190,0.100,1.984,3.726,0.000,1.191,0.076,0.000,0.000,1.000,0.000,0.000,1.124,-0.256,0.000,0.999,-0.001
2025-07-14 15:47:32.930266,5363,126.62420170,45.80093660,-76.802,-1.392,30.312,0.204,135.893,-1.126,0.000,1.160,0.200,2.052,3.726,0.000,1.166,0.076,0.000,0.000,1.000,0.000,0.000,1.143,-0.240,0.000,0.999,-0.001
2025-07-14 15:47:33.050266,3673,126.62420000,45.80093670,-76.992,-1.583,30.323,0.182,135.761,-1.108,0.000,1.160,0.200,2.120,3.725,0.000,1.134,2.655,0.000,0.000,1.000,0.000,0.000,1.143,-0.240,0.000,0.999,-0.001
2025-07-14 15:47:33.160371,1993,126.62419830,45.80093690,-77.158,-1.509,30.345,0.186,135.630,-1.105,0.000,1.190,0.200,2.195,3.730,0.000,1.129,2.655,0.000,0.000,1.000,0.000,0.000,1.142,-0.241,0.000,0.999,-0.001
2025-07-14 15:47:33.270512,413,126.62419670,45.80093710,-77.266,-0.982,30.367,0.175,135.505,-1.125,0.000,1.190,0.200,2.268,3.740,0.000,1.127,2.655,0.000,0.000,1.000,0.000,0.000,1.142,-0.241,0.000,0.999,-0.001
2025-07-14 15:47:33.380596,8923,126.62419520,45.80093720,-77.341,-0.682,30.378,0.174,135.389,-1.135,0.000,1.170,0.300,2.319,3.751,0.000,1.136,2.655,0.000,0.000,1.000,0.000,0.000,1.144,-0.239,0.000,0.999,-0.001
2025-07-14 15:47:33.490703,7243,126.62419350,45.80093740,-77.367,-0.236,30.401,0.141,135.257,-1.110,0.000,1.180,0.300,2.361,3.757,0.000,1.135,2.655,0.000,0.000,1.000,0.000,0.000,1.145,-0.238,0.000,0.999,-0.001
2025-07-14 15:47:33.600787,5753,126.62419200,45.80093750,-77.324,0.391,30.412,0.145,135.141,-1.109,0.000,1.180,0.300,2.384,3.764,0.000,1.129,2.655,0.000,0.000,1.000,0.000,0.000,1.145,-0.237,0.000,0.999,-0.001
2025-07-14 15:47:33.711003,4073,126.62419030,45.80093770,-77.254,0.636,30.434,0.151,135.009,-1.110,0.000,1.180,0.300,2.381,3.773,0.000,1.119,2.655,0.000,0.000,1.000,0.000,0.000,1.146,-0.236,0.000,0.999,-0.001
2025-07-14 15:47:33.821025,2773,126.62418900,45.80093770,-77.206,0.436,30.434,0.122,134.909,-1.127,0.000,1.180,0.300,2.368,3.784,0.000,1.124,2.655,0.000,0.000,1.000,0.000,0.000,1.146,-0.236,0.000,0.999,-0.001
2025-07-14 15:47:33.931125,1183,126.62418740,45.80093780,-77.156,0.450,30.445,0.103,134.785,-1.117,0.000,1.190,0.300,2.361,3.793,0.000,1.125,2.655,0.000,0.000,1.000,0.000,0.000,1.146,-0.236,0.000,0.999,-0.001
2025-07-14 15:47:34.041211,9883,126.62418610,45.80093780,-77.063,0.845,30.445,0.136,134.684,-1.112,0.000,1.190,0.300,2.355,3.804,0.000,1.125,2.655,0.000,0.000,1.000,0.000,0.000,1.146,-0.236,0.000,0.999,-0.001
2025-07-14 15:47:34.151341,8283,126.62418450,45.80093780,-76.932,1.191,30.445,0.134,134.560,-1.111,0.000,1.170,0.340,2.333,3.815,0.000,1.120,2.655,0.000,0.000,1.000,0.000,0.000,1.146,-0.236,0.000,0.999,-0.001
2025-07-14 15:47:34.261580,6983,126.62418320,45.80093780,-76.803,1.173,30.445,0.126,134.459,-1.096,0.000,1.170,0.340,2.297,3.824,0.000,1.114,2.655,0.000,0.000,1.000,0.000,0.000,1.146,-0.236,0.000,0.999,-0.001
2025-07-14 15:47:34.371556,5393,126.62418160,45.80093790,-76.661,1.291,30.456,0.120,134.335,-1.110,0.000,1.180,0.350,2.262,3.834,0.000,1.113,2.655,0.000,0.000,1.000,0.000,0.000,1.146,-0.236,0.000,0.999,-0.001
2025-07-14 15:47:34.481686,3993,126.62418020,45.80093790,-76.560,0.918,30.456,0.125,134.226,-1.107,0.000,1.180,0.350,2.222,3.845,0.000,1.111,2.655,0.000,0.000,1.000,0.000,0.000,1.145,-0.236,0.000,0.999,-0.001
2025-07-14 15:47:34.591739,2403,126.62417860,45.80093800,-76.411,1.355,30.467,0.110,134.102,-1.101,0.000,1.170,0.290,2.197,3.857,0.000,1.112,2.655,0.000,0.000,1.000,0.000,0.000,1.146,-0.236,0.000,0.999,-0.001
2025-07-14 15:47:34.701868,903,126.62417710,45.80093800,-76.322,0.809,30.467,0.101,133.986,-1.096,0.000,1.170,0.290,2.153,3.867,0.000,1.107,2.655,0.000,0.000,1.000,0.000,0.000,1.145,-0.237,0.000,0.999,-0.001
2025-07-14 15:47:34.811954,9313,126.62417550,45.80093810,-76.191,1.191,30.479,0.128,133.862,-1.092,0.000,1.160,0.290,2.130,3.877,0.000,1.102,2.655,0.000,0.000,1.000,0.000,0.000,1.147,-0.236,0.000,0.999,-0.001
2025-07-14 15:47:34.922067,7920,126.62417410,45.80093820,-76.109,0.745,30.490,0.129,133.754,-1.091,0.000,1.160,0.290,2.093,3.887,0.000,1.100,2.655,0.000,0.000,1.000,0.000,0.000,1.146,-0.237,0.000,0.999,-0.001
2025-07-14 15:47:35.032174,6333,126.62417250,45.80093830,-75.959,1.351,30.501,0.165,133.629,-1.103,0.000,1.160,0.250,2.073,3.898,0.000,1.104,2.655,0.000,0.000,1.000,0.000,0.000,1.147,-0.236,0.000,0.999,-0.001
2025-07-14 15:47:35.142291,4953,126.62417110,45.80093850,-75.785,1.582,30.523,0.162,133.521,-1.106,0.000,1.160,0.250,2.027,3.907,0.000,1.111,2.655,0.000,0.000,1.000,0.000,0.000,1.146,-0.237,0.000,0.999,-0.001
2025-07-14 15:47:35.252379,3363,126.62416950,45.80093860,-75.596,1.718,30.534,0.126,133.397,-1.107,0.000,1.150,0.190,1.971,3.916,0.000,1.116,2.655,0.000,0.000,1.000,0.000,0.000,1.146,-0.238,0.000,0.999,-0.001
2025-07-14 15:47:35.362494,1673,126.62416780,45.80093870,-75.402,1.764,30.545,0.118,133.265,-1.100,0.000,1.150,0.190,1.907,3.922,0.000,1.113,2.655,0.000,0.000,1.000,0.000,0.000,1.145,-0.238,0.000,0.999,-0.001
2025-07-14 15:47:35.472598,283,126.62416640,45.80093880,-75.254,1.345,30.556,0.154,133.157,-1.092,0.000,1.150,0.150,1.840,3.928,0.000,1.108,2.655,0.000,0.000,1.000,0.000,0.000,1.145,-0.238,0.000,0.999,-0.001
2025-07-14 15:47:35.582708,8693,126.62416480,45.80093890,-75.111,1.300,30.567,0.145,133.033,-1.103,0.000,1.150,0.150,1.789,3.935,0.000,1.107,2.655,0.000,0.000,1.000,0.000,0.000,1.146,-0.237,0.000,0.999,-0.001
2025-07-14 15:47:35.692800,7203,126.62416330,45.80093900,-74.955,1.418,30.579,0.139,132.916,-1.104,0.000,1.170,0.120,1.740,3.943,0.000,1.109,2.655,0.000,0.000,1.000,0.000,0.000,1.146,-0.237,0.000,0.999,-0.001
2025-07-14 15:47:35.802918,5623,126.62416170,45.80093920,-74.742,1.936,30.601,0.149,132.792,-1.105,0.000,1.170,0.120,1.685,3.953,0.000,1.113,2.655,0.000,0.000,1.000,0.000,0.000,1.146,-0.238,0.000,0.999,-0.001
2025-07-14 15:47:35.913083,4143,126.62416020,45.80093940,-74.525,1.973,30.623,0.148,132.676,-1.105,0.000,1.160,0.140,1.609,3.963,0.000,1.114,2.655,0.000,0.000,1.000,0.000,0.000,1.144,-0.239,0.000,0.999,-0.001
2025-07-14 15:47:36.023126,2563,126.62415860,45.80093960,-74.279,2.216,30.645,0.142,132.552,-1.120,0.000,1.160,0.140,1.531,3.971,0.000,1.120,2.655,0.000,0.000,1.000,0.000,0.000,1.144,-0.239,0.000,0.999,-0.001
2025-07-14 15:47:36.133227,1083,126.62415710,45.80093980,-74.102,1.609,30.668,0.125,132.436,-1.130,0.000,1.160,0.120,1.444,3.977,0.000,1.127,2.655,0.000,0.000,1.000,0.000,0.000,1.142,-0.241,0.000,0.999,-0.001
2025-07-14 15:47:36.243322,9503,126.62415550,45.80094000,-73.995,0.973,30.690,0.147,132.312,-1.112,0.000,1.160,0.070,1.380,3.983,0.000,1.129,2.655,0.000,0.000,1.000,0.000,0.000,1.145,-0.239,0.000,0.999,-0.001
2025-07-14 15:47:36.353821,8013,126.62415400,45.80094010,-73.955,0.364,30.701,0.155,132.195,-1.122,0.000,1.170,0.020,1.341,3.988,0.000,1.130,2.655,0.000,0.000,1.000,0.000,0.000,1.147,-0.236,0.000,0.999,-0.001
2025-07-14 15:47:36.463727,6333,126.62415230,45.80094030,-73.836,1.082,30.723,0.212,132.064,-1.078,0.000,1.170,0.020,1.325,3.995,0.000,1.118,2.655,0.000,0.000,1.000,0.000,0.000,1.148,-0.234,0.000,0.999,-0.001
2025-07-14 15:47:36.573757,4853,126.62415080,45.80094050,-73.626,1.909,30.745,0.198,131.947,-1.069,0.000,1.170,0.020,1.281,4.004,0.000,1.106,2.655,0.000,0.000,1.000,0.000,0.000,1.147,-0.236,0.000,0.999,-0.001
2025-07-14 15:47:36.683780,3250,126.62414920,45.80094060,-73.216,3.727,30.757,0.183,131.823,-1.082,0.000,1.180,-0.030,1.203,4.015,0.000,1.094,2.655,0.000,0.000,1.000,0.000,0.000,1.145,-0.236,0.000,0.999,-0.001
2025-07-14 15:47:36.793854,1780,126.62414770,45.80094080,-73.078,1.255,30.779,0.180,131.707,-1.098,0.000,1.170,-0.020,1.046,4.030,0.000,1.099,2.655,0.000,0.000,1.000,0.000,0.000,1.138,-0.240,0.000,0.999,-0.001
2025-07-14 15:47:36.903958,203,126.62414610,45.80094100,-72.984,0.855,30.801,0.180,131.583,-1.100,0.000,1.170,-0.020,0.989,4.042,0.000,1.108,2.655,0.000,0.000,1.000,0.000,0.000,1.156,-0.231,0.000,0.999,-0.001
2025-07-14 15:47:37.014069,8813,126.62414470,45.80094110,-72.855,1.173,30.812,0.191,131.474,-1.087,0.000,1.160,0.010,0.951,4.053,0.000,1.110,2.655,0.000,0.000,1.000,0.000,0.000,1.157,-0.228,0.000,0.999,-0.001
2025-07-14 15:47:37.124264,7233,126.62414310,45.80094130,-72.669,1.676,30.834,0.180,131.350,-1.081,0.000,1.160,0.010,0.902,4.061,0.000,1.105,2.655,0.000,0.000,1.000,0.000,0.000,1.156,-0.229,0.000,0.999,-0.001
2025-07-14 15:47:37.234284,5650,126.62414150,45.80094150,-72.439,2.091,30.857,0.196,131.226,-1.048,0.000,1.200,-0.050,0.832,4.071,0.000,1.089,2.655,0.000,0.000,1.000,0.000,0.000,1.155,-0.231,0.000,0.999,-0.001
2025-07-14 15:47:37.344389,4260,126.62414010,45.80094160,-72.217,2.018,30.868,0.192,131.118,-1.048,0.000,1.160,-0.130,0.742,4.090,0.000,1.076,2.655,0.000,0.000,1.000,0.000,0.000,1.153,-0.232,0.000,0.999,-0.001
2025-07-14 15:47:37.454489,2670,126.62413850,45.80094180,-71.978,2.173,30.890,0.178,130.994,-1.079,0.000,1.160,-0.130,0.652,4.104,0.000,1.075,2.655,0.000,0.000,1.000,0.000,0.000,1.153,-0.232,0.000,0.999,-0.001
2025-07-14 15:47:37.574610,1190,126.62413700,45.80094190,-71.798,1.500,30.901,0.173,130.878,-1.088,0.000,1.160,-0.120,0.554,4.119,0.000,1.087,2.655,0.000,0.000,1.000,0.000,0.000,1.152,-0.233,0.000,0.999,-0.001
2025-07-14 15:47:37.684695,9613,126.62413540,45.80094210,-71.637,1.464,30.923,0.166,130.753,-1.095,0.000,1.180,-0.180,0.485,4.131,0.000,1.101,2.655,0.000,0.000,1.000,0.000,0.000,1.155,-0.230,0.000,0.999,-0.001
2025-07-14 15:47:37.794819,8033,126.62413380,45.80094230,-71.431,1.873,30.946,0.172,130.629,-1.090,0.000,1.180,-0.180,0.415,4.145,0.000,1.104,2.655,0.000,0.000,1.000,0.000,0.000,1.155,-0.230,0.000,0.999,-0.001
2025-07-14 15:47:37.904985,6750,126.62413250,45.80094250,-71.186,2.227,30.968,0.155,130.529,-1.077,0.000,1.190,-0.200,0.329,4.158,0.000,1.100,2.655,0.000,0.000,1.000,0.000,0.000,1.153,-0.232,0.000,0.999,-0.001
2025-07-14 15:47:38.015026,5173,126.62413090,45.80094270,-70.840,3.145,30.990,0.205,130.405,-1.101,0.000,1.190,-0.200,0.227,4.173,0.000,1.104,2.655,0.000,0.000,1.000,0.000,0.000,1.151,-0.233,0.000,0.999,-0.001
2025-07-14 15:47:38.125118,3893,126.62412960,45.80094290,-70.554,2.577,31.012,0.205,130.304,-1.113,0.000,1.150,-0.230,0.086,4.188,0.000,1.113,2.708,0.000,0.000,1.000,0.000,0.000,1.146,-0.238,0.000,0.999,-0.001
2025-07-14 15:47:38.235224,2313,126.62412800,45.80094310,-70.355,1.809,31.035,0.237,130.180,-1.096,0.000,1.150,-0.230,-0.033,4.194,0.000,1.124,2.708,0.000,0.000,1.000,0.000,0.000,1.149,-0.236,0.000,0.999,-0.001
2025-07-14 15:47:38.345344,933,126.62412660,45.80094330,-70.211,1.309,31.057,0.222,130.071,-1.077,0.000,1.150,-0.360,-0.121,4.199,0.000,1.118,2.708,0.000,0.000,1.000,0.000,0.000,1.153,-0.231,0.000,0.999,-0.001
2025-07-14 15:47:38.455542,9353,126.62412500,45.80094360,-70.012,1.809,31.090,0.219,129.947,-1.107,0.000,1.150,-0.360,-0.192,4.204,0.000,1.116,2.708,0.000,0.000,1.000,0.000,0.000,1.155,-0.228,0.000,0.999,-0.001
2025-07-14 15:47:38.565551,7873,126.62412350,45.80094370,-69.854,1.436,31.101,0.215,129.831,-1.125,0.000,1.170,-0.390,-0.283,4.210,0.000,1.124,2.708,0.000,0.000,1.000,0.000,0.000,1.153,-0.231,0.000,0.999,-0.001
2025-07-14 15:47:38.675656,6393,126.62412200,45.80094390,-69.923,-0.627,31.123,0.223,129.715,-1.132,0.000,1.170,-0.390,-0.361,4.218,0.000,1.143,2.708,0.000,0.000,1.000,0.000,0.000,1.154,-0.230,0.000,0.999,-0.001
2025-07-14 15:47:38.785759,4723,126.62412030,45.80094420,-69.776,1.336,31.157,0.208,129.583,-1.121,0.000,1.170,-0.390,-0.354,4.222,0.000,1.146,2.708,0.000,0.000,1.000,0.000,0.000,1.162,-0.221,0.000,0.999,-0.001
2025-07-14 15:47:38.895855,3253,126.62411880,45.80094450,-69.657,1.082,31.190,0.193,129.467,-1.135,0.000,1.190,-0.400,-0.425,4.226,0.000,1.148,2.708,0.000,0.000,1.000,0.000,0.000,1.163,-0.228,0.000,0.999,-0.001
2025-07-14 15:47:39.006063,1483,126.62411700,45.80094480,-69.582,0.682,31.224,0.270,129.327,-1.131,0.000,1.190,-0.400,-0.488,4.234,0.000,1.151,2.708,0.000,0.000,1.000,0.000,0.000,1.163,-0.228,0.000,0.999,-0.001
2025-07-14 15:47:39.116072,9913,126.62411540,45.80094510,-69.502,0.727,31.257,0.255,129.203,-1.121,0.000,1.200,-0.360,-0.534,4.240,0.000,1.155,2.708,0.000,0.000,1.000,0.000,0.000,1.164,-0.227,0.000,0.999,-0.001
2025-07-14 15:47:39.226177,8243,126.62411370,45.80094540,-69.303,1.793,31.290,0.271,129.071,-1.102,0.000,1.200,-0.360,-0.580,4.248,0.000,1.149,2.708,0.000,0.000,1.000,0.000,0.000,1.164,-0.227,0.000,0.999,-0.001
2025-07-14 15:47:39.336266,6773,126.62411220,45.80094570,-69.149,1.400,31.324,0.271,128.955,-1.107,0.000,1.150,-0.420,-0.670,4.257,0.000,1.141,2.708,0.000,0.000,1.000,0.000,0.000,1.161,-0.230,0.000,0.999,-0.001
2025-07-14 15:47:39.446387,4993,126.62411040,45.80094590,-69.028,1.100,31.346,0.276,128.815,-1.099,0.000,1.200,-0.410,-0.747,4.258,0.000,1.136,2.708,0.000,0.000,1.000,0.000,0.000,1.163,-0.229,0.000,0.999,-0.001
2025-07-14 15:47:39.556577,3523,126.62410890,45.80094620,-68.917,1.009,31.379,0.268,128.699,-1.097,0.000,1.200,-0.410,-0.812,4.269,0.000,1.134,2.708,0.000,0.000,1.000,0.000,0.000,1.164,-0.228,0.000,0.999,-0.001
2025-07-14 15:47:39.666593,1853,126.62410720,45.80094650,-68.816,0.918,31.413,0.257,128.567,-1.098,0.000,1.190,-0.500,-0.872,4.280,0.000,1.130,2.708,0.000,0.000,1.000,0.000,0.000,1.164,-0.228,0.000,0.999,-0.001
2025-07-14 15:47:39.776790,383,126.62410570,45.80094680,-68.728,0.800,31.446,0.287,128.451,-1.112,0.000,1.190,-0.500,-0.932,4.291,0.000,1.135,2.708,0.000,0.000,1.000,0.000,0.000,1.164,-0.228,0.000,0.999,-0.001
2025-07-14 15:47:39.886805,8813,126.62410410,45.80094710,-68.581,1.336,31.479,0.293,128.327,-1.143,0.000,1.180,-0.490,-0.987,4.300,0.000,1.152,2.708,0.000,0.000,1.000,0.000,0.000,1.164,-0.228,0.000,0.999,-0.001
2025-07-14 15:47:39.996906,7453,126.62410270,45.80094750,-68.408,1.573,31.524,0.297,128.219,-1.132,0.000,1.190,-0.500,-1.064,4.305,0.000,1.166,2.708,0.000,0.000,1.000,0.000,0.000,1.163,-0.230,0.000,0.999,-0.001
2025-07-14 15:47:40.107101,5783,126.62410100,45.80094780,-68.227,1.631,31.557,0.300,128.087,-1.128,0.000,1.190,-0.500,-1.151,4.309,0.000,1.172,2.708,0.000,0.000,1.000,0.000,0.000,1.161,-0.231,0.000,0.999,-0.001
2025-07-14 15:47:40.217124,4413,126.62409960,45.80094810,-68.108,1.082,31.590,0.344,127.978,-1.149,0.000,1.150,-0.560,-1.241,4.312,0.000,1.179,2.708,0.000,0.000,1.000,0.000,0.000,1.161,-0.231,0.000,0.999,-0.001
2025-07-14 15:47:40.327219,2743,126.62409790,45.80094850,-68.001,0.973,31.635,0.330,127.846,-1.146,0.000,1.150,-0.560,-1.311,4.307,0.000,1.186,2.708,0.000,0.000,1.000,0.000,0.000,1.163,-0.229,0.000,0.999,-0.001
2025-07-14 15:47:40.437329,1383,126.62409650,45.80094880,-67.891,1.000,31.668,0.323,127.738,-1.163,0.000,1.170,-0.570,-1.377,4.301,0.000,1.200,2.708,0.000,0.000,1.000,0.000,0.000,1.163,-0.229,0.000,0.999,-0.001
2025-07-14 15:47:40.547604,9706,126.62409480,45.80094910,-67.759,1.200,31.702,0.317,127.606,-1.176,0.000,1.190,-0.530,-1.443,4.296,0.000,1.206,2.760,0.000,0.000,1.000,0.000,0.000,1.163,-0.229,0.000,0.999,-0.001
2025-07-14 15:47:40.657628,8046,126.62409310,45.80094940,-67.628,1.191,31.735,0.320,127.474,-1.184,0.000,1.150,-0.600,-1.516,4.293,0.000,1.217,2.760,0.000,0.000,1.000,0.000,0.000,1.162,-0.230,0.000,0.999,-0.001
2025-07-14 15:47:40.767642,6566,126.62409160,45.80094970,-67.445,1.664,31.768,0.332,127.358,-1.145,0.000,1.160,-0.600,-1.592,4.282,0.000,1.212,2.760,0.000,0.000,1.000,0.000,0.000,1.162,-0.230,0.000,0.999,-0.001
2025-07-14 15:47:40.877752,4916,126.62408990,45.80095010,-67.381,0.582,31.813,0.352,127.226,-1.146,0.000,1.160,-0.600,-1.687,4.273,0.000,1.206,2.760,0.000,0.000,1.000,0.000,0.000,1.160,-0.232,0.000,0.999,-0.001
2025-07-14 15:47:40.987841,3353,126.62408830,45.80095050,-67.389,-0.073,31.857,0.335,127.102,-1.155,0.000,1.170,-0.610,-1.739,4.265,0.000,1.198,2.760,0.000,0.000,1.000,0.000,0.000,1.164,-0.228,0.000,0.999,-0.001
2025-07-14 15:47:41.097952,1586,126.62408650,45.80095090,-67.440,-0.464,31.902,0.356,126.963,-1.188,0.000,1.160,-0.620,-1.762,4.260,0.000,1.214,0.865,0.000,0.000,1.000,0.000,0.000,1.166,-0.226,0.000,0.999,-0.001
2025-07-14 15:47:41.208065,126,126.62408500,45.80095120,-67.471,-0.282,31.935,0.371,126.846,-1.126,0.000,1.160,-0.620,-1.770,4.251,0.000,1.209,0.865,0.000,0.000,1.000,0.000,0.000,1.166,-0.225,0.000,0.999,-0.001
2025-07-14 15:47:41.318177,8366,126.62408320,45.80095160,-67.508,-0.333,31.980,0.369,126.707,-1.130,0.000,1.200,-0.600,-1.784,4.242,0.000,1.205,0.865,0.000,0.000,1.000,0.000,0.000,1.166,-0.225,0.000,0.999,-0.001
2025-07-14 15:47:41.428283,6893,126.62408170,45.80095190,-67.580,-0.655,32.013,0.356,126.591,-1.147,0.000,1.160,-0.600,-1.795,4.241,0.000,1.192,0.865,0.000,0.000,1.000,0.000,0.000,1.166,-0.225,0.000,0.999,-0.001
2025-07-14 15:47:41.538383,5133,126.62407990,45.80095230,-67.669,-0.809,32.057,0.349,126.451,-1.154,0.000,1.160,-0.600,-1.793,4.236,0.000,1.198,0.865,0.000,0.000,1.000,0.000,0.000,1.166,-0.225,0.000,0.999,-0.001
2025-07-14 15:47:41.648488,3666,126.62407840,45.80095260,-67.795,-1.145,32.091,0.351,126.335,-1.172,0.000,1.160,-0.600,-1.785,4.229,0.000,1.210,0.865,0.000,0.000,1.000,0.000,0.000,1.166,-0.224,0.000,0.999,-0.001
2025-07-14 15:47:41.758692,1906,126.62407660,45.80095300,-68.038,-2.209,32.135,0.385,126.195,-1.187,0.000,1.160,-0.600,-1.762,4.221,0.000,1.226,0.865,0.000,0.000,1.000,0.000,0.000,1.166,-0.224,0.000,0.999,-0.001
2025-07-14 15:47:41.868694,346,126.62407500,45.80095340,-68.307,-2.445,32.180,0.397,126.071,-1.175,0.000,1.200,-0.600,-1.696,4.210,0.000,1.237,0.865,0.000,0.000,1.000,0.000,0.000,1.165,-0.225,0.000,0.999,-0.001
2025-07-14 15:47:41.978891,8596,126.62407320,45.80095390,-68.611,-2.764,32.235,0.398,125.932,-1.158,0.000,1.200,-0.600,-1.618,4.203,0.000,1.238,0.865,0.000,0.000,1.000,0.000,0.000,1.164,-0.225,0.000,0.999,-0.001
2025-07-14 15:47:42.088934,7136,126.62407170,45.80095430,-68.802,-1.736,32.280,0.372,125.815,-1.140,0.000,1.180,-0.600,-1.527,4.197,0.000,1.221,0.865,0.000,0.000,1.000,0.000,0.000,1.162,-0.227,0.000,0.999,-0.001
2025-07-14 15:47:42.199005,5476,126.62407000,45.80095470,-68.991,-1.718,32.324,0.377,125.684,-1.193,0.000,1.190,-0.500,-1.477,4.190,0.000,1.225,0.865,0.000,0.000,1.000,0.000,0.000,1.167,-0.223,0.000,0.999,-0.001
2025-07-14 15:47:42.309196,4016,126.62406850,45.80095510,-69.201,-1.892,32.369,0.380,125.567,-1.205,0.000,1.190,-0.500,-1.426,4.184,0.000,1.238,0.865,0.000,0.000,1.000,0.000,0.000,1.167,-0.223,0.000,0.999,-0.001
2025-07-14 15:47:42.429206,2266,126.62406670,45.80095560,-69.490,-2.408,32.424,0.351,125.428,-1.173,0.000,1.170,-0.500,-1.367,4.175,0.000,1.246,0.865,0.000,0.000,1.000,0.000,0.000,1.166,-0.224,0.000,0.999,-0.001
2025-07-14 15:47:42.549375,506,126.62406490,45.80095600,-69.792,-2.517,32.469,0.354,125.288,-1.176,0.000,1.170,-0.500,-1.287,4.162,0.000,1.239,0.865,0.000,0.000,1.000,0.000,0.000,1.164,-0.225,0.000,0.999,-0.001
2025-07-14 15:47:42.669452,8836,126.62406320,45.80095640,-70.098,-2.550,32.513,0.359,125.157,-1.175,0.000,1.190,-0.400,-1.202,4.151,0.000,1.227,0.865,0.000,0.000,1.000,0.000,0.000,1.164,-0.226,0.000,0.999,-0.001
2025-07-14 15:47:42.789566,6896,126.62406120,45.80095690,-70.487,-3.242,32.569,0.377,125.001,-1.179,0.000,1.190,-0.400,-1.111,4.144,0.000,1.232,0.865,0.000,0.000,1.000,0.000,0.000,1.163,-0.226,0.000,0.999,-0.001
2025-07-14 15:47:42.909684,5136,126.62405940,45.80095730,-70.848,-3.008,32.613,0.389,124.862,-1.207,0.000,1.190,-0.400,-0.992,4.137,0.000,1.245,0.865,0.000,0.000,1.000,0.000,0.000,1.160,-0.229,0.000,0.999,-0.001
2025-07-14 15:47:43.029797,3386,126.62405760,45.80095780,-71.203,-2.958,32.669,0.321,124.722,-1.226,0.000,1.180,-0.300,-0.881,4.128,0.000,1.258,0.865,0.000,0.000,1.000,0.000,0.000,1.160,-0.229,0.000,0.999,-0.001
2025-07-14 15:47:43.149915,1616,126.62405580,45.80095820,-71.549,-2.883,32.714,0.319,124.583,-1.237,0.000,1.200,-0.300,-0.769,4.114,0.000,1.271,0.865,0.000,0.000,1.000,0.000,0.000,1.160,-0.229,0.000,0.999,-0.001
2025-07-14 15:47:43.270026,9766,126.62405390,45.80095860,-71.880,-2.758,32.758,0.341,124.436,-1.189,0.000,1.160,-0.200,-0.659,4.102,0.000,1.261,0.865,0.000,0.000,1.000,0.000,0.000,1.160,-0.229,0.000,0.999,-0.001
2025-07-14 15:47:43.390151,7806,126.62405190,45.80095900,-72.191,-2.570,32.803,0.351,124.281,-1.177,0.000,1.170,-0.200,-0.551,4.085,0.000,1.248,0.865,0.000,0.000,1.000,0.000,0.000,1.160,-0.229,0.000,0.999,-0.001
2025-07-14 15:47:43.510252,6046,126.62405010,45.80095940,-72.440,-2.075,32.847,0.371,124.141,-1.161,0.000,1.160,-0.200,-0.450,4.072,0.000,1.228,0.865,0.000,0.000,1.000,0.000,0.000,1.160,-0.229,0.000,0.999,-0.001
2025-07-14 15:47:43.620721,4286,126.62404830,45.80095980,-72.749,-2.809,32.891,0.373,124.001,-1.181,0.000,1.200,-0.100,-0.370,4.060,0.000,1.229,0.865,0.000,0.000,1.000,0.000,0.000,1.163,-0.227,0.000,0.999,-0.001
2025-07-14 15:47:43.730841,2426,126.62404640,45.80096020,-73.141,-3.564,32.936,0.289,123.854,-1.194,0.000,1.180,-0.100,-0.257,4.055,0.000,1.229,0.865,0.000,0.000,1.000,0.000,0.000,1.159,-0.231,0.000,0.999,-0.001
2025-07-14 15:47:43.840925,956,126.62404490,45.80096050,-73.514,-3.391,32.969,0.306,123.738,-1.175,0.000,1.180,-0.100,-0.111,4.047,0.000,1.227,0.865,0.000,0.000,1.000,0.000,0.000,1.154,-0.234,0.000,0.999,-0.001
2025-07-14 15:47:43.951055,9186,126.62404310,45.80096080,-73.907,-3.573,33.003,0.311,123.598,-1.157,0.000,1.180,-0.100,0.029,4.039,0.000,1.214,0.865,0.000,0.000,1.000,0.000,0.000,1.155,-0.234,0.000,0.999,-0.001
2025-07-14 15:47:44.061131,7706,126.62404160,45.80096100,-74.183,-2.486,33.025,0.302,123.482,-1.182,0.000,1.180,-0.000,0.175,4.033,0.000,1.211,0.865,0.000,0.000,1.000,0.000,0.000,1.152,-0.236,0.000,0.999,-0.001
2025-07-14 15:47:44.171258,6036,126.62403990,45.80096130,-74.466,-2.573,33.058,0.296,123.350,-1.177,0.000,1.180,-0.000,0.282,4.028,0.000,1.211,0.865,0.000,0.000,1.000,0.000,0.000,1.159,-0.230,0.000,0.999,-0.001
2025-07-14 15:47:44.281343,4566,126.62403840,45.80096160,-74.663,-1.791,33.092,0.249,123.234,-1.174,0.000,1.160,0.100,0.391,4.023,0.000,1.211,0.865,0.000,0.000,1.000,0.000,0.000,1.158,-0.231,0.000,0.999,-0.001
2025-07-14 15:47:44.391467,2796,126.62403660,45.80096190,-74.883,-2.000,33.125,0.278,123.094,-1.191,0.000,1.160,0.100,0.472,4.014,0.000,1.212,0.865,0.000,0.000,1.000,0.000,0.000,1.162,-0.227,0.000,0.999,-0.001
2025-07-14 15:47:44.501691,1316,126.62403510,45.80096210,-75.183,-2.727,33.147,0.291,122.978,-1.212,0.000,1.160,0.100,0.561,4.005,0.000,1.223,0.865,0.000,0.000,1.000,0.000,0.000,1.161,-0.229,0.000,0.999,-0.001
2025-07-14 15:47:44.611674,9556,126.62403330,45.80096250,-75.635,-4.109,33.192,0.300,122.839,-1.221,0.000,1.160,0.200,0.679,3.994,0.000,1.242,0.865,0.000,0.000,1.000,0.000,0.000,1.157,-0.232,0.000,0.999,-0.001
2025-07-14 15:47:44.721770,7976,126.62403170,45.80096270,-75.967,-3.018,33.214,0.295,122.715,-1.226,0.000,1.160,0.200,0.860,3.980,0.000,1.255,0.865,0.000,0.000,1.000,0.000,0.000,1.149,-0.239,0.000,0.999,-0.001
2025-07-14 15:47:44.831870,6306,126.62403000,45.80096300,-76.382,-3.773,33.247,0.239,122.583,-1.180,0.000,1.170,0.200,0.998,3.964,0.000,1.241,0.865,0.000,0.000,1.000,0.000,0.000,1.157,-0.233,0.000,0.999,-0.001
2025-07-14 15:47:44.941974,4726,126.62402840,45.80096320,-76.698,-2.873,33.270,0.242,122.459,-1.161,0.000,1.170,0.200,1.165,3.951,0.000,1.217,0.865,0.000,0.000,1.000,0.000,0.000,1.151,-0.241,0.000,0.999,-0.001
2025-07-14 15:47:45.052082,2953,126.62402660,45.80096350,-77.017,-2.900,33.303,0.241,122.319,-1.175,0.000,1.190,0.300,1.297,3.943,0.000,1.196,0.865,0.000,0.000,1.000,0.000,0.000,1.157,-0.236,0.000,0.999,-0.001
2025-07-14 15:47:45.162203,1463,126.62402510,45.80096370,-77.285,-2.414,33.325,0.245,122.203,-1.176,0.000,1.190,0.400,1.432,3.942,0.000,1.196,0.865,0.000,0.000,1.000,0.000,0.000,1.156,-0.237,0.000,0.999,-0.001
2025-07-14 15:47:45.272392,9703,126.62402330,45.80096400,-77.576,-2.645,33.358,0.236,122.063,-1.168,0.000,1.170,0.400,1.552,3.941,0.000,1.197,0.865,0.000,0.000,1.000,0.000,0.000,1.158,-0.235,0.000,0.999,-0.001
2025-07-14 15:47:45.382412,8023,126.62402160,45.80096420,-77.871,-2.682,33.381,0.210,121.932,-1.150,0.000,1.170,0.400,1.681,3.937,0.000,1.187,0.865,0.000,0.000,1.000,0.000,0.000,1.156,-0.237,0.000,0.999,-0.001
2025-07-14 15:47:45.492508,6443,126.62402000,45.80096440,-78.129,-2.345,33.403,0.208,121.808,-1.144,0.000,1.200,0.400,1.811,3.934,0.000,1.174,0.865,0.000,0.000,1.000,0.000,0.000,1.155,-0.238,0.000,0.999,-0.001
2025-07-14 15:47:45.602615,4673,126.62401820,45.80096470,-78.351,-2.018,33.436,0.217,121.668,-1.137,0.000,1.200,0.400,1.928,3.938,0.000,1.163,1.655,0.000,0.000,1.000,0.000,0.000,1.157,-0.237,0.000,0.999,-0.001
2025-07-14 15:47:45.712695,3183,126.62401670,45.80096490,-78.467,-1.055,33.459,0.221,121.552,-1.129,0.000,1.200,0.500,2.031,3.944,0.000,1.157,1.655,0.000,0.000,1.000,0.000,0.000,1.158,-0.235,0.000,0.999,-0.001
2025-07-14 15:47:45.822823,1513,126.62401500,45.80096510,-78.574,-0.973,33.481,0.176,121.420,-1.139,0.000,1.170,0.500,2.099,3.952,0.000,1.153,1.655,0.000,0.000,1.000,0.000,0.000,1.163,-0.230,0.000,0.999,-0.001
2025-07-14 15:47:45.932914,9923,126.62401340,45.80096520,-78.673,-0.900,33.492,0.177,121.296,-1.139,0.000,1.170,0.500,2.161,3.955,0.000,1.152,1.655,0.000,0.000,1.000,0.000,0.000,1.163,-0.230,0.000,0.999,-0.001
2025-07-14 15:47:46.043044,8243,126.62401170,45.80096540,-78.802,-1.173,33.514,0.159,121.164,-1.149,0.000,1.160,0.600,2.221,3.958,0.000,1.155,2.076,0.000,0.000,1.000,0.000,0.000,1.163,-0.230,0.000,0.999,-0.001
2025-07-14 15:47:46.153140,6763,126.62401020,45.80096560,-78.866,-0.577,33.536,0.154,121.048,-1.136,0.000,1.160,0.600,2.295,3.959,0.000,1.153,2.076,0.000,0.000,1.000,0.000,0.000,1.162,-0.231,0.000,0.999,-0.001
2025-07-14 15:47:46.263251,5073,126.62400850,45.80096570,-78.879,-0.118,33.548,0.180,120.916,-1.188,0.000,1.150,0.600,2.346,3.960,0.000,1.169,2.076,0.000,0.000,1.000,0.000,0.000,1.164,-0.229,0.000,0.999,-0.001
2025-07-14 15:47:46.373344,3593,126.62400700,45.80096590,-78.853,0.236,33.570,0.179,120.800,-1.192,0.000,1.150,0.600,2.377,3.956,0.000,1.184,2.076,0.000,0.000,1.000,0.000,0.000,1.165,-0.228,0.000,0.999,-0.001
2025-07-14 15:47:46.483449,1803,126.62400520,45.80096600,-78.818,0.318,33.581,0.168,120.660,-1.164,0.000,1.160,0.600,2.393,3.951,0.000,1.194,2.076,0.000,0.000,1.000,0.000,0.000,1.165,-0.227,0.000,0.999,-0.001
2025-07-14 15:47:46.593693,323,126.62400370,45.80096620,-78.828,-0.091,33.603,0.171,120.544,-1.170,0.000,1.160,0.600,2.405,3.945,0.000,1.188,2.076,0.000,0.000,1.000,0.000,0.000,1.165,-0.227,0.000,0.999,-0.001
2025-07-14 15:47:46.703656,8643,126.62400200,45.80096640,-79.011,-1.664,33.625,0.158,120.412,-1.171,0.000,1.170,0.600,2.434,3.940,0.000,1.180,2.076,0.000,0.000,1.000,0.000,0.000,1.165,-0.227,0.000,0.999,-0.001
2025-07-14 15:47:46.813759,7043,126.62400040,45.80096640,-79.042,-0.282,33.625,0.121,120.288,-1.159,0.000,1.190,0.620,2.527,3.938,0.000,1.176,2.076,0.000,0.000,1.000,0.000,0.000,1.163,-0.228,0.000,0.999,-0.001
2025-07-14 15:47:46.923866,5253,126.62399860,45.80096650,-79.087,-0.409,33.636,0.112,120.149,-1.164,0.000,1.190,0.620,2.567,3.940,0.000,1.172,2.076,0.000,0.000,1.000,0.000,0.000,1.169,-0.226,0.000,0.999,-0.001
2025-07-14 15:47:47.033985,3663,126.62399700,45.80096660,-79.098,-0.100,33.648,0.134,120.025,-1.142,0.000,1.190,0.600,2.611,3.944,0.000,1.162,2.076,0.000,0.000,1.000,0.000,0.000,1.168,-0.227,0.000,0.999,-0.001
2025-07-14 15:47:47.144069,1963,126.62399530,45.80096670,-79.015,0.755,33.659,0.135,119.893,-1.134,0.000,1.190,0.600,2.641,3.948,0.000,1.154,2.076,0.000,0.000,1.000,0.000,0.000,1.169,-0.226,0.000,0.999,-0.001
2025-07-14 15:47:47.254189,363,126.62399370,45.80096670,-78.892,1.108,33.659,0.135,119.769,-1.132,0.000,1.180,0.700,2.636,3.955,0.000,1.144,2.076,0.000,0.000,1.000,0.000,0.000,1.170,-0.225,0.000,0.999,-0.001
2025-07-14 15:47:47.364347,8583,126.62399190,45.80096680,-78.761,1.191,33.670,0.126,119.629,-1.142,0.000,1.160,0.700,2.619,3.961,0.000,1.144,2.076,0.000,0.000,1.000,0.000,0.000,1.170,-0.224,0.000,0.999,-0.001
2025-07-14 15:47:47.474400,6893,126.62399020,45.80096690,-78.676,0.773,33.681,0.114,119.498,-1.125,0.000,1.160,0.700,2.598,3.964,0.000,1.140,2.076,0.000,0.000,1.000,0.000,0.000,1.170,-0.224,0.000,0.999,-0.001
2025-07-14 15:47:47.584505,5293,126.62398860,45.80096690,-78.624,0.473,33.681,0.105,119.374,-1.129,0.000,1.150,0.650,2.595,3.967,0.000,1.138,2.287,0.000,0.000,1.000,0.000,0.000,1.171,-0.224,0.000,0.999,-0.001
2025-07-14 15:47:47.694608,3503,126.62398680,45.80096700,-78.592,0.291,33.692,0.098,119.234,-1.127,0.000,1.150,0.650,2.602,3.969,0.000,1.132,2.287,0.000,0.000,1.000,0.000,0.000,1.171,-0.224,0.000,0.999,-0.001
2025-07-14 15:47:47.804707,2113,126.62398540,45.80096710,-78.514,0.709,33.703,0.160,119.125,-1.116,0.000,1.190,0.690,2.617,3.972,0.000,1.131,2.287,0.000,0.000,1.000,0.000,0.000,1.171,-0.223,0.000,0.999,-0.001
2025-07-14 15:47:47.914817,433,126.62398370,45.80096730,-78.333,1.645,33.725,0.157,118.994,-1.106,0.000,1.190,0.670,2.616,3.982,0.000,1.125,2.287,0.000,0.000,1.000,0.000,0.000,1.171,-0.223,0.000,0.999,-0.001
2025-07-14 15:47:48.024936,9043,126.62398230,45.80096740,-78.167,1.509,33.737,0.077,118.885,-1.110,0.000,1.190,0.670,2.577,3.993,0.000,1.119,2.287,0.000,0.000,1.000,0.000,0.000,1.171,-0.223,0.000,0.999,-0.001
2025-07-14 15:47:48.135039,7463,126.62398070,45.80096760,-77.994,1.573,33.759,0.061,118.761,-1.120,0.000,1.180,0.690,2.541,4.006,0.000,1.117,2.287,0.000,0.000,1.000,0.000,0.000,1.171,-0.223,0.000,0.999,-0.001
2025-07-14 15:47:48.245123,5973,126.62397920,45.80096770,-77.864,1.171,33.770,0.120,118.645,-1.088,0.000,1.180,0.690,2.504,4.016,0.000,1.110,2.287,0.000,0.000,1.000,0.000,0.000,1.171,-0.223,0.000,0.999,-0.001
2025-07-14 15:47:48.355248,4380,126.62397760,45.80096780,-77.696,1.527,33.781,0.113,118.521,-1.064,0.000,1.180,0.640,2.483,4.028,0.000,1.095,2.287,0.000,0.000,1.000,0.000,0.000,1.172,-0.222,0.000,0.999,-0.001
2025-07-14 15:47:48.465347,2990,126.62397620,45.80096790,-77.530,1.509,33.792,0.139,118.412,-1.094,0.000,1.170,0.570,2.446,4.043,0.000,1.089,2.287,0.000,0.000,1.000,0.000,0.000,1.171,-0.223,0.000,0.999,-0.001
2025-07-14 15:47:48.575442,1400,126.62397460,45.80096800,-77.385,1.318,33.803,0.132,118.288,-1.102,0.000,1.170,0.570,2.406,4.057,0.000,1.094,2.287,0.000,0.000,1.000,0.000,0.000,1.171,-0.223,0.000,0.999,-0.001
2025-07-14 15:47:48.685684,13,126.62397320,45.80096810,-77.154,2.100,33.814,0.124,118.180,-1.105,0.000,1.160,0.570,2.374,4.070,0.000,1.108,2.287,0.000,0.000,1.000,0.000,0.000,1.171,-0.223,0.000,0.999,-0.001
2025-07-14 15:47:48.795638,8333,126.62397150,45.80096830,-77.041,1.027,33.837,0.167,118.048,-1.132,0.000,1.160,0.570,2.310,4.079,0.000,1.122,2.287,0.000,0.000,1.000,0.000,0.000,1.170,-0.224,0.000,0.999,-0.001
2025-07-14 15:47:48.905758,6843,126.62397000,45.80096840,-76.900,1.282,33.848,0.157,117.932,-1.120,0.000,1.190,0.510,2.290,4.085,0.000,1.129,2.287,0.000,0.000,1.000,0.000,0.000,1.173,-0.223,0.000,0.999,-0.001
2025-07-14 15:47:49.015852,5163,126.62396830,45.80096860,-76.718,1.655,33.870,0.140,117.800,-1.118,0.000,1.160,0.500,2.257,4.096,0.000,1.134,2.287,0.000,0.000,1.000,0.000,0.000,1.173,-0.223,0.000,0.999,-0.001
2025-07-14 15:47:49.125967,3673,126.62396680,45.80096870,-76.554,1.491,33.881,0.130,117.684,-1.115,0.000,1.160,0.500,2.209,4.100,0.000,1.127,2.287,0.000,0.000,1.000,0.000,0.000,1.172,-0.224,0.000,0.999,-0.001
2025-07-14 15:47:49.236066,2083,126.62396520,45.80096880,-76.349,1.864,33.892,0.154,117.560,-1.113,0.000,1.170,0.530,2.167,4.106,0.000,1.124,2.287,0.000,0.000,1.000,0.000,0.000,1.173,-0.224,0.000,0.999,-0.001
2025-07-14 15:47:49.346172,593,126.62396370,45.80096890,-76.204,1.306,33.903,0.151,117.443,-1.126,0.000,1.170,0.530,2.111,4.114,0.000,1.127,2.287,0.000,0.000,1.000,0.000,0.000,1.172,-0.225,0.000,0.999,-0.001
2025-07-14 15:47:49.456499,8903,126.62396200,45.80096900,-76.083,1.100,33.914,0.152,117.311,-1.122,0.000,1.180,0.450,2.077,4.121,0.000,1.131,2.287,0.000,0.000,1.000,0.000,0.000,1.173,-0.224,0.000,0.999,-0.001
2025-07-14 15:47:49.566410,7223,126.62396030,45.80096920,-75.962,1.100,33.937,0.143,117.180,-1.119,0.000,1.170,0.460,2.049,4.129,0.000,1.132,2.287,0.000,0.000,1.000,0.000,0.000,1.173,-0.223,0.000,0.999,-0.001
2025-07-14 15:47:49.676489,5733,126.62395880,45.80096930,-75.832,1.182,33.948,0.128,117.063,-1.112,0.000,1.170,0.460,2.022,4.136,0.000,1.127,2.287,0.000,0.000,1.000,0.000,0.000,1.173,-0.223,0.000,0.999,-0.001
2025-07-14 15:47:49.786604,3943,126.62395700,45.80096940,-75.652,1.636,33.959,0.129,116.924,-1.120,0.000,1.180,0.410,1.992,4.143,0.000,1.125,2.287,0.000,0.000,1.000,0.000,0.000,1.173,-0.223,0.000,0.999,-0.001
2025-07-14 15:47:49.896697,2463,126.62395550,45.80096960,-75.498,1.400,33.981,0.123,116.808,-1.125,0.000,1.180,0.410,1.941,4.153,0.000,1.126,2.287,0.000,0.000,1.000,0.000,0.000,1.173,-0.224,0.000,0.999,-0.001
2025-07-14 15:47:50.006814,773,126.62395380,45.80096970,-75.371,1.155,33.992,0.155,116.676,-1.089,0.000,1.180,0.400,1.899,4.162,0.000,1.120,2.287,0.000,0.000,1.000,0.000,0.000,1.173,-0.224,0.000,0.999,-0.001
2025-07-14 15:47:50.116917,9293,126.62395230,45.80096990,-75.260,1.009,34.015,0.148,116.560,-1.079,0.000,1.180,0.440,1.866,4.172,0.000,1.107,2.287,0.000,0.000,1.000,0.000,0.000,1.173,-0.223,0.000,0.999,-0.001
2025-07-14 15:47:50.227025,7600,126.62395060,45.80097000,-75.087,1.573,34.026,0.163,116.428,-1.095,0.000,1.180,0.440,1.842,4.185,0.000,1.099,2.287,0.000,0.000,1.000,0.000,0.000,1.174,-0.223,0.000,0.999,-0.001
2025-07-14 15:47:50.337115,6113,126.62394910,45.80097010,-74.981,0.955,34.037,0.151,116.311,-1.101,0.000,1.180,0.400,1.795,4.199,0.000,1.102,2.287,0.000,0.000,1.000,0.000,0.000,1.173,-0.224,0.000,0.999,-0.001
2025-07-14 15:47:50.447212,4433,126.62394740,45.80097030,-74.955,0.236,34.059,0.175,116.180,-1.131,0.000,1.180,0.400,1.770,4.212,0.000,1.121,2.287,0.000,0.000,1.000,0.000,0.000,1.174,-0.223,0.000,0.999,-0.001
2025-07-14 15:47:50.557350,2943,126.62394590,45.80097040,-74.940,0.136,34.070,0.164,116.063,-1.121,0.000,1.160,0.310,1.776,4.222,0.000,1.130,2.287,0.000,0.000,1.000,0.000,0.000,1.175,-0.222,0.000,0.999,-0.001
2025-07-14 15:47:50.667431,1353,126.62394430,45.80097050,-74.880,0.545,34.081,0.164,115.939,-1.111,0.000,1.150,0.350,1.783,4.227,0.000,1.133,2.287,0.000,0.000,1.000,0.000,0.000,1.175,-0.221,0.000,0.999,-0.001
2025-07-14 15:47:50.777650,9873,126.62394280,45.80097070,-74.835,0.409,34.103,0.171,115.823,-1.128,0.000,1.150,0.350,1.776,4.230,0.000,1.132,2.287,0.000,0.000,1.000,0.000,0.000,1.175,-0.221,0.000,0.999,-0.001
2025-07-14 15:47:50.887653,8193,126.62394110,45.80097100,-74.790,0.409,34.137,0.191,115.691,-1.159,0.000,1.170,0.340,1.773,4.233,0.000,1.146,2.287,0.000,0.000,1.000,0.000,0.000,1.175,-0.221,0.000,0.999,-0.001
2025-07-14 15:47:50.997751,6723,126.62393960,45.80097120,-74.740,0.455,34.159,0.187,115.575,-1.127,0.000,1.170,0.340,1.770,4.237,0.000,1.153,2.287,0.000,0.000,1.000,0.000,0.000,1.175,-0.221,0.000,0.999,-0.001
2025-07-14 15:47:51.107856,5053,126.62393790,45.80097150,-74.655,0.773,34.192,0.172,115.443,-1.112,0.000,1.180,0.340,1.765,4.240,0.000,1.147,2.287,0.000,0.000,1.000,0.000,0.000,1.175,-0.221,0.000,0.999,-0.001
2025-07-14 15:47:51.217967,3573,126.62393640,45.80097170,-74.557,0.891,34.215,0.189,115.327,-1.161,0.000,1.200,0.310,1.748,4.246,0.000,1.148,2.287,0.000,0.000,1.000,0.000,0.000,1.175,-0.221,0.000,0.999,-0.001
2025-07-14 15:47:51.328063,1893,126.62393470,45.80097190,-74.485,0.655,34.237,0.190,115.195,-1.163,0.000,1.200,0.310,1.723,4.255,0.000,1.160,2.287,0.000,0.000,1.000,0.000,0.000,1.175,-0.221,0.000,0.999,-0.001
2025-07-14 15:47:51.438173,413,126.62393320,45.80097210,-74.449,0.324,34.259,0.227,115.079,-1.182,0.000,1.150,0.350,1.708,4.262,0.000,1.186,2.287,0.000,0.000,1.000,0.000,0.000,1.175,-0.221,0.000,0.999,-0.001
2025-07-14 15:47:51.548430,8733,126.62393150,45.80097230,-74.356,0.845,34.281,0.222,114.947,-1.161,0.000,1.150,0.350,1.709,4.256,0.000,1.188,2.287,0.000,0.000,1.000,0.000,0.000,1.176,-0.221,0.000,0.999,-0.001
2025-07-14 15:47:51.658390,7153,126.62392990,45.80097250,-74.171,1.682,34.304,0.203,114.823,-1.147,0.000,1.200,0.290,1.689,4.249,0.000,1.183,2.287,0.000,0.000,1.000,0.000,0.000,1.176,-0.221,0.000,0.999,-0.001
2025-07-14 15:47:51.768483,5673,126.62392840,45.80097270,-73.961,1.909,34.326,0.172,114.707,-1.189,0.000,1.190,0.320,1.631,4.252,0.000,1.183,2.287,0.000,0.000,1.000,0.000,0.000,1.175,-0.221,0.000,0.999,-0.001
2025-07-14 15:47:51.878593,3803,126.62392650,45.80097300,-73.723,2.164,34.359,0.172,114.559,-1.157,0.000,1.190,0.320,1.564,4.253,0.000,1.179,2.287,0.000,0.000,1.000,0.000,0.000,1.174,-0.221,0.000,0.999,-0.001
2025-07-14 15:47:51.988697,2223,126.62392490,45.80097320,-73.557,1.509,34.381,0.177,114.435,-1.167,0.000,1.190,0.240,1.487,4.255,0.000,1.184,2.287,0.000,0.000,1.000,0.000,0.000,1.173,-0.222,0.000,0.999,-0.001
2025-07-14 15:47:52.098788,333,126.62392300,45.80097340,-73.456,0.918,34.404,0.228,114.288,-1.187,0.000,1.190,0.240,1.432,4.256,0.000,1.186,2.287,0.000,0.000,1.000,0.000,0.000,1.175,-0.220,0.000,0.999,-0.001
2025-07-14 15:47:52.208921,8763,126.62392140,45.80097360,-73.464,-0.073,34.426,0.208,114.164,-1.181,0.000,1.180,0.210,1.402,4.257,0.000,1.196,2.287,0.000,0.000,1.000,0.000,0.000,1.177,-0.218,0.000,0.999,-0.001
2025-07-14 15:47:52.319020,6896,126.62391950,45.80097390,-73.508,-0.400,34.459,0.189,114.017,-1.178,0.000,1.180,0.210,1.413,4.254,0.000,1.200,2.287,0.000,0.000,1.000,0.000,0.000,1.178,-0.216,0.000,0.999,-0.001
2025-07-14 15:47:52.429127,5293,126.62391790,45.80097400,-73.507,0.009,34.470,0.255,113.893,-1.161,0.000,1.180,0.210,1.438,4.250,0.000,1.194,2.287,0.000,0.000,1.000,0.000,0.000,1.178,-0.215,0.000,0.999,-0.001
2025-07-14 15:47:52.548903,3523,126.62391610,45.80097420,-73.376,1.101,34.493,0.243,113.753,-1.139,0.000,1.190,0.220,1.447,4.248,0.000,1.182,2.287,0.000,0.000,1.000,0.000,0.000,1.178,-0.215,0.000,0.999,-0.001
2025-07-14 15:47:52.658988,1743,126.62391430,45.80097440,-73.150,2.055,34.515,0.236,113.614,-1.139,0.000,1.150,0.200,1.412,4.249,0.000,1.172,2.287,0.000,0.000,1.000,0.000,0.000,1.179,-0.214,0.000,0.999,-0.001
2025-07-14 15:47:52.769101,163,126.62391270,45.80097460,-72.953,1.775,34.537,0.188,113.490,-1.170,0.000,1.150,0.200,1.335,4.246,0.000,1.171,2.287,0.000,0.000,1.000,0.000,0.000,1.177,-0.213,0.000,0.999,-0.001
2025-07-14 15:47:52.879303,8493,126.62391100,45.80097490,-72.903,0.455,34.571,0.220,113.358,-1.146,0.000,1.190,0.210,1.268,4.242,0.000,1.172,2.287,0.000,0.000,1.000,0.000,0.000,1.178,-0.213,0.000,0.999,-0.001
2025-07-14 15:47:52.999305,6823,126.62390930,45.80097520,-72.903,0.000,34.604,0.260,113.226,-1.171,0.000,1.190,0.210,1.256,4.245,0.000,1.184,2.287,0.000,0.000,1.000,0.000,0.000,1.182,-0.208,0.000,0.999,-0.001
2025-07-14 15:47:53.119423,5043,126.62390750,45.80097540,-72.908,-0.042,34.626,0.241,113.087,-1.167,0.000,1.170,0.150,1.264,4.246,0.000,1.186,2.287,0.000,0.000,1.000,0.000,0.000,1.182,-0.206,0.000,0.999,-0.001
2025-07-14 15:47:53.239545,3373,126.62390580,45.80097570,-72.903,0.042,34.659,0.224,112.955,-1.160,0.000,1.170,0.150,1.272,4.244,0.000,1.191,2.287,0.000,0.000,1.000,0.000,0.000,1.182,-0.206,0.000,0.999,-0.001
2025-07-14 15:47:53.359650,1593,126.62390400,45.80097590,-72.871,0.267,34.682,0.222,112.815,-1.163,0.000,1.170,0.150,1.277,4.240,0.000,1.186,2.287,0.000,0.000,1.000,0.000,0.000,1.182,-0.206,0.000,0.999,-0.001
2025-07-14 15:47:53.479774,9913,126.62390230,45.80097610,-72.737,1.117,34.704,0.270,112.684,-1.168,0.000,1.190,0.200,1.272,4.237,0.000,1.188,2.287,0.000,0.000,1.000,0.000,0.000,1.182,-0.206,0.000,0.999,-0.001
2025-07-14 15:47:53.599881,8043,126.62390040,45.80097640,-72.561,1.467,34.737,0.269,112.536,-1.174,0.000,1.190,0.200,1.234,4.238,0.000,1.196,2.287,0.000,0.000,1.000,0.000,0.000,1.182,-0.206,0.000,0.999,-0.001
2025-07-14 15:47:53.720018,6373,126.62389870,45.80097670,-72.449,0.933,34.771,0.254,112.404,-1.161,0.000,1.190,0.140,1.181,4.237,0.000,1.197,2.287,0.000,0.000,1.000,0.000,0.000,1.181,-0.206,0.000,0.999,-0.001
2025-07-14 15:47:53.840108,4603,126.62389690,45.80097700,-72.321,1.058,34.804,0.255,112.265,-1.155,0.000,1.190,0.140,1.147,4.235,0.000,1.192,2.287,0.000,0.000,1.000,0.000,0.000,1.183,-0.205,0.000,0.999,-0.001
2025-07-14 15:47:53.960293,3033,126.62389530,45.80097730,-72.188,1.108,34.837,0.245,112.141,-1.140,0.000,1.190,0.120,1.109,4.235,0.000,1.179,2.287,0.000,0.000,1.000,0.000,0.000,1.182,-0.206,0.000,0.999,-0.001
2025-07-14 15:47:54.070328,1363,126.62389360,45.80097760,-72.035,1.391,34.871,0.252,112.009,-1.198,0.000,1.190,0.120,1.067,4.237,0.000,1.191,2.287,0.000,0.000,1.000,0.000,0.000,1.182,-0.206,0.000,0.999,-0.001
2025-07-14 15:47:54.180454,9696,126.62389190,45.80097790,-71.847,1.709,34.904,0.246,111.877,-1.199,0.000,1.200,0.130,1.014,4.237,0.000,1.205,2.287,0.000,0.000,1.000,0.000,0.000,1.182,-0.206,0.000,0.999,-0.001
2025-07-14 15:47:54.290546,8226,126.62389040,45.80097820,-71.666,1.645,34.937,0.250,111.761,-1.201,0.000,1.180,0.110,0.948,4.236,0.000,1.225,2.287,0.000,0.000,1.000,0.000,0.000,1.181,-0.207,0.000,0.999,-0.001
2025-07-14 15:47:54.401032,6546,126.62388870,45.80097840,-71.474,1.745,34.960,0.240,111.629,-1.186,0.000,1.190,0.090,0.883,4.228,0.000,1.220,2.287,0.000,0.000,1.000,0.000,0.000,1.181,-0.207,0.000,1.000,0.000
2025-07-14 15:47:54.510943,4776,126.62388690,45.80097870,-71.325,1.355,34.993,0.234,111.490,-1.189,0.000,1.190,0.090,0.813,4.223,0.000,1.216,2.287,0.000,0.000,1.000,0.000,0.000,1.180,-0.208,0.000,1.000,-0.000
2025-07-14 15:47:54.621039,3286,126.62388540,45.80097890,-71.229,0.873,35.015,0.218,111.373,-1.185,0.000,1.190,0.090,0.759,4.219,0.000,1.209,2.287,0.000,0.000,1.000,0.000,0.000,1.181,-0.207,0.000,1.000,-0.000
2025-07-14 15:47:54.731086,1526,126.62388360,45.80097920,-71.235,-0.055,35.049,0.251,111.234,-1.223,0.000,1.180,0.040,0.725,4.215,0.000,1.222,2.287,0.000,0.000,1.000,0.000,0.000,1.182,-0.205,0.000,1.000,0.000
2025-07-14 15:47:54.841248,9946,126.62388200,45.80097950,-71.086,1.342,35.082,0.291,111.110,-1.209,0.000,1.170,0.050,0.728,4.208,0.000,1.232,2.287,0.000,0.000,1.000,0.000,0.000,1.184,-0.203,0.000,1.000,-0.000
2025-07-14 15:47:54.951359,8086,126.62388010,45.80097980,-70.979,0.973,35.115,0.293,110.963,-1.222,0.000,1.170,0.050,0.675,4.197,0.000,1.250,2.287,0.000,0.000,1.000,0.000,0.000,1.184,-0.205,0.000,1.000,-0.000
2025-07-14 15:47:55.061477,6406,126.62387840,45.80098010,-70.936,0.391,35.149,0.252,110.831,-1.199,0.000,1.160,-0.030,0.636,4.184,0.000,1.242,2.287,0.000,0.000,1.000,0.000,0.000,1.185,-0.205,0.000,1.000,-0.000
2025-07-14 15:47:55.171436,4556,126.62387650,45.80098050,-70.866,0.636,35.193,0.241,110.683,-1.207,0.000,1.160,-0.030,0.617,4.170,0.000,1.238,2.287,0.000,0.000,1.000,0.000,0.000,1.186,-0.204,0.000,1.000,-0.000
2025-07-14 15:47:55.281482,2866,126.62387480,45.80098070,-70.770,0.873,35.215,0.266,110.552,-1.176,0.000,1.180,-0.060,0.590,4.157,0.000,1.221,2.287,0.000,0.000,1.000,0.000,0.000,1.186,-0.204,0.000,1.000,-0.000
2025-07-14 15:47:55.391576,1006,126.62387290,45.80098100,-70.684,0.782,35.249,0.286,110.404,-1.140,0.000,1.180,-0.060,0.551,4.150,0.000,1.204,2.287,0.000,0.000,1.000,0.000,0.000,1.185,-0.205,0.000,1.000,-0.000
2025-07-14 15:47:55.501682,9323,126.62387120,45.80098130,-70.604,0.727,35.282,0.284,110.273,-1.134,0.000,1.190,-0.010,0.515,4.145,0.000,1.183,2.287,0.000,0.000,1.000,0.000,0.000,1.185,-0.204,0.000,1.000,-0.000
2025-07-14 15:47:55.611867,7553,126.62386940,45.80098150,-70.477,1.155,35.304,0.274,110.133,-1.132,0.000,1.190,-0.010,0.484,4.147,0.000,1.170,2.287,0.000,0.000,1.000,0.000,0.000,1.185,-0.204,0.000,1.000,-0.000
2025-07-14 15:47:55.721909,5983,126.62386780,45.80098180,-70.333,1.309,35.338,0.264,110.009,-1.171,0.000,1.170,-0.030,0.435,4.150,0.000,1.178,2.287,0.000,0.000,1.000,0.000,0.000,1.185,-0.205,0.000,1.000,-0.000
2025-07-14 15:47:55.832016,4313,126.62386610,45.80098210,-70.156,1.609,35.371,0.291,109.877,-1.078,0.000,1.170,-0.030,0.379,4.149,0.000,1.161,2.287,0.000,0.000,1.000,0.000,0.000,1.184,-0.206,0.000,1.000,-0.000
2025-07-14 15:47:55.942114,2843,126.62386460,45.80098240,-70.034,1.099,35.404,0.289,109.761,-1.094,0.000,1.180,-0.070,0.310,4.150,0.000,1.150,2.287,0.000,0.000,1.000,0.000,0.000,1.183,-0.206,0.000,1.000,-0.000
2025-07-14 15:47:56.052200,1173,126.62386290,45.80098270,-69.947,0.791,35.438,0.271,109.629,-1.144,0.000,1.180,-0.070,0.260,4.156,0.000,1.141,2.287,0.000,0.000,1.000,0.000,0.000,1.185,-0.205,0.000,1.000,-0.000
2025-07-14 15:47:56.162400,9703,126.62386140,45.80098300,-69.881,0.600,35.471,0.259,109.513,-1.133,0.000,1.180,-0.090,0.223,4.162,0.000,1.156,2.287,0.000,0.000,1.000,0.000,0.000,1.185,-0.204,0.000,1.000,-0.000
2025-07-14 15:47:56.272419,8033,126.62385970,45.80098330,-69.747,1.218,35.505,0.278,109.381,-1.129,0.000,1.180,-0.090,0.194,4.166,0.000,1.167,2.287,0.000,0.000,1.000,0.000,0.000,1.186,-0.204,0.000,1.000,-0.000
2025-07-14 15:47:56.382536,6653,126.62385830,45.80098350,-69.620,1.155,35.527,0.278,109.273,-1.120,0.000,1.150,-0.100,0.140,4.168,0.000,1.160,2.287,0.000,0.000,1.000,0.000,0.000,1.185,-0.205,0.000,1.000,-0.000
2025-07-14 15:47:56.492696,4983,126.62385660,45.80098380,-69.454,1.509,35.560,0.286,109.141,-1.143,0.000,1.150,-0.100,0.087,4.167,0.000,1.165,2.287,0.000,0.000,1.000,0.000,0.000,1.185,-0.205,0.000,1.000,-0.000
2025-07-14 15:47:56.602746,3413,126.62385500,45.80098410,-69.204,2.273,35.593,0.276,109.017,-1.129,0.000,1.160,-0.100,0.019,4.164,0.000,1.165,2.287,0.000,0.000,1.000,0.000,0.000,1.184,-0.206,0.000,1.000,-0.000
2025-07-14 15:47:56.712918,2033,126.62385360,45.80098430,-68.998,1.873,35.616,0.267,108.908,-1.141,0.000,1.160,-0.100,-0.080,4.163,0.000,1.171,2.287,0.000,0.000,1.000,0.000,0.000,1.181,-0.208,0.000,1.000,-0.000
2025-07-14 15:47:56.822959,373,126.62385190,45.80098470,-68.876,1.109,35.660,0.297,108.776,-1.193,0.000,1.160,-0.150,-0.164,4.162,0.000,1.188,2.287,0.000,0.000,1.000,0.000,0.000,1.182,-0.207,0.000,1.000,-0.000
2025-07-14 15:47:56.933058,8906,126.62385040,45.80098500,-68.831,0.409,35.694,0.287,108.660,-1.201,0.000,1.170,-0.130,-0.218,4.157,0.000,1.212,2.287,0.000,0.000,1.000,0.000,0.000,1.185,-0.204,0.000,1.000,-0.000
2025-07-14 15:47:57.043136,7236,126.62384870,45.80098530,-68.787,0.396,35.727,0.337,108.528,-1.158,0.000,1.170,-0.130,-0.242,4.150,0.000,1.223,2.287,0.000,0.000,1.000,0.000,0.000,1.187,-0.201,0.000,1.000,-0.000
2025-07-14 15:47:57.153259,5766,126.62384720,45.80098560,-68.691,0.873,35.760,0.332,108.412,-1.146,0.000,1.170,-0.230,-0.264,4.140,0.000,1.211,2.287,0.000,0.000,1.000,0.000,0.000,1.187,-0.201,0.000,1.000,-0.000
2025-07-14 15:47:57.263447,3996,126.62384540,45.80098590,-68.584,0.973,35.794,0.323,108.273,-1.164,0.000,1.170,-0.230,-0.310,4.133,0.000,1.202,2.287,0.000,0.000,1.000,0.000,0.000,1.186,-0.202,0.000,1.000,-0.000
2025-07-14 15:47:57.373477,2516,126.62384390,45.80098620,-68.500,0.764,35.827,0.319,108.156,-1.176,0.000,1.160,-0.190,-0.360,4.128,0.000,1.207,2.287,0.000,0.000,1.000,0.000,0.000,1.186,-0.202,0.000,1.000,-0.000
2025-07-14 15:47:57.483590,856,126.62384220,45.80098650,-68.384,1.055,35.860,0.325,108.025,-1.160,0.000,1.160,-0.230,-0.401,4.120,0.000,1.210,2.287,0.000,0.000,1.000,0.000,0.000,1.186,-0.202,0.000,1.000,-0.000
2025-07-14 15:47:57.593674,9276,126.62384060,45.80098670,-68.236,1.345,35.883,0.313,107.901,-1.176,0.000,1.150,-0.230,-0.455,4.111,0.000,1.213,2.287,0.000,0.000,1.000,0.000,0.000,1.186,-0.202,0.000,1.000,-0.000
2025-07-14 15:47:57.703790,7506,126.62383880,45.80098700,-68.041,1.773,35.916,0.302,107.761,-1.193,0.000,1.150,-0.230,-0.521,4.100,0.000,1.217,2.287,0.000,0.000,1.000,0.000,0.000,1.185,-0.203,0.000,1.000,-0.000
2025-07-14 15:47:57.813973,6033,126.62383730,45.80098740,-67.899,1.291,35.960,0.319,107.645,-1.076,0.000,1.160,-0.240,-0.605,4.089,0.000,1.190,2.287,0.000,0.000,1.000,0.000,0.000,1.183,-0.205,0.000,1.000,-0.000
2025-07-14 15:47:57.923997,4483,126.62383570,45.80098780,-67.756,1.300,36.005,0.320,107.521,-1.057,0.000,1.160,-0.240,-0.670,4.084,0.000,1.152,2.287,0.000,0.000,1.000,0.000,0.000,1.185,-0.203,0.000,1.000,-0.000
2025-07-14 15:47:58.034108,3113,126.62383430,45.80098810,-67.582,1.568,36.038,0.327,107.412,-1.118,0.000,1.160,-0.260,-0.735,4.085,0.000,1.131,2.287,0.000,0.000,1.000,0.000,0.000,1.185,-0.204,0.000,1.000,-0.000
2025-07-14 15:47:58.144207,1453,126.62383260,45.80098850,-67.305,2.518,36.083,0.304,107.280,-1.115,0.000,1.160,-0.260,-0.812,4.090,0.000,1.142,2.287,0.000,0.000,1.000,0.000,0.000,1.184,-0.205,0.000,1.000,0.000
2025-07-14 15:47:58.254316,83,126.62383120,45.80098880,-67.053,2.291,36.116,0.293,107.172,-1.107,0.000,1.190,-0.310,-0.928,4.093,0.000,1.155,2.287,0.000,0.000,1.000,0.000,0.000,1.180,-0.208,0.000,1.000,0.000
2025-07-14 15:47:58.364505,8413,126.62382950,45.80098910,-66.824,2.082,36.149,0.286,107.040,-1.124,0.000,1.190,-0.310,-1.038,4.099,0.000,1.154,2.287,0.000,0.000,1.000,0.000,0.000,1.180,-0.208,0.000,1.000,0.000
2025-07-14 15:47:58.474516,6943,126.62382800,45.80098940,-66.683,1.282,36.183,0.340,106.924,-1.077,0.000,1.180,-0.330,-1.139,4.105,0.000,1.145,2.287,0.000,0.000,1.000,0.000,0.000,1.181,-0.207,0.000,1.000,0.000
2025-07-14 15:47:58.584635,5273,126.62382630,45.80098970,-66.556,1.155,36.216,0.345,106.792,-1.074,0.000,1.160,-0.410,-1.208,4.111,0.000,1.139,2.287,0.000,0.000,1.000,0.000,0.000,1.184,-0.203,0.000,1.000,-0.000
2025-07-14 15:47:58.694731,3703,126.62382470,45.80099000,-66.323,2.118,36.250,0.339,106.668,-1.069,0.000,1.160,-0.410,-1.274,4.115,0.000,1.126,2.287,0.000,0.000,1.000,0.000,0.000,1.185,-0.203,0.000,1.000,-0.000
2025-07-14 15:47:58.804836,2343,126.62382330,45.80099040,-66.259,0.582,36.294,0.326,106.559,-1.099,0.000,1.150,-0.420,-1.379,4.121,0.000,1.132,2.287,0.000,0.000,1.000,0.000,0.000,1.181,-0.206,0.000,1.000,-0.000
2025-07-14 15:47:58.914955,773,126.62382170,45.80099070,-66.144,1.045,36.327,0.310,106.435,-1.096,0.000,1.150,-0.420,-1.424,4.124,0.000,1.136,2.287,0.000,0.000,1.000,0.000,0.000,1.189,-0.202,0.000,1.000,-0.000
2025-07-14 15:47:59.025059,9403,126.62382030,45.80099100,-66.041,0.936,36.361,0.303,106.327,-1.096,0.000,1.190,-0.450,-1.485,4.126,0.000,1.141,2.287,0.000,0.000,1.000,0.000,0.000,1.188,-0.204,0.000,1.000,-0.000
2025-07-14 15:47:59.135166,7843,126.62381870,45.80099140,-65.954,0.784,36.405,0.302,106.203,-1.096,0.000,1.180,-0.420,-1.544,4.135,0.000,1.138,2.287,0.000,0.000,1.000,0.000,0.000,1.188,-0.204,0.000,1.000,-0.000
2025-07-14 15:47:59.245254,6473,126.62381730,45.80099170,-65.869,0.773,36.439,0.375,106.094,-1.099,0.000,1.180,-0.420,-1.595,4.142,0.000,1.145,2.287,0.000,0.000,1.000,0.000,0.000,1.188,-0.204,0.000,1.000,-0.000
2025-07-14 15:47:59.355371,4913,126.62381570,45.80099210,-65.731,1.255,36.483,0.368,105.970,-1.089,0.000,1.190,-0.460,-1.645,4.148,0.000,1.149,2.287,0.000,0.000,1.000,0.000,0.000,1.188,-0.204,0.000,1.000,-0.000
2025-07-14 15:47:59.465550,3543,126.62381430,45.80099240,-65.649,0.745,36.516,0.303,105.862,-1.081,0.000,1.190,-0.460,-1.717,4.155,0.000,1.144,2.287,0.000,0.000,1.000,0.000,0.000,1.187,-0.205,0.000,1.000,-0.000
2025-07-14 15:47:59.575578,1873,126.62381260,45.80099270,-65.667,-0.164,36.550,0.291,105.730,-1.096,0.000,1.190,-0.520,-1.768,4.163,0.000,1.135,1.076,0.000,0.000,1.000,0.000,0.000,1.188,-0.204,0.000,1.000,-0.000
2025-07-14 15:47:59.685678,503,126.62381120,45.80099300,-65.737,-0.636,36.583,0.274,105.621,-1.096,0.000,1.200,-0.450,-1.785,4.172,0.000,1.129,1.076,0.000,0.000,1.000,0.000,0.000,1.190,-0.201,0.000,1.000,-0.000
2025-07-14 15:47:59.795787,8943,126.62380960,45.80099340,-65.771,-0.309,36.628,0.363,105.497,-1.113,0.000,1.200,-0.450,-1.778,4.184,0.000,1.145,1.076,0.000,0.000,1.000,0.000,0.000,1.191,-0.200,0.000,1.000,-0.000
2025-07-14 15:47:59.905885,7483,126.62380810,45.80099380,-65.803,-0.291,36.672,0.363,105.381,-1.107,0.000,1.190,-0.460,-1.783,4.194,0.000,1.155,1.076,0.000,0.000,1.000,0.000,0.000,1.191,-0.200,0.000,1.000,-0.000
2025-07-14 15:48:00.016083,5923,126.62380650,45.80099420,-65.914,-1.009,36.717,0.389,105.257,-1.103,0.000,1.190,-0.460,-1.790,4.200,0.000,1.168,1.076,0.000,0.000,1.000,0.000,0.000,1.191,-0.200,0.000,1.000,-0.000
2025-07-14 15:48:00.126086,4563,126.62380510,45.80099460,-66.067,-1.378,36.761,0.393,105.149,-1.105,0.000,1.180,-0.500,-1.768,4.204,0.000,1.169,1.076,0.000,0.000,1.000,0.000,0.000,1.191,-0.200,0.000,1.000,-0.000
2025-07-14 15:48:00.236205,3013,126.62380350,45.80099510,-66.295,-2.073,36.817,0.387,105.025,-1.124,0.000,1.160,-0.500,-1.731,4.205,0.000,1.177,1.076,0.000,0.000,1.000,0.000,0.000,1.191,-0.200,0.000,1.000,-0.000
2025-07-14 15:48:00.346299,1543,126.62380200,45.80099540,-66.512,-1.973,36.850,0.367,104.908,-1.125,0.000,1.160,-0.500,-1.666,4.202,0.000,1.182,1.076,0.000,0.000,1.000,0.000,0.000,1.189,-0.201,0.000,1.000,-0.000
2025-07-14 15:48:00.456491,9983,126.62380040,45.80099580,-66.715,-1.845,36.894,0.420,104.784,-1.116,0.000,1.170,-0.500,-1.604,4.199,0.000,1.188,1.076,0.000,0.000,1.000,0.000,0.000,1.189,-0.201,0.000,1.000,-0.000
2025-07-14 15:48:00.566602,8523,126.62379890,45.80099620,-66.924,-1.900,36.939,0.427,104.668,-1.116,0.000,1.170,-0.500,-1.547,4.196,0.000,1.190,1.076,0.000,0.000,1.000,0.000,0.000,1.190,-0.200,0.000,1.000,-0.000
2025-07-14 15:48:00.676626,6963,126.62379730,45.80099660,-67.158,-2.127,36.983,0.435,104.544,-1.107,0.000,1.180,-0.400,-1.488,4.192,0.000,1.192,1.076,0.000,0.000,1.000,0.000,0.000,1.189,-0.201,0.000,1.000,-0.000
2025-07-14 15:48:00.786741,5303,126.62379560,45.80099710,-67.419,-2.373,37.039,0.395,104.412,-1.126,0.000,1.190,-0.400,-1.415,4.190,0.000,1.193,1.076,0.000,0.000,1.000,0.000,0.000,1.188,-0.201,0.000,1.000,-0.000
2025-07-14 15:48:00.896841,3953,126.62379420,45.80099750,-67.629,-1.909,37.084,0.392,104.304,-1.120,0.000,1.190,-0.400,-1.333,4.190,0.000,1.190,1.076,0.000,0.000,1.000,0.000,0.000,1.187,-0.202,0.000,1.000,-0.000
2025-07-14 15:48:01.006942,2303,126.62379250,45.80099800,-67.925,-2.691,37.139,0.407,104.172,-1.140,0.000,1.190,-0.300,-1.268,4.190,0.000,1.197,1.076,0.000,0.000,1.000,0.000,0.000,1.189,-0.201,0.000,1.000,-0.000
2025-07-14 15:48:01.117129,956,126.62379110,45.80099850,-68.257,-2.991,37.195,0.404,104.063,-1.150,0.000,1.190,-0.300,-1.168,4.189,0.000,1.205,1.076,0.000,0.000,1.000,0.000,0.000,1.186,-0.205,0.000,1.000,0.000
2025-07-14 15:48:01.227172,9296,126.62378940,45.80099890,-68.626,-3.355,37.239,0.395,103.931,-1.121,0.000,1.190,-0.300,-1.055,4.186,0.000,1.206,1.076,0.000,0.000,1.000,0.000,0.000,1.184,-0.206,0.000,1.000,0.000
2025-07-14 15:48:01.337257,7833,126.62378790,45.80099930,-68.878,-2.291,37.284,0.388,103.815,-1.109,0.000,1.200,-0.200,-0.927,4.183,0.000,1.194,1.076,0.000,0.000,1.000,0.000,0.000,1.181,-0.208,0.000,1.000,-0.000
2025-07-14 15:48:01.447365,6283,126.62378630,45.80099980,-69.111,-2.118,37.339,0.397,103.691,-1.129,0.000,1.160,-0.200,-0.837,4.184,0.000,1.187,1.076,0.000,0.000,1.000,0.000,0.000,1.187,-0.203,0.000,1.000,0.000
2025-07-14 15:48:01.557501,4823,126.62378480,45.80100020,-69.298,-1.700,37.384,0.402,103.575,-1.112,0.000,1.160,-0.200,-0.756,4.180,0.000,1.185,1.076,0.000,0.000,1.000,0.000,0.000,1.188,-0.202,0.000,1.000,0.000
2025-07-14 15:48:01.667655,3273,126.62378320,45.80100070,-69.506,-1.891,37.439,0.394,103.451,-1.099,0.000,1.160,-0.200,-0.692,4.175,0.000,1.182,1.076,0.000,0.000,1.000,0.000,0.000,1.189,-0.201,0.000,1.000,0.000
2025-07-14 15:48:01.777754,1803,126.62378170,45.80100100,-69.743,-2.155,37.473,0.387,103.335,-1.158,0.000,1.190,-0.100,-0.621,4.172,0.000,1.190,1.076,0.000,0.000,1.000,0.000,0.000,1.188,-0.202,0.000,1.000,0.000
2025-07-14 15:48:01.887772,9936,126.62377980,45.80100140,-70.126,-3.482,37.517,0.359,103.187,-1.188,0.000,1.190,-0.100,-0.535,4.171,0.000,1.210,1.076,0.000,0.000,1.000,0.000,0.000,1.187,-0.203,0.000,1.000,-0.000
2025-07-14 15:48:01.997893,8386,126.62377820,45.80100180,-70.485,-3.264,37.562,0.385,103.063,-1.188,0.000,1.190,-0.100,-0.394,4.168,0.000,1.237,1.076,0.000,0.000,1.000,0.000,0.000,1.181,-0.208,0.000,1.000,-0.000
2025-07-14 15:48:02.107982,6536,126.62377630,45.80100230,-70.875,-3.545,37.617,0.389,102.916,-1.189,0.000,1.180,-0.100,-0.260,4.160,0.000,1.247,1.076,0.000,0.000,1.000,0.000,0.000,1.182,-0.208,0.000,1.000,-0.000
2025-07-14 15:48:02.218143,4956,126.62377470,45.80100260,-71.213,-3.045,37.651,0.344,102.792,-1.146,0.000,1.160,-0.000,-0.115,4.149,0.000,1.232,1.076,0.000,0.000,1.000,0.000,0.000,1.179,-0.211,0.000,1.000,-0.000
2025-07-14 15:48:02.328209,3216,126.62377290,45.80100310,-71.563,-3.182,37.706,0.325,102.652,-1.135,0.000,1.160,-0.000,0.014,4.136,0.000,1.209,1.076,0.000,0.000,1.000,0.000,0.000,1.181,-0.208,0.000,1.000,-0.000
2025-07-14 15:48:02.438302,1646,126.62377130,45.80100340,-71.810,-2.245,37.740,0.380,102.528,-1.186,0.000,1.190,0.100,0.148,4.128,0.000,1.208,1.076,0.000,0.000,1.000,0.000,0.000,1.180,-0.210,0.000,1.000,-0.000
2025-07-14 15:48:02.548392,9876,126.62376950,45.80100380,-72.125,-2.864,37.784,0.396,102.389,-1.204,0.000,1.180,0.100,0.249,4.125,0.000,1.231,1.076,0.000,0.000,1.000,0.000,0.000,1.185,-0.205,0.000,1.000,-0.000
2025-07-14 15:48:02.658590,8326,126.62376790,45.80100420,-72.447,-2.927,37.829,0.406,102.265,-1.213,0.000,1.160,0.200,0.373,4.116,0.000,1.264,1.076,0.000,0.000,1.000,0.000,0.000,1.182,-0.210,0.000,1.000,-0.000
2025-07-14 15:48:02.768634,6456,126.62376600,45.80100450,-72.820,-3.391,37.862,0.298,102.117,-1.167,0.000,1.160,0.200,0.505,4.098,0.000,1.250,1.076,0.000,0.000,1.000,0.000,0.000,1.180,-0.211,0.000,1.000,-0.000
2025-07-14 15:48:02.878734,4786,126.62376430,45.80100480,-73.086,-2.418,37.895,0.294,101.986,-1.181,0.000,1.160,0.200,0.656,4.083,0.000,1.234,1.076,0.000,0.000,1.000,0.000,0.000,1.177,-0.214,0.000,1.000,-0.000
2025-07-14 15:48:02.988828,3213,126.62376270,45.80100510,-73.393,-2.791,37.929,0.303,101.862,-1.136,0.000,1.160,0.300,0.768,4.070,0.000,1.199,1.076,0.000,0.000,1.000,0.000,0.000,1.183,-0.209,0.000,1.000,-0.000
2025-07-14 15:48:03.098935,1443,126.62376090,45.80100540,-73.851,-4.164,37.962,0.301,101.722,-1.136,0.000,1.150,0.300,0.898,4.063,0.000,1.189,1.076,0.000,0.000,1.000,0.000,0.000,1.180,-0.212,0.000,1.000,-0.000
2025-07-14 15:48:03.209039,9863,126.62375930,45.80100560,-74.256,-3.682,37.984,0.300,101.598,-1.126,0.000,1.180,0.400,1.085,4.057,0.000,1.172,1.076,0.000,0.000,1.000,0.000,0.000,1.170,-0.221,0.000,1.000,-0.000
2025-07-14 15:48:03.319153,8093,126.62375750,45.80100590,-74.728,-4.252,38.018,0.289,101.459,-1.119,0.000,1.180,0.400,1.258,4.058,0.000,1.165,1.076,0.000,0.000,1.000,0.000,0.000,1.173,-0.219,0.000,1.000,-0.000
2025-07-14 15:48:03.439252,6623,126.62375600,45.80100620,-75.121,-3.275,38.051,0.314,101.342,-1.140,0.000,1.200,0.400,1.454,4.060,0.000,1.168,1.076,0.000,0.000,1.000,0.000,0.000,1.167,-0.226,0.000,1.000,0.000
2025-07-14 15:48:03.559457,4953,126.62375430,45.80100650,-75.487,-3.050,38.084,0.321,101.211,-1.125,0.000,1.170,0.500,1.611,4.066,0.000,1.169,1.023,0.000,0.000,1.000,0.000,0.000,1.174,-0.219,0.000,1.000,0.000
2025-07-14 15:48:03.679807,2983,126.62375230,45.80100680,-75.806,-2.658,38.118,0.325,101.055,-1.124,0.000,1.170,0.600,1.761,4.066,0.000,1.174,1.023,0.000,0.000,1.000,0.000,0.000,1.175,-0.218,0.000,1.000,0.000
2025-07-14 15:48:03.799608,1413,126.62375070,45.80100710,-76.050,-2.033,38.151,0.271,100.931,-1.132,0.000,1.170,0.600,1.899,4.065,0.000,1.168,1.023,0.000,0.000,1.000,0.000,0.000,1.177,-0.216,0.000,1.000,0.000
2025-07-14 15:48:03.919708,9743,126.62374900,45.80100740,-76.304,-2.117,38.184,0.267,100.800,-1.127,0.000,1.170,0.600,2.011,4.066,0.000,1.164,1.023,0.000,0.000,1.000,0.000,0.000,1.180,-0.212,0.000,1.000,0.000
2025-07-14 15:48:04.039824,8173,126.62374740,45.80100770,-76.587,-2.358,38.218,0.237,100.676,-1.151,0.000,1.170,0.700,2.126,4.067,0.000,1.166,2.076,0.000,0.000,1.000,0.000,0.000,1.179,-0.214,0.000,1.000,0.000
2025-07-14 15:48:04.159944,6603,126.62374580,45.80100800,-76.857,-2.250,38.251,0.234,100.552,-1.137,0.000,1.170,0.700,2.255,4.067,0.000,1.165,2.076,0.000,0.000,1.000,0.000,0.000,1.177,-0.216,0.000,1.000,0.000
2025-07-14 15:48:04.280067,4833,126.62374400,45.80100830,-77.135,-2.317,38.284,0.249,100.412,-1.143,0.000,1.160,0.700,2.380,4.068,0.000,1.169,2.076,0.000,0.000,1.000,0.000,0.000,1.177,-0.216,0.000,1.000,-0.000
2025-07-14 15:48:04.400181,3253,126.62374240,45.80100850,-77.369,-1.934,38.307,0.244,100.288,-1.163,0.000,1.160,0.700,2.507,4.067,0.000,1.173,2.076,0.000,0.000,1.000,0.000,0.000,1.176,-0.217,0.000,1.000,0.000
2025-07-14 15:48:04.520284,1583,126.62374070,45.80100880,-77.531,-1.350,38.340,0.242,100.156,-1.151,0.000,1.170,0.800,2.619,4.065,0.000,1.178,2.076,0.000,0.000,1.000,0.000,0.000,1.178,-0.215,0.000,1.000,0.000
2025-07-14 15:48:04.630855,13,126.62373910,45.80100910,-77.650,-1.082,38.373,0.235,100.032,-1.150,0.000,1.170,0.900,2.711,4.063,0.000,1.179,2.181,0.000,0.000,1.000,0.000,0.000,1.180,-0.212,0.000,1.000,-0.000
2025-07-14 15:48:04.740861,8423,126.62373750,45.80100930,-77.691,-0.373,38.396,0.172,99.908,-1.130,0.000,1.170,0.900,2.795,4.062,0.000,1.164,2.181,0.000,0.000,1.000,0.000,0.000,1.181,-0.211,0.000,1.000,-0.000
2025-07-14 15:48:04.850952,6943,126.62373600,45.80100940,-77.680,0.100,38.407,0.188,99.792,-1.148,0.000,1.180,0.900,2.850,4.063,0.000,1.160,2.181,0.000,0.000,1.000,0.000,0.000,1.184,-0.208,0.000,1.000,0.000
2025-07-14 15:48:04.961064,5163,126.62373420,45.80100960,-77.590,0.818,38.429,0.196,99.652,-1.141,0.000,1.180,0.900,2.884,4.066,0.000,1.155,2.181,0.000,0.000,1.000,0.000,0.000,1.185,-0.207,0.000,1.000,0.000
2025-07-14 15:48:05.071155,3673,126.62373270,45.80100970,-77.498,0.829,38.440,0.163,99.536,-1.140,0.000,1.180,0.900,2.889,4.070,0.000,1.158,2.076,0.000,0.000,1.000,0.000,0.000,1.186,-0.205,0.000,1.000,0.000
2025-07-14 15:48:05.181283,1883,126.62373090,45.80100990,-77.425,0.664,38.462,0.146,99.397,-1.144,0.000,1.180,0.900,2.892,4.074,0.000,1.154,2.076,0.000,0.000,1.000,0.000,0.000,1.186,-0.205,0.000,1.000,0.000
2025-07-14 15:48:05.291382,403,126.62372940,45.80101000,-77.381,0.400,38.473,0.169,99.280,-1.120,0.000,1.160,0.900,2.901,4.079,0.000,1.146,2.076,0.000,0.000,1.000,0.000,0.000,1.186,-0.205,0.000,1.000,-0.000
2025-07-14 15:48:05.401612,8613,126.62372760,45.80101010,-77.326,0.500,38.485,0.171,99.141,-1.114,0.000,1.160,0.900,2.922,4.081,0.000,1.138,2.076,0.000,0.000,1.000,0.000,0.000,1.186,-0.205,0.000,1.000,-0.000
2025-07-14 15:48:05.511596,6923,126.62372590,45.80101020,-77.268,0.527,38.496,0.166,99.009,-1.113,0.000,1.160,0.930,2.939,4.085,0.000,1.128,2.076,0.000,0.000,1.000,0.000,0.000,1.186,-0.205,0.000,1.000,-0.000
2025-07-14 15:48:05.621703,5333,126.62372430,45.80101030,-77.232,0.327,38.507,0.164,98.885,-1.115,0.000,1.200,0.900,2.956,4.090,0.000,1.126,2.129,0.000,0.000,1.000,0.000,0.000,1.186,-0.205,0.000,1.000,-0.000
2025-07-14 15:48:05.731811,3643,126.62372260,45.80101050,-77.196,0.327,38.529,0.148,98.753,-1.104,0.000,1.200,0.900,2.980,4.103,0.000,1.122,2.129,0.000,0.000,1.000,0.000,0.000,1.186,-0.205,0.000,1.000,-0.000
2025-07-14 15:48:05.841914,2163,126.62372110,45.80101060,-77.153,0.391,38.540,0.147,98.637,-1.101,0.000,1.190,0.900,3.004,4.116,0.000,1.117,2.129,0.000,0.000,1.000,0.000,0.000,1.186,-0.205,0.000,1.000,-0.000
2025-07-14 15:48:05.952018,573,126.62371950,45.80101070,-77.103,0.455,38.551,0.136,98.513,-1.100,0.000,1.190,0.900,3.026,4.129,0.000,1.111,2.129,0.000,0.000,1.000,0.000,0.000,1.186,-0.205,0.000,1.000,-0.000
2025-07-14 15:48:06.062141,9093,126.62371800,45.80101090,-77.060,0.387,38.574,0.168,98.397,-1.076,0.000,1.180,0.930,3.045,4.142,0.000,1.103,2.287,0.000,0.000,1.000,0.000,0.000,1.186,-0.205,0.000,1.000,-0.000
2025-07-14 15:48:06.172241,7500,126.62371640,45.80101100,-76.965,0.864,38.585,0.159,98.272,-1.061,0.000,1.180,0.930,3.068,4.156,0.000,1.090,2.287,0.000,0.000,1.000,0.000,0.000,1.186,-0.205,0.000,1.000,-0.000
2025-07-14 15:48:06.282331,6100,126.62371500,45.80101110,-76.846,1.082,38.596,0.193,98.164,-1.059,0.000,1.170,0.890,3.071,4.171,0.000,1.079,2.287,0.000,0.000,1.000,0.000,0.000,1.186,-0.205,0.000,1.000,-0.000
2025-07-14 15:48:06.392484,4530,126.62371340,45.80101130,-76.716,1.182,38.618,0.166,98.040,-1.072,0.000,1.170,0.890,3.063,4.187,0.000,1.078,2.287,0.000,0.000,1.000,0.000,0.000,1.187,-0.204,0.000,1.000,-0.000
2025-07-14 15:48:06.502600,3140,126.62371200,45.80101140,-76.586,1.182,38.629,0.151,97.931,-1.050,0.000,1.150,0.890,3.051,4.202,0.000,1.074,2.287,0.000,0.000,1.000,0.000,0.000,1.186,-0.204,0.000,1.000,-0.000
2025-07-14 15:48:06.612652,1650,126.62371050,45.80101150,-76.427,1.445,38.640,0.136,97.815,-1.033,0.000,1.150,0.890,3.039,4.215,0.000,1.062,2.234,0.000,0.000,1.000,0.000,0.000,1.186,-0.204,0.000,1.000,-0.000
2025-07-14 15:48:06.722801,260,126.62370910,45.80101160,-76.302,1.136,38.651,0.127,97.707,-1.013,0.000,1.180,0.880,3.016,4.230,0.000,1.041,2.234,0.000,0.000,1.000,0.000,0.000,1.186,-0.204,0.000,1.000,-0.000
2025-07-14 15:48:06.832846,8680,126.62370750,45.80101180,-76.094,1.891,38.674,0.144,97.583,-1.134,0.000,1.180,0.880,3.005,4.254,0.000,1.069,2.234,0.000,0.000,1.000,0.000,0.000,1.187,-0.204,0.000,1.000,-0.000
2025-07-14 15:48:06.942967,7203,126.62370600,45.80101200,-75.912,1.655,38.696,0.136,97.466,-1.136,0.000,1.170,0.880,2.963,4.273,0.000,1.103,2.234,0.000,0.000,1.000,0.000,0.000,1.186,-0.205,0.000,1.000,-0.000
2025-07-14 15:48:07.053070,5523,126.62370430,45.80101220,-75.760,1.382,38.718,0.138,97.334,-1.138,0.000,1.170,0.880,2.930,4.285,0.000,1.145,2.287,0.000,0.000,1.000,0.000,0.000,1.187,-0.205,0.000,1.000,-0.000
2025-07-14 15:48:07.163170,4143,126.62370290,45.80101240,-75.667,0.838,38.740,0.128,97.226,-1.127,0.000,1.170,0.880,2.908,4.289,0.000,1.142,2.287,0.000,0.000,1.000,0.000,0.000,1.187,-0.205,0.000,1.000,-0.000
2025-07-14 15:48:07.273280,2463,126.62370120,45.80101260,-75.510,1.427,38.763,0.200,97.094,-1.119,0.000,1.190,0.840,2.909,4.294,0.000,1.139,2.287,0.000,0.000,1.000,0.000,0.000,1.188,-0.204,0.000,1.000,-0.000
2025-07-14 15:48:07.383380,1083,126.62369980,45.80101280,-75.327,1.664,38.785,0.195,96.986,-1.112,0.000,1.190,0.840,2.885,4.303,0.000,1.133,2.287,0.000,0.000,1.000,0.000,0.000,1.188,-0.204,0.000,1.000,-0.000
2025-07-14 15:48:07.493623,9393,126.62369810,45.80101290,-75.138,1.718,38.796,0.138,96.854,-1.171,0.000,1.200,0.780,2.851,4.312,0.000,1.148,2.287,0.000,0.000,1.000,0.000,0.000,1.187,-0.204,0.000,1.000,-0.000
2025-07-14 15:48:07.603599,7813,126.62369650,45.80101310,-74.984,1.400,38.818,0.117,96.730,-1.176,0.000,1.200,0.780,2.812,4.321,0.000,1.163,2.287,0.000,0.000,1.000,0.000,0.000,1.187,-0.204,0.000,1.000,-0.000
2025-07-14 15:48:07.723363,6323,126.62369500,45.80101320,-74.881,0.858,38.829,0.104,96.614,-1.179,0.000,1.190,0.730,2.785,4.328,0.000,1.181,2.287,0.000,0.000,1.000,0.000,0.000,1.188,-0.204,0.000,1.000,-0.000
2025-07-14 15:48:07.833462,4543,126.62369320,45.80101340,-74.804,0.700,38.852,0.185,96.474,-1.147,0.000,1.200,0.720,2.779,4.329,0.000,1.176,2.287,0.000,0.000,1.000,0.000,0.000,1.188,-0.203,0.000,1.000,-0.000
2025-07-14 15:48:07.943575,2763,126.62369140,45.80101360,-74.733,0.645,38.874,0.179,96.334,-1.147,0.000,1.200,0.720,2.779,4.333,0.000,1.169,2.287,0.000,0.000,1.000,0.000,0.000,1.188,-0.203,0.000,1.000,-0.000
2025-07-14 15:48:08.053675,1183,126.62368980,45.80101380,-74.675,0.527,38.896,0.197,96.210,-1.144,0.000,1.160,0.700,2.783,4.339,0.000,1.161,2.287,0.000,0.000,1.000,0.000,0.000,1.188,-0.203,0.000,1.000,-0.000
2025-07-14 15:48:08.163765,9503,126.62368810,45.80101400,-74.600,0.682,38.918,0.192,96.079,-1.134,0.000,1.160,0.700,2.790,4.338,0.000,1.157,2.287,0.000,0.000,1.000,0.000,0.000,1.188,-0.203,0.000,1.000,-0.000
2025-07-14 15:48:08.273879,7923,126.62368650,45.80101420,-74.509,0.827,38.940,0.214,95.955,-1.135,0.000,1.180,0.700,2.791,4.339,0.000,1.155,2.287,0.000,0.000,1.000,0.000,0.000,1.188,-0.203,0.000,1.000,-0.000
2025-07-14 15:48:08.383999,6243,126.62368480,45.80101440,-74.373,1.236,38.963,0.194,95.823,-1.119,0.000,1.180,0.700,2.785,4.343,0.000,1.147,2.287,0.000,0.000,1.000,0.000,0.000,1.188,-0.203,0.000,1.000,0.000
2025-07-14 15:48:08.494100,4763,126.62368330,45.80101460,-74.232,1.270,38.985,0.175,95.707,-1.133,0.000,1.160,0.730,2.763,4.349,0.000,1.146,2.287,0.000,0.000,1.000,0.000,0.000,1.188,-0.203,0.000,1.000,-0.000
2025-07-14 15:48:08.604211,3073,126.62368160,45.80101470,-74.087,1.318,38.996,0.158,95.575,-1.137,0.000,1.160,0.730,2.741,4.351,0.000,1.143,2.287,0.000,0.000,1.000,0.000,0.000,1.188,-0.203,0.000,1.000,-0.000
2025-07-14 15:48:08.714311,1583,126.62368010,45.80101480,-73.992,0.864,39.007,0.159,95.458,-1.137,0.000,1.160,0.730,2.716,4.354,0.000,1.147,2.287,0.000,0.000,1.000,0.000,0.000,1.188,-0.203,0.000,1.000,-0.000
2025-07-14 15:48:08.824545,9913,126.62367840,45.80101510,-73.919,0.664,39.041,0.238,95.327,-1.131,0.000,1.200,0.670,2.710,4.356,0.000,1.151,2.287,0.000,0.000,1.000,0.000,0.000,1.189,-0.202,0.000,1.000,-0.000
2025-07-14 15:48:08.934526,8143,126.62367660,45.80101540,-73.863,0.509,39.074,0.231,95.187,-1.117,0.000,1.200,0.670,2.710,4.365,0.000,1.148,2.287,0.000,0.000,1.000,0.000,0.000,1.189,-0.202,0.000,1.000,-0.000
2025-07-14 15:48:09.044620,6663,126.62367510,45.80101560,-73.844,0.173,39.096,0.193,95.071,-1.180,0.000,1.190,0.620,2.716,4.374,0.000,1.164,2.287,0.000,0.000,1.000,0.000,0.000,1.189,-0.202,0.000,1.000,-0.000
2025-07-14 15:48:09.154740,4993,126.62367340,45.80101590,-73.816,0.255,39.129,0.172,94.939,-1.174,0.000,1.190,0.620,2.735,4.378,0.000,1.174,2.287,0.000,0.000,1.000,0.000,0.000,1.189,-0.202,0.000,1.000,-0.000
2025-07-14 15:48:09.264826,3513,126.62367190,45.80101610,-73.760,0.509,39.152,0.243,94.823,-1.155,0.000,1.150,0.660,2.750,4.381,0.000,1.187,2.287,0.000,0.000,1.000,0.000,0.000,1.189,-0.202,0.000,1.000,0.000
2025-07-14 15:48:09.374964,1833,126.62367020,45.80101630,-73.693,0.609,39.174,0.237,94.691,-1.143,0.000,1.160,0.670,2.757,4.374,0.000,1.178,2.287,0.000,0.000,1.000,0.000,0.000,1.189,-0.202,0.000,1.000,0.000
2025-07-14 15:48:09.485039,453,126.62366880,45.80101650,-73.648,0.409,39.196,0.253,94.583,-1.165,0.000,1.160,0.670,2.760,4.371,0.000,1.180,2.287,0.000,0.000,1.000,0.000,0.000,1.189,-0.202,0.000,1.000,0.000
2025-07-14 15:48:09.595146,8783,126.62366710,45.80101680,-73.567,0.730,39.230,0.249,94.451,-1.157,0.000,1.170,0.650,2.770,4.368,0.000,1.181,2.287,0.000,0.000,1.000,0.000,0.000,1.189,-0.202,0.000,1.000,0.000
2025-07-14 15:48:09.705241,7303,126.62366560,45.80101700,-73.592,-0.227,39.252,0.235,94.334,-1.152,0.000,1.170,0.650,2.767,4.366,0.000,1.184,2.287,0.000,0.000,1.000,0.000,0.000,1.189,-0.202,0.000,1.000,0.000
2025-07-14 15:48:09.815358,5513,126.62366380,45.80101720,-73.436,1.418,39.274,0.213,94.195,-1.166,0.000,1.180,0.610,2.803,4.364,0.000,1.182,2.287,0.000,0.000,1.000,0.000,0.000,1.189,-0.202,0.000,1.000,0.000
2025-07-14 15:48:09.925465,3953,126.62366220,45.80101750,-73.347,0.809,39.307,0.211,94.071,-1.169,0.000,1.180,0.630,2.771,4.363,0.000,1.183,2.287,0.000,0.000,1.000,0.000,0.000,1.192,-0.202,0.000,1.000,0.000
2025-07-14 15:48:10.035583,2173,126.62366040,45.80101780,-73.334,0.118,39.341,0.218,93.931,-1.166,0.000,1.180,0.630,2.763,4.363,0.000,1.186,2.287,0.000,0.000,1.000,0.000,0.000,1.193,-0.203,0.000,1.000,0.000
2025-07-14 15:48:10.145674,603,126.62365880,45.80101800,-73.321,0.118,39.363,0.211,93.807,-1.155,0.000,1.180,0.600,2.784,4.362,0.000,1.183,2.287,0.000,0.000,1.000,0.000,0.000,1.193,-0.202,0.000,1.000,0.000
2025-07-14 15:48:10.255771,8823,126.62365700,45.80101820,-73.243,0.709,39.385,0.250,93.668,-1.195,0.000,1.180,0.600,2.804,4.361,0.000,1.194,2.287,0.000,0.000,1.000,0.000,0.000,1.193,-0.202,0.000,1.000,0.000
2025-07-14 15:48:10.365871,7356,126.62365550,45.80101850,-73.144,0.900,39.419,0.240,93.551,-1.199,0.000,1.180,0.610,2.800,4.359,0.000,1.206,2.287,0.000,0.000,1.000,0.000,0.000,1.194,-0.202,0.000,1.000,-0.000
2025-07-14 15:48:10.475994,5576,126.62365370,45.80101870,-72.981,1.482,39.441,0.206,93.412,-1.161,0.000,1.180,0.620,2.788,4.354,0.000,1.208,2.287,0.000,0.000,1.000,0.000,0.000,1.194,-0.201,0.000,1.000,-0.000
2025-07-14 15:48:10.586103,3993,126.62365210,45.80101890,-72.810,1.541,39.463,0.199,93.288,-1.159,0.000,1.180,0.620,2.753,4.350,0.000,1.193,2.287,0.000,0.000,1.000,0.000,0.000,1.193,-0.202,0.000,1.000,-0.000
2025-07-14 15:48:10.696201,2213,126.62365030,45.80101910,-72.627,1.664,39.485,0.197,93.148,-1.159,0.000,1.190,0.610,2.714,4.347,0.000,1.177,2.287,0.000,0.000,1.000,0.000,0.000,1.193,-0.202,0.000,1.000,0.000
2025-07-14 15:48:10.806306,733,126.62364880,45.80101930,-72.488,1.264,39.508,0.233,93.032,-1.136,0.000,1.160,0.580,2.670,4.350,0.000,1.170,2.287,0.000,0.000,1.000,0.000,0.000,1.193,-0.202,0.000,1.000,0.000
2025-07-14 15:48:10.916471,9073,126.62364710,45.80101970,-72.347,1.282,39.552,0.224,92.900,-1.139,0.000,1.160,0.580,2.640,4.348,0.000,1.165,2.287,0.000,0.000,1.000,0.000,0.000,1.194,-0.201,0.000,1.000,0.000
2025-07-14 15:48:11.026522,7293,126.62364530,45.80101990,-72.243,0.945,39.574,0.223,92.761,-1.143,0.000,1.190,0.540,2.611,4.347,0.000,1.162,2.287,0.000,0.000,1.000,0.000,0.000,1.194,-0.201,0.000,1.000,0.000
2025-07-14 15:48:11.136690,5823,126.62364380,45.80102020,-72.170,0.664,39.608,0.207,92.645,-1.143,0.000,1.190,0.540,2.593,4.352,0.000,1.162,2.287,0.000,0.000,1.000,0.000,0.000,1.194,-0.201,0.000,1.000,0.000
2025-07-14 15:48:11.246719,4043,126.62364200,45.80102040,-72.053,1.064,39.630,0.264,92.505,-1.144,0.000,1.170,0.560,2.588,4.357,0.000,1.167,2.287,0.000,0.000,1.000,0.000,0.000,1.194,-0.200,0.000,1.000,0.000
2025-07-14 15:48:11.356820,2563,126.62364050,45.80102060,-71.960,0.845,39.652,0.260,92.389,-1.149,0.000,1.170,0.560,2.567,4.357,0.000,1.171,2.287,0.000,0.000,1.000,0.000,0.000,1.194,-0.201,0.000,1.000,0.000
2025-07-14 15:48:11.466928,893,126.62363880,45.80102090,-71.907,0.482,39.685,0.255,92.257,-1.115,0.000,1.160,0.540,2.554,4.357,0.000,1.165,2.287,0.000,0.000,1.000,0.000,0.000,1.194,-0.201,0.000,1.000,0.000
2025-07-14 15:48:11.577132,9413,126.62363730,45.80102110,-71.854,0.477,39.708,0.247,92.141,-1.098,0.000,1.170,0.460,2.556,4.356,0.000,1.149,2.287,0.000,0.000,1.000,0.000,0.000,1.195,-0.200,0.000,1.000,0.000
2025-07-14 15:48:11.687226,7733,126.62363560,45.80102130,-71.573,2.555,39.730,0.234,92.009,-1.082,0.000,1.170,0.460,2.556,4.360,0.000,1.125,2.287,0.000,0.000,1.000,0.000,0.000,1.195,-0.200,0.000,1.000,0.000
2025-07-14 15:48:11.797241,6263,126.62363410,45.80102160,-71.455,1.073,39.763,0.247,91.893,-1.154,0.000,1.170,0.540,2.470,4.367,0.000,1.138,2.287,0.000,0.000,1.000,0.000,0.000,1.195,-0.200,0.000,1.000,0.000
2025-07-14 15:48:11.907397,4593,126.62363240,45.80102190,-71.308,1.336,39.797,0.231,91.761,-1.159,0.000,1.170,0.540,2.446,4.373,0.000,1.156,2.287,0.000,0.000,1.000,0.000,0.000,1.200,-0.200,0.000,1.000,0.000
2025-07-14 15:48:12.017452,3023,126.62363080,45.80102220,-71.155,1.391,39.830,0.263,91.637,-1.130,0.000,1.200,0.480,2.412,4.375,0.000,1.174,2.287,0.000,0.000,1.000,0.000,0.000,1.200,-0.201,0.000,1.000,0.000
2025-07-14 15:48:12.127578,1353,126.62362910,45.80102250,-70.969,1.691,39.863,0.256,91.505,-1.121,0.000,1.190,0.470,2.374,4.380,0.000,1.164,2.287,0.000,0.000,1.000,0.000,0.000,1.200,-0.201,0.000,1.000,0.000
2025-07-14 15:48:12.237658,9883,126.62362760,45.80102280,-70.779,1.727,39.897,0.221,91.389,-1.133,0.000,1.190,0.470,2.323,4.384,0.000,1.155,2.287,0.000,0.000,1.000,0.000,0.000,1.199,-0.202,0.000,1.000,0.000
2025-07-14 15:48:12.347781,8213,126.62362590,45.80102310,-70.572,1.882,39.930,0.206,91.257,-1.130,0.000,1.160,0.440,2.270,4.390,0.000,1.151,2.287,0.000,0.000,1.000,0.000,0.000,1.199,-0.202,0.000,1.000,0.000
2025-07-14 15:48:12.457873,6733,126.62362440,45.80102330,-70.405,1.518,39.952,0.247,91.141,-1.134,0.000,1.160,0.440,2.209,4.392,0.000,1.155,2.287,0.000,0.000,1.000,0.000,0.000,1.199,-0.203,0.000,1.000,0.000
2025-07-14 15:48:12.567984,5053,126.62362270,45.80102350,-70.220,1.682,39.975,0.240,91.009,-1.130,0.000,1.160,0.390,2.163,4.393,0.000,1.155,2.287,0.000,0.000,1.000,0.000,0.000,1.199,-0.202,0.000,1.000,0.000
2025-07-14 15:48:12.678088,3583,126.62362120,45.80102380,-70.074,1.327,40.008,0.239,90.893,-1.127,0.000,1.150,0.380,2.109,4.394,0.000,1.156,2.287,0.000,0.000,1.000,0.000,0.000,1.199,-0.203,0.000,1.000,0.000
2025-07-14 15:48:12.788204,1913,126.62361950,45.80102410,-69.937,1.234,40.041,0.258,90.761,-1.143,0.000,1.150,0.380,2.069,4.392,0.000,1.160,2.287,0.000,0.000,1.000,0.000,0.000,1.200,-0.202,0.000,1.000,0.000
2025-07-14 15:48:12.898291,443,126.62361800,45.80102440,-69.892,0.409,40.075,0.251,90.644,-1.158,0.000,1.160,0.220,2.033,4.391,0.000,1.170,2.287,0.000,0.000,1.000,0.000,0.000,1.200,-0.202,0.000,1.000,0.000
2025-07-14 15:48:13.008395,8783,126.62361630,45.80102480,-69.890,0.018,40.119,0.310,90.513,-1.133,0.000,1.160,0.220,2.024,4.389,0.000,1.177,2.287,0.000,0.000,1.000,0.000,0.000,1.201,-0.200,0.000,1.000,0.000
2025-07-14 15:48:13.118514,7123,126.62361460,45.80102520,-69.829,0.555,40.164,0.303,90.381,-1.119,0.000,1.110,0.330,2.032,4.386,0.000,1.173,2.287,0.000,0.000,1.000,0.000,0.000,1.202,-0.199,0.000,1.000,0.000
2025-07-14 15:48:13.228611,5653,126.62361310,45.80102550,-69.666,1.482,40.197,0.281,90.265,-1.089,0.000,1.120,0.010,2.023,4.375,0.000,1.153,2.287,0.000,0.000,1.000,0.000,0.000,1.202,-0.200,0.000,1.000,0.000
2025-07-14 15:48:13.338722,3983,126.62361140,45.80102580,-69.463,1.845,40.230,0.275,90.133,-1.084,0.000,1.120,0.010,1.962,4.370,0.000,1.134,2.287,0.000,0.000,1.000,0.000,0.000,1.201,-0.199,0.000,1.000,0.000
2025-07-14 15:48:13.448823,2613,126.62361000,45.80102610,-69.351,1.018,40.264,0.288,90.024,-1.138,0.000,1.080,0.320,1.885,4.367,0.000,1.139,2.287,0.000,0.000,1.000,0.000,0.000,1.200,-0.199,0.000,1.000,0.000
2025-07-14 15:48:13.558927,943,126.62360830,45.80102640,-69.250,0.918,40.297,0.276,89.893,-1.146,0.000,1.080,0.320,1.854,4.357,0.000,1.157,2.287,0.000,0.000,1.000,0.000,0.000,1.203,-0.197,0.000,1.000,0.000
2025-07-14 15:48:13.669024,9463,126.62360680,45.80102660,-69.119,1.191,40.319,0.264,89.776,-1.141,0.000,1.050,0.280,1.829,4.344,0.000,1.175,2.287,0.000,0.000,1.000,0.000,0.000,1.203,-0.197,0.000,1.000,0.000
2025-07-14 15:48:13.789146,7803,126.62360510,45.80102700,-69.057,0.512,40.364,0.294,89.644,-1.119,0.000,1.040,0.320,1.791,4.323,0.000,1.169,2.287,0.000,0.000,1.000,0.000,0.000,1.203,-0.197,0.000,1.000,-0.000
2025-07-14 15:48:13.909247,6133,126.62360340,45.80102730,-68.907,1.250,40.397,0.280,89.513,-1.131,0.000,1.040,0.320,1.782,4.301,0.000,1.164,2.287,0.000,0.000,1.000,0.000,0.000,1.204,-0.197,0.000,1.000,-0.000
2025-07-14 15:48:14.029366,4573,126.62360180,45.80102770,-68.771,1.133,40.442,0.303,89.389,-1.138,0.000,1.010,0.320,1.744,4.279,0.000,1.167,2.287,0.000,0.000,1.000,0.000,0.000,1.204,-0.198,0.000,1.000,-0.000
2025-07-14 15:48:14.149474,2903,126.62360010,45.80102800,-68.645,1.050,40.475,0.303,89.257,-1.133,0.000,1.010,0.320,1.709,4.252,0.000,1.172,2.287,0.000,0.000,1.000,0.000,0.000,1.204,-0.198,0.000,1.000,-0.000
2025-07-14 15:48:14.269595,1043,126.62359820,45.80102840,-68.537,0.900,40.519,0.307,89.110,-1.133,0.000,1.020,0.010,1.678,4.225,0.000,1.175,2.287,0.000,0.000,1.000,0.000,0.000,1.204,-0.198,0.000,1.000,-0.000
2025-07-14 15:48:14.389711,9473,126.62359660,45.80102870,-68.472,0.542,40.553,0.286,88.986,-1.135,0.000,0.970,0.230,1.641,4.198,0.000,1.172,2.287,0.000,0.000,1.000,0.000,0.000,1.204,-0.198,0.000,1.000,-0.000
2025-07-14 15:48:14.509894,7803,126.62359490,45.80102900,-68.380,0.767,40.586,0.323,88.854,-1.154,0.000,0.970,0.230,1.627,4.164,0.000,1.181,2.287,0.000,0.000,1.000,0.000,0.000,1.205,-0.197,0.000,1.000,-0.000
2025-07-14 15:48:14.629939,6133,126.62359320,45.80102930,-68.230,1.250,40.620,0.319,88.722,-1.146,0.000,0.970,0.150,1.605,4.127,0.000,1.186,2.287,0.000,0.000,1.000,0.000,0.000,1.204,-0.198,0.000,1.000,-0.000
2025-07-14 15:48:14.750037,4463,126.62359150,45.80102960,-68.029,1.675,40.653,0.307,88.590,-1.131,0.000,0.970,0.150,1.559,4.090,0.000,1.187,2.287,0.000,0.000,1.000,0.000,0.000,1.204,-0.198,0.000,1.000,-0.000
2025-07-14 15:48:14.870258,2603,126.62358960,45.80103000,-67.761,2.215,40.697,0.291,88.443,-1.138,0.000,1.170,-1.960,1.495,4.053,0.000,1.179,2.287,0.000,0.000,1.000,0.000,0.000,1.203,-0.198,0.000,1.000,-0.000
2025-07-14 15:48:14.990281,943,126.62358790,45.80103040,-67.588,1.442,40.742,0.279,88.311,-1.148,0.000,1.190,-2.150,1.323,4.052,0.000,1.176,2.287,0.000,0.000,1.000,0.000,0.000,1.201,-0.200,0.000,1.000,-0.000
2025-07-14 15:48:15.100376,9173,126.62358610,45.80103070,-67.468,1.091,40.775,0.291,88.172,-1.111,0.000,1.190,-2.150,1.171,4.054,0.000,1.168,2.287,0.000,0.000,1.000,0.000,0.000,1.206,-0.198,0.000,1.000,-0.000
2025-07-14 15:48:15.210506,7513,126.62358440,45.80103110,-67.315,1.391,40.820,0.333,88.040,-1.096,0.000,1.190,-2.330,1.034,4.058,0.000,1.158,2.287,0.000,0.000,1.000,0.000,0.000,1.207,-0.196,0.000,1.000,-0.000
2025-07-14 15:48:15.320667,6043,126.62358290,45.80103140,-67.168,1.336,40.853,0.331,87.924,-1.096,0.000,1.190,-2.330,0.877,4.063,0.000,1.146,2.287,0.000,0.000,1.000,0.000,0.000,1.204,-0.200,0.000,1.000,-0.000
2025-07-14 15:48:15.430708,4373,126.62358120,45.80103170,-67.018,1.364,40.886,0.327,87.792,-1.081,0.000,1.180,-2.460,0.722,4.071,0.000,1.140,2.287,0.000,0.000,1.000,0.000,0.000,1.203,-0.200,0.000,1.000,-0.000
2025-07-14 15:48:15.540785,2903,126.62357970,45.80103200,-66.861,1.427,40.920,0.314,87.675,-1.076,0.000,1.180,-2.460,0.561,4.078,0.000,1.132,2.287,0.000,0.000,1.000,0.000,0.000,1.202,-0.202,0.000,1.000,-0.000
2025-07-14 15:48:15.650912,1233,126.62357800,45.80103230,-66.640,2.009,40.953,0.298,87.544,-1.069,0.000,1.160,-2.510,0.397,4.086,0.000,1.120,2.287,0.000,0.000,1.000,0.000,0.000,1.200,-0.203,0.000,1.000,-0.000
2025-07-14 15:48:15.761094,9863,126.62357660,45.80103260,-66.365,2.477,40.986,0.301,87.435,-1.070,0.000,1.190,-2.740,0.207,4.093,0.000,1.114,2.287,0.000,0.000,1.000,0.000,0.000,1.194,-0.209,0.000,1.000,-0.000
2025-07-14 15:48:15.871197,8293,126.62357500,45.80103290,-66.164,1.827,41.020,0.309,87.311,-1.084,0.000,1.190,-2.740,-0.012,4.106,0.000,1.116,2.287,0.000,0.000,1.000,0.000,0.000,1.188,-0.215,0.000,1.000,-0.000
2025-07-14 15:48:15.981222,6933,126.62357360,45.80103330,-66.032,1.200,41.064,0.311,87.203,-1.090,0.000,1.180,-2.770,-0.206,4.118,0.000,1.124,2.287,0.000,0.000,1.000,0.000,0.000,1.193,-0.211,0.000,1.000,-0.000
2025-07-14 15:48:16.091337,5353,126.62357200,45.80103360,-65.876,1.418,41.098,0.364,87.079,-1.074,0.000,1.180,-2.770,-0.375,4.128,0.000,1.132,2.287,0.000,0.000,1.000,0.000,0.000,1.197,-0.206,0.000,1.000,-0.000
2025-07-14 15:48:16.201507,3993,126.62357060,45.80103390,-65.656,2.000,41.131,0.334,86.970,-1.060,0.000,1.160,-2.920,-0.552,4.136,0.000,1.126,2.287,0.000,0.000,1.000,0.000,0.000,1.194,-0.210,0.000,1.000,-0.000
2025-07-14 15:48:16.311611,2433,126.62356900,45.80103430,-65.343,2.845,41.175,0.314,86.846,-1.061,0.000,1.170,-3.200,-0.758,4.142,0.000,1.117,2.287,0.000,0.000,1.000,0.000,0.000,1.187,-0.216,0.000,1.000,-0.000
2025-07-14 15:48:16.421649,1053,126.62356760,45.80103450,-65.107,2.145,41.198,0.327,86.737,-1.066,0.000,1.170,-3.200,-1.013,4.151,0.000,1.111,2.287,0.000,0.000,1.000,0.000,0.000,1.176,-0.225,0.000,1.000,-0.000
2025-07-14 15:48:16.531748,9473,126.62356600,45.80103480,-64.951,1.418,41.231,0.329,86.613,-1.069,0.000,1.180,-3.280,-1.240,4.161,0.000,1.113,2.287,0.000,0.000,1.000,0.000,0.000,1.182,-0.221,0.000,1.000,-0.000
2025-07-14 15:48:16.641859,8113,126.62356460,45.80103510,-64.889,0.564,41.264,0.331,86.505,-1.060,0.000,1.180,-3.280,-1.440,4.173,0.000,1.115,2.287,0.000,0.000,1.000,0.000,0.000,1.188,-0.214,0.000,1.000,-0.000
2025-07-14 15:48:16.751960,6543,126.62356300,45.80103540,-64.822,0.609,41.298,0.347,86.381,-1.077,0.000,1.170,-3.460,-1.603,4.184,0.000,1.120,2.287,0.000,0.000,1.000,0.000,0.000,1.194,-0.207,0.000,1.000,-0.000
2025-07-14 15:48:16.862142,5183,126.62356160,45.80103580,-64.735,0.784,41.342,0.326,86.272,-1.083,0.000,1.160,-3.580,-1.775,4.192,0.000,1.124,2.287,0.000,0.000,1.000,0.000,0.000,1.193,-0.209,0.000,1.000,-0.000
2025-07-14 15:48:16.972166,3623,126.62356000,45.80103620,-64.675,0.545,41.387,0.304,86.148,-1.094,0.000,1.160,-3.580,-1.959,4.199,0.000,1.133,2.287,0.000,0.000,1.000,0.000,0.000,1.190,-0.211,0.000,1.000,-0.000
2025-07-14 15:48:17.082274,2253,126.62355860,45.80103650,-64.660,0.136,41.420,0.361,86.040,-1.110,0.000,1.170,-3.640,-2.134,4.203,0.000,1.145,1.287,0.000,0.000,1.000,0.000,0.000,1.190,-0.211,0.000,1.000,-0.000
2025-07-14 15:48:17.192380,693,126.62355700,45.80103690,-64.626,0.309,41.465,0.404,85.916,-1.104,0.000,1.170,-3.640,-2.294,4.208,0.000,1.159,1.287,0.000,0.000,1.000,0.000,0.000,1.192,-0.209,0.000,1.000,-0.000
2025-07-14 15:48:17.302488,9033,126.62355530,45.80103730,-64.602,0.218,41.509,0.401,85.784,-1.099,0.000,1.170,-3.920,-2.460,4.209,0.000,1.171,1.287,0.000,0.000,1.000,0.000,0.000,1.190,-0.212,0.000,1.000,-0.000
2025-07-14 15:48:17.412601,7663,126.62355390,45.80103760,-64.668,-0.600,41.542,0.398,85.675,-1.110,0.000,1.200,-4.160,-2.635,4.209,0.000,1.175,1.287,0.000,0.000,1.000,0.000,0.000,1.189,-0.212,0.000,1.000,-0.000
2025-07-14 15:48:17.522700,6093,126.62355230,45.80103790,-64.856,-1.709,41.576,0.382,85.551,-1.110,0.000,1.200,-4.160,-2.786,4.214,0.000,1.174,1.287,0.000,0.000,1.000,0.000,0.000,1.195,-0.207,0.000,1.000,-0.000
2025-07-14 15:48:17.632868,4723,126.62355090,45.80103820,-65.027,-1.555,41.609,0.376,85.443,-1.106,0.000,1.160,-4.090,-2.891,4.218,0.000,1.174,1.234,0.000,0.000,1.000,0.000,0.000,1.202,-0.198,0.000,1.000,-0.000
2025-07-14 15:48:17.742911,3163,126.62354930,45.80103860,-64.945,0.745,41.654,0.434,85.319,-1.120,0.000,1.160,-4.090,-2.998,4.216,0.000,1.181,1.234,0.000,0.000,1.000,0.000,0.000,1.201,-0.200,0.000,1.000,-0.000
2025-07-14 15:48:17.853010,1703,126.62354780,45.80103910,-65.072,-1.155,41.709,0.379,85.203,-1.106,0.000,1.180,-4.300,-3.199,4.212,0.000,1.179,1.234,0.000,0.000,1.000,0.000,0.000,1.188,-0.213,0.000,1.000,-0.000
2025-07-14 15:48:17.963193,63,126.62354610,45.80103960,-65.205,-1.198,41.765,0.366,85.071,-1.101,0.000,1.170,-4.400,-3.334,4.212,0.000,1.177,1.234,0.000,0.000,1.000,0.000,0.000,1.205,-0.204,0.000,1.000,-0.000
2025-07-14 15:48:18.073226,8613,126.62354460,45.80104010,-65.308,-0.936,41.820,0.386,84.954,-1.121,0.000,1.170,-4.400,-3.469,4.211,0.000,1.172,1.181,0.000,0.000,1.000,0.000,0.000,1.204,-0.205,0.000,1.000,-0.000
2025-07-14 15:48:18.183344,6963,126.62354290,45.80104060,-65.408,-0.909,41.876,0.383,84.823,-1.119,0.000,1.180,-4.560,-3.615,4.211,0.000,1.176,1.181,0.000,0.000,1.000,0.000,0.000,1.201,-0.207,0.000,1.000,-0.000
2025-07-14 15:48:18.293499,5503,126.62354140,45.80104100,-65.540,-1.200,41.920,0.423,84.706,-1.099,0.000,1.180,-4.560,-3.769,4.211,0.000,1.182,1.181,0.000,0.000,1.000,0.000,0.000,1.200,-0.209,0.000,1.000,-0.000
2025-07-14 15:48:18.403533,3843,126.62353970,45.80104150,-65.798,-2.345,41.976,0.397,84.575,-1.145,0.000,1.180,-4.800,-3.912,4.211,0.000,1.191,1.181,0.000,0.000,1.000,0.000,0.000,1.201,-0.208,0.000,1.000,0.000
2025-07-14 15:48:18.513714,2396,126.62353820,45.80104190,-66.140,-3.109,42.021,0.385,84.458,-1.150,0.000,1.180,-4.800,-4.016,4.209,0.000,1.201,1.181,0.000,0.000,1.000,0.000,0.000,1.208,-0.200,0.000,1.000,0.000
2025-07-14 15:48:18.623745,736,126.62353650,45.80104230,-66.562,-3.836,42.065,0.382,84.327,-1.144,0.000,1.180,-5.000,-4.089,4.206,0.000,1.210,-2.345,0.000,0.000,1.000,0.000,0.000,1.212,-0.195,0.000,1.000,-0.000
2025-07-14 15:48:18.733923,9276,126.62353500,45.80104270,-66.953,-3.555,42.110,0.430,84.210,-1.132,0.000,1.180,-5.000,-4.139,4.200,0.000,1.210,-2.345,0.000,0.000,1.000,0.000,0.000,1.214,-0.192,0.000,1.000,-0.000
2025-07-14 15:48:18.843952,7626,126.62353330,45.80104320,-67.452,-4.536,42.165,0.434,84.079,-1.126,0.000,1.190,-5.300,-4.199,4.195,0.000,1.208,-2.345,0.000,0.000,1.000,0.000,0.000,1.213,-0.193,0.000,1.000,-0.000
2025-07-14 15:48:18.954056,6076,126.62353170,45.80104370,-67.889,-3.973,42.221,0.434,83.954,-1.121,0.000,1.160,-5.200,-4.232,4.192,0.000,1.207,-2.345,0.000,0.000,1.000,0.000,0.000,1.216,-0.191,0.000,1.000,-0.000
2025-07-14 15:48:19.064316,4426,126.62353000,45.80104420,-68.342,-4.081,42.276,0.424,83.823,-1.162,0.000,1.160,-5.200,-4.283,4.184,0.000,1.215,-2.345,0.000,0.000,1.000,0.000,0.000,1.215,-0.192,0.000,1.000,-0.000
2025-07-14 15:48:19.174272,2766,126.62352830,45.80104460,-68.776,-3.945,42.321,0.416,83.691,-1.152,0.000,1.160,-5.300,-4.331,4.175,0.000,1.221,-2.345,0.000,0.000,1.000,0.000,0.000,1.215,-0.192,0.000,1.000,-0.000
2025-07-14 15:48:19.284361,1416,126.62352690,45.80104510,-69.216,-4.000,42.376,0.397,83.582,-1.149,0.000,1.160,-5.300,-4.387,4.164,0.000,1.226,-2.345,0.000,0.000,1.000,0.000,0.000,1.215,-0.193,0.000,1.000,-0.000
2025-07-14 15:48:19.394488,9756,126.62352520,45.80104550,-69.808,-5.382,42.421,0.412,83.451,-1.180,0.000,1.160,-5.300,-4.442,4.153,0.000,1.230,-2.345,0.000,0.000,1.000,0.000,0.000,1.215,-0.193,0.000,1.000,-0.000
2025-07-14 15:48:19.504591,8296,126.62352370,45.80104590,-70.378,-5.182,42.465,0.420,83.334,-1.180,0.000,1.170,-5.400,-4.441,4.141,0.000,1.239,-2.345,0.000,0.000,1.000,0.000,0.000,1.219,-0.189,0.000,1.000,-0.000
2025-07-14 15:48:19.614691,6646,126.62352200,45.80104640,-71.043,-6.045,42.521,0.435,83.203,-1.178,0.000,1.180,-5.600,-4.449,4.129,0.000,1.253,-2.345,0.000,0.000,1.000,0.000,0.000,1.219,-0.189,0.000,1.000,-0.000
2025-07-14 15:48:19.724796,5186,126.62352050,45.80104680,-71.591,-4.982,42.565,0.430,83.086,-1.196,0.000,1.180,-5.600,-4.432,4.117,0.000,1.260,-2.345,0.000,0.000,1.000,0.000,0.000,1.219,-0.190,0.000,1.000,-0.000
2025-07-14 15:48:19.834903,3436,126.62351870,45.80104730,-72.158,-5.155,42.621,0.363,82.947,-1.178,0.000,1.180,-5.600,-4.456,4.103,0.000,1.253,-2.345,0.000,0.000,1.000,0.000,0.000,1.220,-0.190,0.000,1.000,-0.000
2025-07-14 15:48:19.945003,1876,126.62351710,45.80104770,-72.651,-4.482,42.665,0.353,82.823,-1.175,0.000,1.190,-5.700,-4.475,4.090,0.000,1.243,-2.345,0.000,0.000,1.000,0.000,0.000,1.220,-0.190,0.000,1.000,-0.000
2025-07-14 15:48:20.055115,16,126.62351520,45.80104810,-73.244,-5.342,42.710,0.341,82.675,-1.155,0.000,1.160,-5.500,-4.526,4.081,0.000,1.221,-2.345,0.000,0.000,1.000,0.000,0.000,1.219,-0.191,0.000,1.000,-0.000
2025-07-14 15:48:20.165291,8456,126.62351360,45.80104850,-73.778,-4.855,42.754,0.347,82.551,-1.147,0.000,1.150,-5.500,-4.534,4.071,0.000,1.210,-2.345,0.000,0.000,1.000,0.000,0.000,1.221,-0.190,0.000,1.000,-0.000
2025-07-14 15:48:20.275333,6696,126.62351180,45.80104890,-74.404,-5.691,42.799,0.370,82.412,-1.202,0.000,1.190,-5.700,-4.560,4.060,0.000,1.220,-2.345,0.000,0.000,1.000,0.000,0.000,1.221,-0.191,0.000,1.000,-0.000
2025-07-14 15:48:20.385436,5236,126.62351030,45.80104930,-74.988,-5.309,42.843,0.377,82.296,-1.212,0.000,1.170,-5.600,-4.561,4.055,0.000,1.242,-2.345,0.000,0.000,1.000,0.000,0.000,1.222,-0.191,0.000,1.000,-0.000
2025-07-14 15:48:20.495524,3376,126.62350840,45.80104970,-75.653,-6.045,42.888,0.344,82.148,-1.173,0.000,1.170,-5.600,-4.573,4.043,0.000,1.250,-2.345,0.000,0.000,1.000,0.000,0.000,1.222,-0.192,0.000,1.000,-0.000
2025-07-14 15:48:20.605622,1816,126.62350680,45.80105010,-76.194,-4.918,42.932,0.340,82.024,-1.166,0.000,1.160,-5.400,-4.555,4.029,0.000,1.235,-2.345,0.000,0.000,1.000,0.000,0.000,1.223,-0.192,0.000,1.000,-0.000
2025-07-14 15:48:20.715798,56,126.62350500,45.80105050,-76.919,-6.591,42.977,0.306,81.885,-1.184,0.000,1.190,-4.500,-4.575,4.016,0.000,1.220,-2.345,0.000,0.000,1.000,0.000,0.000,1.224,-0.192,0.000,1.000,-0.000
2025-07-14 15:48:20.825847,8476,126.62350340,45.80105070,-77.503,-5.309,42.999,0.294,81.761,-1.186,0.000,1.150,-4.400,-4.490,4.011,0.000,1.220,-2.345,0.000,0.000,1.000,0.000,0.000,1.225,-0.194,0.000,1.000,-0.000
2025-07-14 15:48:20.935941,6706,126.62350160,45.80105100,-78.222,-6.536,43.032,0.298,81.621,-1.190,0.000,1.150,-4.400,-4.450,3.999,0.000,1.224,-2.345,0.000,0.000,1.000,0.000,0.000,1.230,-0.195,0.000,1.000,-0.000
2025-07-14 15:48:21.046053,5126,126.62350000,45.80105120,-78.881,-5.991,43.055,0.281,81.497,-1.173,0.000,1.190,-3.800,-4.361,3.987,0.000,1.218,-2.345,0.000,0.000,1.000,0.000,0.000,1.228,-0.200,0.000,1.000,-0.000
2025-07-14 15:48:21.156225,3356,126.62349820,45.80105150,-79.629,-6.739,43.088,0.276,81.358,-1.174,0.000,1.170,-3.200,-4.269,3.982,0.000,1.213,-2.345,0.000,0.000,1.000,0.000,0.000,1.230,-0.199,0.000,1.000,-0.000
2025-07-14 15:48:21.266344,1683,126.62349650,45.80105180,-80.376,-6.791,43.121,0.276,81.226,-1.155,0.000,1.170,-3.300,-4.122,3.974,0.000,1.200,-2.345,0.000,0.000,1.000,0.000,0.000,1.226,-0.203,0.000,1.000,-0.000
2025-07-14 15:48:21.376370,103,126.62349490,45.80105200,-81.033,-5.973,43.144,0.284,81.102,-1.153,0.000,1.170,-3.800,-3.974,3.969,0.000,1.194,-2.345,0.000,0.000,1.000,0.000,0.000,1.224,-0.204,0.000,1.000,-0.000
2025-07-14 15:48:21.486487,8333,126.62349310,45.80105230,-81.751,-6.527,43.177,0.295,80.962,-1.140,0.000,1.160,-4.200,-3.881,3.965,0.000,1.184,-2.345,0.000,0.000,1.000,0.000,0.000,1.229,-0.199,0.000,1.000,-0.000
2025-07-14 15:48:21.596580,6853,126.62349160,45.80105250,-82.328,-5.245,43.199,0.296,80.846,-1.123,0.000,1.150,-4.300,-3.783,3.961,0.000,1.175,-2.345,0.000,0.000,1.000,0.000,0.000,1.226,-0.204,0.000,1.000,-0.000
2025-07-14 15:48:21.706688,5183,126.62348990,45.80105280,-82.932,-5.491,43.233,0.301,80.714,-1.117,0.000,1.140,-4.600,-3.741,3.957,0.000,1.165,-2.345,0.000,0.000,1.000,0.000,0.000,1.232,-0.198,0.000,1.000,-0.000
2025-07-14 15:48:21.816794,3703,126.62348840,45.80105300,-83.463,-4.827,43.255,0.194,80.598,-1.191,0.000,1.140,-4.600,-3.703,3.952,0.000,1.175,-2.345,0.000,0.000,1.000,0.000,0.000,1.231,-0.200,0.000,1.000,-0.000
2025-07-14 15:48:21.926906,2013,126.62348670,45.80105310,-84.096,-5.755,43.266,0.193,80.466,-1.192,0.000,1.080,-3.200,-3.693,3.946,0.000,1.190,-2.345,0.000,0.000,1.000,0.000,0.000,1.232,-0.198,0.000,1.000,-0.000
2025-07-14 15:48:22.036987,526,126.62348520,45.80105320,-84.680,-5.309,43.277,0.163,80.350,-1.188,0.000,1.080,-3.200,-3.588,3.927,0.000,1.204,-2.345,0.000,0.000,1.000,0.000,0.000,1.232,-0.200,0.000,1.000,-0.000
2025-07-14 15:48:22.147111,8846,126.62348350,45.80105340,-85.355,-6.081,43.299,0.165,80.218,-1.184,0.000,1.070,-3.700,-3.498,3.906,0.000,1.201,-2.345,0.000,0.000,1.000,0.000,0.000,1.234,-0.200,0.000,1.000,-0.000
2025-07-14 15:48:22.257212,7263,126.62348190,45.80105360,-85.933,-5.255,43.322,0.137,80.094,-1.178,0.000,1.190,1.700,-3.398,3.884,0.000,1.194,-2.345,0.000,0.000,1.000,0.000,0.000,1.230,-0.204,0.000,1.000,-0.000
2025-07-14 15:48:22.367375,5573,126.62348020,45.80105370,-86.581,-5.891,43.333,0.142,79.962,-1.171,0.000,1.150,1.400,-3.111,3.883,0.000,1.187,-2.345,0.000,0.000,1.000,0.000,0.000,1.233,-0.201,0.000,1.000,-0.000
2025-07-14 15:48:22.477429,4093,126.62347870,45.80105390,-87.178,-5.427,43.355,0.116,79.846,-1.198,0.000,1.150,2.200,-2.804,3.877,0.000,1.190,-2.345,0.000,0.000,1.000,0.000,0.000,1.220,-0.206,0.000,1.000,-0.000
2025-07-14 15:48:22.587564,2403,126.62347700,45.80105400,-87.911,-6.664,43.366,0.117,79.714,-1.192,0.000,1.150,2.200,-2.482,3.870,0.000,1.194,-2.345,0.000,0.000,1.000,0.000,0.000,1.222,-0.204,0.000,1.000,-0.000
2025-07-14 15:48:22.697628,923,126.62347550,45.80105420,-88.476,-5.136,43.388,0.119,79.598,-1.192,0.000,1.190,2.000,-2.108,3.862,0.000,1.200,-2.345,0.000,0.000,1.000,0.000,0.000,1.197,-0.228,0.000,1.000,-0.000
2025-07-14 15:48:22.807809,9126,126.62347370,45.80105420,-89.157,-6.191,43.388,0.086,79.458,-1.220,0.000,1.190,2.600,-1.804,3.861,0.000,1.206,-2.345,0.000,0.000,1.000,0.000,0.000,1.218,-0.209,0.000,1.000,-0.000
2025-07-14 15:48:22.917840,7526,126.62347210,45.80105430,-89.723,-5.145,43.399,0.091,79.334,-1.217,0.000,1.190,2.600,-1.434,3.858,0.000,1.214,-2.345,0.000,0.000,1.000,0.000,0.000,1.198,-0.234,0.000,1.000,-0.000
2025-07-14 15:48:23.027945,5726,126.62347030,45.80105430,-90.401,-6.164,43.399,0.027,79.195,-1.166,0.000,1.190,3.100,-1.104,3.854,0.000,1.203,-1.713,0.000,0.000,1.000,0.000,0.000,1.210,-0.224,0.000,1.000,-0.000
2025-07-14 15:48:23.138049,4123,126.62346870,45.80105430,-91.036,-5.773,43.399,0.024,79.071,-1.161,0.000,1.160,3.400,-0.713,3.852,0.000,1.183,-1.713,0.000,0.000,1.000,0.000,0.000,1.189,-0.249,0.000,1.000,-0.000
2025-07-14 15:48:23.248545,2343,126.62346690,45.80105440,-91.767,-6.586,43.410,0.047,78.931,-1.199,0.000,1.150,4.000,-0.322,3.848,0.000,1.176,-1.713,0.000,0.000,1.000,0.000,0.000,1.189,-0.249,0.000,1.000,-0.000
2025-07-14 15:48:23.358451,543,126.62346510,45.80105440,-92.465,-6.345,43.410,0.055,78.792,-1.191,0.000,1.150,4.000,0.126,3.843,0.000,1.184,-1.713,0.000,0.000,1.000,0.000,0.000,1.166,-0.271,0.000,1.000,-0.000
2025-07-14 15:48:23.468486,8953,126.62346350,45.80105450,-93.051,-5.327,43.422,0.032,78.668,-1.185,0.000,1.150,4.000,0.568,3.837,0.000,1.193,-1.713,0.000,0.000,1.000,0.000,0.000,1.162,-0.275,0.000,1.000,-0.000
2025-07-14 15:48:23.578591,7153,126.62346170,45.80105450,-93.649,-5.436,43.422,0.039,78.528,-1.181,0.000,1.180,4.700,0.968,3.830,0.000,1.186,-0.135,0.000,0.000,1.000,0.000,0.000,1.176,-0.261,0.000,1.000,-0.000
2025-07-14 15:48:23.688682,5653,126.62346020,45.80105450,-94.146,-4.518,43.422,0.039,78.412,-1.179,0.000,1.180,4.700,1.399,3.829,0.000,1.182,-0.135,0.000,0.000,1.000,0.000,0.000,1.167,-0.271,0.000,1.000,-0.000
2025-07-14 15:48:23.798866,3853,126.62345840,45.80105450,-94.682,-4.873,43.422,-0.061,78.272,-1.141,0.000,1.180,5.800,1.793,3.829,0.000,1.168,-0.135,0.000,0.000,1.000,0.000,0.000,1.178,-0.261,0.000,1.000,-0.000
2025-07-14 15:48:23.908966,2223,126.62345680,45.80105430,-95.110,-3.891,43.399,-0.060,78.148,-1.133,0.000,1.190,6.100,2.246,3.831,0.000,1.152,-0.135,0.000,0.000,1.000,0.000,0.000,1.164,-0.276,0.000,1.000,-0.000
2025-07-14 15:48:24.019073,423,126.62345500,45.80105420,-95.535,-3.864,43.388,-0.063,78.009,-1.143,0.000,1.190,6.100,2.673,3.837,0.000,1.141,-0.135,0.000,0.000,1.000,0.000,0.000,1.177,-0.265,0.000,1.000,-0.000
2025-07-14 15:48:24.129126,8913,126.62345350,45.80105410,-95.843,-2.775,43.377,-0.058,77.892,-1.131,0.000,1.180,6.300,3.098,3.846,0.000,1.137,3.181,0.000,0.000,1.000,0.000,0.000,1.169,-0.273,0.000,1.000,-0.000
2025-07-14 15:48:24.249119,7103,126.62345170,45.80105400,-96.140,-2.475,43.366,-0.088,77.753,-1.106,0.000,1.150,6.500,3.486,3.853,0.000,1.129,3.181,0.000,0.000,1.000,0.000,0.000,1.184,-0.258,0.000,1.000,-0.000
2025-07-14 15:48:24.369226,5383,126.62345000,45.80105380,-96.420,-2.333,43.344,-0.087,77.621,-1.098,0.000,1.150,6.500,3.869,3.857,0.000,1.114,3.181,0.000,0.000,1.000,0.000,0.000,1.183,-0.259,0.000,1.000,-0.000
2025-07-14 15:48:24.489329,3673,126.62344830,45.80105370,-96.699,-2.325,43.333,-0.115,77.489,-1.117,0.000,1.190,6.800,4.246,3.863,0.000,1.111,3.181,0.000,0.000,1.000,0.000,0.000,1.179,-0.263,0.000,1.000,-0.000
2025-07-14 15:48:24.609439,1963,126.62344660,45.80105360,-96.936,-1.975,43.322,-0.112,77.358,-1.098,0.000,1.190,6.800,4.634,3.876,0.000,1.109,3.287,0.000,0.000,1.000,0.000,0.000,1.173,-0.269,0.000,1.000,-0.000
2025-07-14 15:48:24.729650,53,126.62344470,45.80105350,-97.079,-1.192,43.310,-0.136,77.210,-1.130,0.000,1.160,7.000,5.009,3.890,0.000,1.122,3.287,0.000,0.000,1.000,0.000,0.000,1.173,-0.269,0.000,1.000,-0.000
2025-07-14 15:48:24.849679,8323,126.62344300,45.80105320,-97.041,0.317,43.277,-0.155,77.078,-1.113,0.000,1.160,7.000,5.360,3.897,0.000,1.122,3.287,0.000,0.000,1.000,0.000,0.000,1.181,-0.261,0.000,1.000,-0.000
2025-07-14 15:48:24.969783,6603,126.62344130,45.80105300,-96.924,0.975,43.255,-0.158,76.947,-1.109,0.000,1.160,7.300,5.646,3.903,0.000,1.127,3.287,0.000,0.000,1.000,0.000,0.000,1.202,-0.239,0.000,1.000,-0.000
2025-07-14 15:48:25.089908,4973,126.62343970,45.80105270,-96.790,1.117,43.221,-0.161,76.823,-1.079,0.000,1.160,7.300,5.915,3.909,0.000,1.112,4.865,0.000,0.000,1.000,0.000,0.000,1.207,-0.232,0.000,1.000,-0.000
2025-07-14 15:48:25.210031,3353,126.62343810,45.80105250,-96.598,1.600,43.199,-0.177,76.699,-1.079,0.000,1.170,7.420,6.178,3.917,0.000,1.102,4.865,0.000,0.000,1.000,0.000,0.000,1.206,-0.233,0.000,1.000,-0.000
2025-07-14 15:48:25.330140,1520,126.62343630,45.80105220,-96.315,2.339,43.166,-0.185,76.559,-1.057,0.000,1.170,7.420,6.425,3.929,0.000,1.086,4.865,0.000,0.000,1.000,0.000,0.000,1.209,-0.230,0.000,1.000,-0.000
2025-07-14 15:48:25.450234,9890,126.62343470,45.80105190,-96.017,2.483,43.133,-0.199,76.435,-1.089,0.000,1.160,7.720,6.642,3.943,0.000,1.091,4.865,0.000,0.000,1.000,0.000,0.000,1.215,-0.224,0.000,1.000,-0.000
2025-07-14 15:48:25.560341,8270,126.62343310,45.80105170,-95.662,3.227,43.110,-0.211,76.311,-1.088,0.000,1.160,7.720,6.863,3.955,0.000,1.096,4.865,0.000,0.000,1.000,0.000,0.000,1.214,-0.224,0.000,1.000,-0.000
2025-07-14 15:48:25.670459,6643,126.62343150,45.80105140,-95.263,3.627,43.077,-0.227,76.187,-1.084,0.000,1.190,8.040,7.055,3.966,0.000,1.108,4.865,0.000,0.000,1.000,0.000,0.000,1.220,-0.219,0.000,1.000,-0.000
2025-07-14 15:48:25.780566,5223,126.62343010,45.80105120,-94.890,3.391,43.055,-0.242,76.078,-1.064,0.000,1.190,8.040,7.242,3.980,0.000,1.102,4.865,0.000,0.000,1.000,0.000,0.000,1.222,-0.216,0.000,1.000,-0.000
2025-07-14 15:48:25.891034,3590,126.62342850,45.80105090,-94.440,4.091,43.021,-0.231,75.954,-1.053,0.000,1.200,8.130,7.438,3.995,0.000,1.092,4.865,0.000,0.000,1.000,0.000,0.000,1.218,-0.220,0.000,1.000,-0.000
2025-07-14 15:48:26.001133,2260,126.62342720,45.80105060,-94.038,3.622,42.988,-0.180,75.854,-1.053,0.000,1.200,8.130,7.610,4.014,0.000,1.079,4.865,0.000,0.000,1.000,0.000,0.000,1.223,-0.216,0.000,1.000,-0.000
2025-07-14 15:48:26.111251,630,126.62342560,45.80105030,-93.565,4.300,42.955,-0.196,75.730,-1.033,0.000,1.150,8.090,7.800,4.034,0.000,1.066,5.497,0.000,0.000,1.000,0.000,0.000,1.217,-0.222,0.000,1.000,-0.000
2025-07-14 15:48:26.221336,9290,126.62342430,45.80105000,-93.101,4.218,42.921,-0.199,75.629,-1.067,0.000,1.150,8.090,7.962,4.049,0.000,1.068,5.497,0.000,0.000,1.000,0.000,0.000,1.222,-0.218,0.000,1.000,-0.000
2025-07-14 15:48:26.331450,7670,126.62342270,45.80104970,-92.533,5.164,42.888,-0.214,75.505,-1.067,0.000,1.190,8.090,8.126,4.063,0.000,1.075,5.497,0.000,0.000,1.000,0.000,0.000,1.220,-0.220,0.000,1.000,-0.000
2025-07-14 15:48:26.441674,6330,126.62342140,45.80104940,-91.968,5.136,42.855,-0.214,75.404,-1.051,0.000,1.190,8.090,8.251,4.082,0.000,1.082,5.497,0.000,0.000,1.000,0.000,0.000,1.226,-0.214,0.000,1.000,-0.000
2025-07-14 15:48:26.551659,4700,126.62341980,45.80104900,-91.268,6.364,42.810,-0.233,75.280,-1.049,0.000,1.170,8.100,8.376,4.101,0.000,1.078,8.129,0.000,0.000,1.000,0.000,0.000,1.226,-0.215,0.000,1.000,-0.000
2025-07-14 15:48:26.661766,3370,126.62341850,45.80104870,-90.636,5.745,42.777,-0.255,75.179,-1.045,0.000,1.170,8.100,8.451,4.117,0.000,1.074,8.129,0.000,0.000,1.000,0.000,0.000,1.232,-0.208,0.000,1.000,-0.000
2025-07-14 15:48:26.771864,1840,126.62341700,45.80104840,-90.028,5.527,42.743,-0.246,75.063,-0.996,0.000,1.180,7.960,8.550,4.133,0.000,1.059,8.129,0.000,0.000,1.000,0.000,0.000,1.230,-0.212,0.000,1.000,-0.000
2025-07-14 15:48:26.881963,530,126.62341570,45.80104830,-89.434,5.400,42.732,-0.203,74.962,-0.996,0.000,1.180,7.960,8.652,4.154,0.000,1.039,8.129,0.000,0.000,1.000,0.000,0.000,1.228,-0.214,0.000,1.000,-0.000
2025-07-14 15:48:26.992082,9010,126.62341420,45.80104810,-88.709,6.591,42.710,-0.159,74.846,-0.995,0.000,1.180,7.860,8.760,4.178,0.000,1.017,8.129,0.000,0.000,1.000,0.000,0.000,1.227,-0.215,0.000,1.000,-0.000
2025-07-14 15:48:27.102161,7690,126.62341290,45.80104790,-88.009,6.306,42.688,-0.175,74.745,-0.978,0.000,1.180,7.860,8.816,4.206,0.000,1.006,8.129,0.000,0.000,1.000,0.000,0.000,1.233,-0.209,0.000,1.000,-0.000
2025-07-14 15:48:27.212384,6270,126.62341150,45.80104770,-87.176,7.573,42.665,-0.156,74.637,-1.028,0.000,1.160,7.730,8.881,4.236,0.000,1.014,8.129,0.000,0.000,1.000,0.000,0.000,1.232,-0.211,0.000,1.000,-0.000
2025-07-14 15:48:27.322399,4840,126.62341010,45.80104740,-86.323,7.755,42.632,-0.186,74.528,-1.014,0.000,1.160,7.730,8.890,4.261,0.000,1.021,8.129,0.000,0.000,1.000,0.000,0.000,1.236,-0.208,0.000,1.000,-0.000
2025-07-14 15:48:27.432492,3520,126.62340880,45.80104720,-85.576,6.791,42.610,-0.161,74.427,-0.998,0.000,1.170,7.590,8.889,4.285,0.000,1.027,8.129,0.000,0.000,1.000,0.000,0.000,1.236,-0.207,0.000,1.000,-0.000
2025-07-14 15:48:27.542625,2090,126.62340740,45.80104690,-84.704,7.927,42.577,-0.183,74.319,-0.977,0.000,1.170,7.590,8.922,4.309,0.000,1.012,8.076,0.000,0.000,1.000,0.000,0.000,1.236,-0.208,0.000,1.000,-0.000
2025-07-14 15:48:27.652710,887,126.62340620,45.80104660,-83.929,7.045,42.543,-0.203,74.226,-0.963,0.000,1.160,7.470,8.909,4.336,0.000,0.996,8.076,0.000,0.000,1.000,0.000,0.000,1.238,-0.208,0.000,1.000,-0.000
2025-07-14 15:48:27.762818,9340,126.62340470,45.80104640,-83.076,7.755,42.521,-0.161,74.109,-1.010,0.000,1.160,7.470,8.926,4.364,0.000,1.000,8.076,0.000,0.000,1.000,0.000,0.000,1.238,-0.209,0.000,1.000,-0.000
2025-07-14 15:48:27.872924,7940,126.62340330,45.80104640,-82.332,6.764,42.521,-0.145,74.001,-1.049,0.000,1.180,7.290,8.915,4.392,0.000,1.022,8.076,0.000,0.000,1.000,0.000,0.000,1.239,-0.209,0.000,1.000,-0.000
2025-07-14 15:48:27.983038,6340,126.62340170,45.80104640,-81.417,8.318,42.521,-0.048,73.877,-1.056,0.000,1.180,7.290,8.936,4.419,0.000,1.046,8.076,0.000,0.000,1.000,0.000,0.000,1.239,-0.210,0.000,1.000,-0.000
2025-07-14 15:48:28.093141,4930,126.62340030,45.80104630,-80.580,7.541,42.510,-0.062,73.768,-1.050,0.000,1.150,7.140,8.895,4.442,0.000,1.056,8.234,0.000,0.000,1.000,0.000,0.000,1.241,-0.211,0.000,1.000,-0.000
2025-07-14 15:48:28.203252,3320,126.62339870,45.80104620,-79.606,8.855,42.499,-0.049,73.644,-1.036,0.000,1.150,7.140,8.877,4.458,0.000,1.049,8.234,0.000,0.000,1.000,0.000,0.000,1.243,-0.212,0.000,1.000,-0.000
2025-07-14 15:48:28.313348,1910,126.62339730,45.80104610,-78.764,7.655,42.488,-0.074,73.536,-1.026,0.000,1.170,6.960,8.806,4.475,0.000,1.039,8.234,0.000,0.000,1.000,0.000,0.000,1.241,-0.215,0.000,1.000,-0.000
2025-07-14 15:48:28.423452,300,126.62339570,45.80104600,-77.846,8.345,42.476,-0.092,73.412,-1.053,0.000,1.170,6.960,8.776,4.497,0.000,1.041,8.234,0.000,0.000,1.000,0.000,0.000,1.245,-0.214,0.000,1.000,-0.000
2025-07-14 15:48:28.533669,8880,126.62339430,45.80104580,-77.121,6.591,42.454,-0.128,73.303,-1.043,0.000,1.160,6.840,8.718,4.520,0.000,1.046,8.287,0.000,0.000,1.000,0.000,0.000,1.244,-0.216,0.000,1.000,-0.000
2025-07-14 15:48:28.643654,7360,126.62339280,45.80104560,-76.297,7.491,42.432,-0.156,73.187,-1.028,0.000,1.160,6.840,8.726,4.539,0.000,1.049,8.287,0.000,0.000,1.000,0.000,0.000,1.249,-0.214,0.000,1.000,-0.000
2025-07-14 15:48:28.753741,5950,126.62339140,45.80104550,-75.618,6.173,42.421,-0.023,73.078,-1.050,0.000,1.160,6.840,8.700,4.558,0.000,1.047,8.287,0.000,0.000,1.000,0.000,0.000,1.249,-0.216,0.000,1.000,-0.000
2025-07-14 15:48:28.863935,4170,126.62338960,45.80104570,-74.715,8.209,42.443,0.026,72.939,-1.060,0.000,1.190,6.750,8.726,4.578,0.000,1.050,8.287,0.000,0.000,1.000,0.000,0.000,1.251,-0.217,0.000,1.000,-0.000
2025-07-14 15:48:28.973975,2690,126.62338810,45.80104590,-73.961,6.855,42.465,-0.001,72.823,-1.060,0.000,1.190,6.750,8.668,4.602,0.000,1.057,8.287,0.000,0.000,1.000,0.000,0.000,1.254,-0.219,0.000,1.000,-0.000
2025-07-14 15:48:29.084099,1000,126.62338640,45.80104600,-73.134,7.450,42.476,0.022,72.691,-1.060,0.000,1.200,6.590,8.661,4.624,0.000,1.060,8.287,0.000,0.000,1.000,0.000,0.000,1.257,-0.221,0.000,1.000,-0.000
2025-07-14 15:48:29.194191,9610,126.62338500,45.80104610,-72.410,6.582,42.488,-0.010,72.582,-1.042,0.000,1.200,6.590,8.626,4.648,0.000,1.054,8.287,0.000,0.000,1.000,0.000,0.000,1.257,-0.223,0.000,1.000,-0.000
2025-07-14 15:48:29.304360,7920,126.62338330,45.80104620,-71.531,7.991,42.499,0.084,72.450,-1.099,0.000,1.150,6.410,8.625,4.673,0.000,1.068,8.287,0.000,0.000,1.000,0.000,0.000,1.259,-0.222,0.000,1.000,-0.000
2025-07-14 15:48:29.414399,6320,126.62338170,45.80104620,-70.668,7.845,42.499,0.137,72.326,-1.095,0.000,1.160,6.350,8.560,4.687,0.000,1.083,8.287,0.000,0.000,1.000,0.000,0.000,1.259,-0.225,0.000,1.000,-0.000
2025-07-14 15:48:29.524496,4920,126.62338030,45.80104620,-69.912,6.873,42.499,0.114,72.218,-1.082,0.000,1.160,6.350,8.497,4.701,0.000,1.098,8.287,0.000,0.000,1.000,0.000,0.000,1.259,-0.225,0.000,1.000,-0.000
2025-07-14 15:48:29.634609,3320,126.62337870,45.80104620,-69.003,8.264,42.499,0.079,72.094,-1.064,0.000,1.150,6.280,8.473,4.711,0.000,1.086,8.287,0.000,0.000,1.000,0.000,0.000,1.262,-0.222,0.000,1.000,-0.000
2025-07-14 15:48:29.744714,1930,126.62337730,45.80104630,-68.214,7.173,42.510,0.077,71.985,-1.110,0.000,1.150,6.280,8.392,4.722,0.000,1.089,8.287,0.000,0.000,1.000,0.000,0.000,1.260,-0.226,0.000,1.000,-0.000
2025-07-14 15:48:29.854811,163,126.62337550,45.80104660,-67.429,7.136,42.543,0.152,71.846,-1.113,0.000,1.180,6.240,8.352,4.733,0.000,1.101,8.287,0.000,0.000,1.000,0.000,0.000,1.264,-0.225,0.000,1.000,-0.000
2025-07-14 15:48:29.964911,8493,126.62337380,45.80104690,-66.830,5.445,42.577,0.141,71.714,-1.120,0.000,1.190,6.060,8.314,4.746,0.000,1.122,8.287,0.000,0.000,1.000,0.000,0.000,1.264,-0.225,0.000,1.000,-0.000
2025-07-14 15:48:30.075048,6723,126.62337200,45.80104720,-66.145,6.227,42.610,0.250,71.574,-1.113,0.000,1.190,6.060,8.338,4.758,0.000,1.131,8.287,0.000,0.000,1.000,0.000,0.000,1.267,-0.222,0.000,1.000,-0.000
2025-07-14 15:48:30.185096,5243,126.62337050,45.80104740,-65.492,5.883,42.632,0.227,71.458,-1.099,0.000,1.190,6.070,8.332,4.768,0.000,1.131,8.287,0.000,0.000,1.000,0.000,0.000,1.268,-0.223,0.000,1.000,-0.000
2025-07-14 15:48:30.295234,3473,126.62336870,45.80104770,-64.689,7.300,42.665,0.173,71.319,-1.103,0.000,1.190,6.070,8.339,4.778,0.000,1.126,8.287,0.000,0.000,1.000,0.000,0.000,1.268,-0.224,0.000,1.000,-0.000
2025-07-14 15:48:30.405336,1983,126.62336720,45.80104780,-63.966,6.573,42.677,0.263,71.202,-1.122,0.000,1.170,5.940,8.289,4.789,0.000,1.130,8.287,0.000,0.000,1.000,0.000,0.000,1.269,-0.224,0.000,1.000,-0.000
2025-07-14 15:48:30.515456,303,126.62336550,45.80104800,-63.136,7.545,42.699,0.244,71.071,-1.145,0.000,1.180,5.880,8.262,4.796,0.000,1.147,8.287,0.000,0.000,1.000,0.000,0.000,1.270,-0.224,0.000,1.000,-0.000
2025-07-14 15:48:30.625672,8713,126.62336390,45.80104820,-62.379,6.882,42.721,0.228,70.947,-1.147,0.000,1.180,5.880,8.193,4.802,0.000,1.164,8.287,0.000,0.000,1.000,0.000,0.000,1.269,-0.227,0.000,1.000,-0.000
2025-07-14 15:48:30.735649,7043,126.62336220,45.80104840,-61.414,8.773,42.743,0.240,70.815,-1.091,0.000,1.180,5.800,8.149,4.804,0.000,1.152,8.287,0.000,0.000,1.000,0.000,0.000,1.271,-0.226,0.000,1.000,-0.000
2025-07-14 15:48:30.845761,5573,126.62336070,45.80104880,-60.709,6.409,42.788,0.291,70.699,-1.044,0.000,1.180,5.800,8.026,4.809,0.000,1.123,8.287,0.000,0.000,1.000,0.000,0.000,1.267,-0.233,0.000,1.000,-0.000
2025-07-14 15:48:30.955867,4030,126.62335910,45.80104930,-59.904,7.318,42.843,0.272,70.574,-1.045,0.000,1.200,5.640,7.997,4.819,0.000,1.094,8.287,0.000,0.000,1.000,0.000,0.000,1.281,-0.228,0.000,1.000,-0.000
2025-07-14 15:48:31.066043,2570,126.62335760,45.80104970,-59.207,6.336,42.888,0.341,70.458,-1.070,0.000,1.150,5.570,7.927,4.837,0.000,1.096,8.287,0.000,0.000,1.000,0.000,0.000,1.279,-0.234,0.000,1.000,-0.000
2025-07-14 15:48:31.176071,1023,126.62335600,45.80105020,-58.433,7.036,42.943,0.321,70.334,-1.064,0.000,1.150,5.570,7.893,4.846,0.000,1.105,8.287,0.000,0.000,1.000,0.000,0.000,1.282,-0.232,0.000,1.000,-0.000
2025-07-14 15:48:31.286177,9653,126.62335460,45.80105050,-57.726,6.369,42.977,0.306,70.226,-1.055,0.000,1.170,5.410,7.832,4.854,0.000,1.111,8.287,0.000,0.000,1.000,0.000,0.000,1.281,-0.235,0.000,1.000,-0.000
2025-07-14 15:48:31.396444,7993,126.62335290,45.80105090,-56.853,7.936,43.021,0.394,70.094,-1.019,0.000,1.170,5.410,7.791,4.864,0.000,1.101,8.287,0.000,0.000,1.000,0.000,0.000,1.283,-0.234,0.000,1.000,-0.000
2025-07-14 15:48:31.506380,6420,126.62335130,45.80105120,-56.003,7.727,43.055,0.375,69.970,-1.028,0.000,1.200,5.240,7.686,4.876,0.000,1.095,8.287,0.000,0.000,1.000,0.000,0.000,1.280,-0.239,0.000,1.000,-0.000
2025-07-14 15:48:31.616490,4950,126.62334980,45.80105150,-55.318,6.227,43.088,0.366,69.854,-1.026,0.000,1.160,5.170,7.581,4.894,0.000,1.092,8.287,0.000,0.000,1.000,0.000,0.000,1.280,-0.238,0.000,1.000,-0.000
2025-07-14 15:48:31.726700,3380,126.62334820,45.80105180,-54.602,6.509,43.121,0.410,69.730,-1.031,0.000,1.160,5.170,7.534,4.906,0.000,1.098,8.287,0.000,0.000,1.000,0.000,0.000,1.287,-0.231,0.000,1.000,-0.000
2025-07-14 15:48:31.836677,2153,126.62334690,45.80105250,-54.020,5.291,43.199,0.421,69.629,-1.050,0.000,1.150,5.040,7.477,4.916,0.000,1.110,8.287,0.000,0.000,1.000,0.000,0.000,1.287,-0.233,0.000,1.000,-0.000
2025-07-14 15:48:31.946819,713,126.62334540,45.80105310,-53.367,5.936,43.266,0.387,69.512,-1.050,0.000,1.150,5.040,7.465,4.923,0.000,1.120,8.287,0.000,0.000,1.000,0.000,0.000,1.290,-0.230,0.000,1.000,-0.000
2025-07-14 15:48:32.056932,9473,126.62334410,45.80105370,-52.751,5.600,43.333,0.508,69.412,-1.045,0.000,1.190,4.830,7.428,4.928,0.000,1.137,8.287,0.000,0.000,1.000,0.000,0.000,1.289,-0.232,0.000,1.000,-0.000
2025-07-14 15:48:32.167038,8023,126.62334260,45.80105430,-51.972,7.082,43.399,0.500,69.295,-1.028,0.000,1.160,4.790,7.395,4.937,0.000,1.141,8.287,0.000,0.000,1.000,0.000,0.000,1.290,-0.232,0.000,1.000,-0.000
2025-07-14 15:48:32.277123,6783,126.62334130,45.80105480,-51.224,6.739,43.455,0.467,69.195,-1.027,0.000,1.160,4.790,7.300,4.941,0.000,1.144,8.287,0.000,0.000,1.000,0.000,0.000,1.288,-0.235,0.000,1.000,-0.000
2025-07-14 15:48:32.387225,5333,126.62333980,45.80105530,-50.382,7.655,43.511,0.492,69.078,-1.027,0.000,1.170,4.740,7.217,4.943,0.000,1.137,8.287,0.000,0.000,1.000,0.000,0.000,1.289,-0.234,0.000,1.000,-0.000
2025-07-14 15:48:32.497330,3983,126.62333840,45.80105580,-49.720,6.018,43.566,0.469,68.970,-1.054,0.000,1.170,4.740,7.095,4.949,0.000,1.140,8.287,0.000,0.000,1.000,0.000,0.000,1.284,-0.239,0.000,1.000,-0.000
2025-07-14 15:48:32.607445,2533,126.62333690,45.80105630,-48.978,6.745,43.622,0.469,68.854,-1.060,0.000,1.190,4.480,7.039,4.954,0.000,1.151,8.287,0.000,0.000,1.000,0.000,0.000,1.294,-0.233,0.000,1.000,-0.000
2025-07-14 15:48:32.717653,1163,126.62333550,45.80105670,-47.899,9.809,43.666,0.463,68.745,-1.047,0.000,1.190,4.350,6.944,4.961,0.000,1.153,8.287,0.000,0.000,1.000,0.000,0.000,1.291,-0.237,0.000,1.000,-0.000
2025-07-14 15:48:32.827650,9843,126.62333410,45.80105740,-47.056,7.664,43.744,0.518,68.636,-0.981,0.000,1.190,4.350,6.717,4.967,0.000,1.138,8.287,0.000,0.000,1.000,0.000,0.000,1.276,-0.246,0.000,1.000,-0.000
2025-07-14 15:48:32.937745,8613,126.62333280,45.80105810,-46.316,6.727,43.822,0.502,68.536,-0.983,0.000,1.190,4.320,6.574,4.976,0.000,1.119,8.287,0.000,0.000,1.000,0.000,0.000,1.298,-0.238,0.000,1.000,-0.000
2025-07-14 15:48:33.047860,7183,126.62333130,45.80105880,-45.481,7.591,43.900,0.539,68.419,-1.020,0.000,1.190,4.320,6.470,4.988,0.000,1.122,8.287,0.000,0.000,1.000,0.000,0.000,1.303,-0.229,0.000,1.000,-0.000
2025-07-14 15:48:33.157958,5943,126.62333000,45.80105940,-44.707,7.036,43.966,0.521,68.319,-1.031,0.000,1.150,4.110,6.333,5.000,0.000,1.138,8.287,0.000,0.000,1.000,0.000,0.000,1.298,-0.235,0.000,1.000,-0.000
2025-07-14 15:48:33.268117,4513,126.62332850,45.80106010,-43.808,8.099,44.044,0.572,68.202,-0.961,0.000,1.170,3.930,6.208,5.002,0.000,1.142,8.287,0.000,0.000,1.000,0.000,0.000,1.301,-0.233,0.000,1.000,-0.000
2025-07-14 15:48:33.378177,3163,126.62332710,45.80106060,-43.052,6.873,44.100,0.557,68.094,-0.975,0.000,1.170,3.930,6.034,5.007,0.000,1.132,8.287,0.000,0.000,1.000,0.000,0.000,1.294,-0.242,0.000,1.000,-0.000
2025-07-14 15:48:33.488391,1723,126.62332560,45.80106120,-42.120,8.473,44.167,0.592,67.978,-0.933,0.000,1.170,3.890,5.907,5.013,0.000,1.115,8.287,0.000,0.000,1.000,0.000,0.000,1.303,-0.235,0.000,1.000,-0.000
2025-07-14 15:48:33.598409,283,126.62332410,45.80106180,-41.145,8.864,44.233,0.586,67.861,-0.934,0.000,1.170,3.890,5.715,5.023,0.000,1.110,8.287,0.000,0.000,1.000,0.000,0.000,1.292,-0.250,0.000,1.000,-0.000
2025-07-14 15:48:33.708497,9043,126.62332280,45.80106240,-40.414,6.645,44.300,0.590,67.760,-0.961,0.000,1.190,3.600,5.504,5.033,0.000,1.112,8.287,0.000,0.000,1.000,0.000,0.000,1.286,-0.254,0.000,1.000,-0.000
2025-07-14 15:48:33.818597,7813,126.62332150,45.80106310,-39.670,6.764,44.378,0.643,67.660,-0.927,0.000,1.170,3.470,5.372,5.046,0.000,1.119,8.287,0.000,0.000,1.000,0.000,0.000,1.307,-0.235,0.000,1.000,-0.000
2025-07-14 15:48:33.928691,6773,126.62332040,45.80106370,-38.974,6.327,44.445,0.622,67.574,-0.932,0.000,1.170,3.470,5.233,5.055,0.000,1.125,8.287,0.000,0.000,1.000,0.000,0.000,1.305,-0.237,0.000,1.000,-0.000
2025-07-14 15:48:34.038819,5553,126.62331910,45.80106450,-38.094,8.000,44.534,0.655,67.474,-0.882,0.000,1.160,3.460,5.111,5.063,0.000,1.116,8.287,0.000,0.000,1.000,0.000,0.000,1.307,-0.236,0.000,1.000,-0.000
2025-07-14 15:48:34.148903,4413,126.62331790,45.80106510,-37.283,7.373,44.600,0.635,67.381,-0.885,0.000,1.160,3.460,4.921,5.070,0.000,1.103,8.287,0.000,0.000,1.000,0.000,0.000,1.296,-0.248,0.000,1.000,-0.000
2025-07-14 15:48:34.259011,3280,126.62331670,45.80106580,-36.342,8.555,44.678,0.689,67.288,-0.844,0.000,1.170,3.260,4.754,5.080,0.000,1.092,8.287,0.000,0.000,1.000,0.000,0.000,1.300,-0.246,0.000,1.000,-0.000
2025-07-14 15:48:34.369110,2130,126.62331550,45.80106630,-35.615,6.550,44.734,0.689,67.195,-0.857,0.000,1.170,3.100,4.531,5.093,0.000,1.093,8.287,0.000,0.000,1.000,0.000,0.000,1.289,-0.258,0.000,1.000,-0.000
2025-07-14 15:48:34.479227,903,126.62331420,45.80106700,-34.911,6.400,44.812,0.727,67.094,-0.876,0.000,1.170,3.100,4.382,5.107,0.000,1.109,8.287,0.000,0.000,1.000,0.000,0.000,1.309,-0.244,0.000,1.000,-0.000
2025-07-14 15:48:34.599006,9763,126.62331300,45.80106760,-34.317,4.992,44.878,0.701,67.001,-0.866,0.000,1.150,3.070,4.241,5.117,0.000,1.117,8.602,0.000,0.000,1.000,0.000,0.000,1.309,-0.244,0.000,1.000,-0.000
2025-07-14 15:48:34.709090,8533,126.62331170,45.80106830,-33.548,6.928,44.956,0.669,66.900,-0.855,0.000,1.150,3.070,4.158,5.123,0.000,1.113,8.602,0.000,0.000,1.000,0.000,0.000,1.318,-0.234,0.000,1.000,-0.000
2025-07-14 15:48:34.829200,7323,126.62331040,45.80106920,-32.789,6.325,45.056,0.775,66.799,-0.845,0.000,1.190,2.950,3.997,5.129,0.000,1.115,8.602,0.000,0.000,1.000,0.000,0.000,1.309,-0.248,0.000,1.000,-0.000
2025-07-14 15:48:34.949310,6233,126.62330920,45.80107030,-32.137,5.433,45.178,0.776,66.706,-0.870,0.000,1.170,2.890,3.853,5.142,0.000,1.133,8.602,0.000,0.000,1.000,0.000,0.000,1.312,-0.247,0.000,1.000,-0.000
2025-07-14 15:48:35.069423,5123,126.62330800,45.80107130,-31.559,4.817,45.290,0.814,66.613,-0.821,0.000,1.170,2.890,3.744,5.148,0.000,1.156,4.865,0.000,0.000,1.000,0.000,0.000,1.318,-0.241,0.000,1.000,-0.000
2025-07-14 15:48:35.189606,3843,126.62330660,45.80107240,-30.906,5.442,45.412,0.815,66.505,-0.835,0.000,1.160,2.830,3.662,5.151,0.000,1.163,4.865,0.000,0.000,1.000,0.000,0.000,1.321,-0.237,0.000,1.000,-0.000
2025-07-14 15:48:35.309654,2643,126.62330530,45.80107340,-30.378,4.400,45.523,0.837,66.404,-0.782,0.000,1.160,2.830,3.552,5.150,0.000,1.156,4.865,0.000,0.000,1.000,0.000,0.000,1.318,-0.241,0.000,1.000,-0.000
2025-07-14 15:48:35.429775,1433,126.62330400,45.80107430,-29.905,3.942,45.623,0.790,66.303,-0.756,0.000,1.180,2.730,3.484,5.151,0.000,1.135,4.865,0.000,0.000,1.000,0.000,0.000,1.323,-0.237,0.000,1.000,-0.000
2025-07-14 15:48:35.549862,233,126.62330270,45.80107530,-29.496,3.408,45.734,0.781,66.202,-0.764,0.000,1.160,2.740,3.432,5.158,0.000,1.110,4.865,0.000,0.000,1.000,0.000,0.000,1.324,-0.235,0.000,1.000,0.000
2025-07-14 15:48:35.670005,9020,126.62330140,45.80107620,-29.087,3.408,45.835,0.781,66.102,-0.759,0.000,1.160,2.740,3.403,5.167,0.000,1.092,4.865,0.000,0.000,1.000,0.000,0.000,1.325,-0.233,0.000,1.000,-0.000
2025-07-14 15:48:35.790123,7620,126.62329990,45.80107720,-28.595,4.066,45.946,0.766,65.985,-0.748,0.000,1.160,2.700,3.374,5.179,0.000,1.084,4.865,0.000,0.000,1.000,0.000,0.000,1.325,-0.233,0.000,1.000,-0.000
2025-07-14 15:48:35.910308,6820,126.62329900,45.80107820,-28.056,4.492,46.057,0.836,65.916,-0.713,0.000,1.160,2.700,3.318,5.192,0.000,1.086,4.865,0.000,0.000,1.000,0.000,0.000,1.324,-0.234,0.000,1.000,-0.000
2025-07-14 15:48:36.020416,6030,126.62329810,45.80107930,-27.598,4.164,46.179,0.889,65.846,-0.695,0.000,1.160,2.710,3.243,5.204,0.000,1.099,4.865,0.000,0.000,1.000,0.000,0.000,1.323,-0.235,0.000,1.000,-0.000
2025-07-14 15:48:36.130455,5233,126.62329720,45.80108030,-27.343,2.318,46.290,0.901,65.776,-0.713,0.000,1.160,2.710,3.181,5.215,0.000,1.125,4.865,0.000,0.000,1.000,0.000,0.000,1.324,-0.234,0.000,1.000,-0.000
2025-07-14 15:48:36.240550,4433,126.62329630,45.80108130,-27.231,1.018,46.402,0.944,65.706,-0.660,0.000,1.180,2.770,3.194,5.221,0.000,1.143,4.865,0.000,0.000,1.000,0.000,0.000,1.329,-0.228,0.000,1.000,-0.000
2025-07-14 15:48:36.350655,3633,126.62329540,45.80108230,-27.041,1.727,46.513,0.927,65.636,-0.655,0.000,1.180,2.770,3.266,5.227,0.000,1.145,4.865,0.000,0.000,1.000,0.000,0.000,1.328,-0.224,0.000,1.000,-0.000
2025-07-14 15:48:36.460758,2823,126.62329450,45.80108320,-26.820,2.009,46.613,0.928,65.567,-0.679,0.000,1.200,2.860,3.311,5.233,0.000,1.146,4.865,0.000,0.000,1.000,0.000,0.000,1.331,-0.223,0.000,1.000,-0.000
2025-07-14 15:48:36.570853,2023,126.62329360,45.80108420,-26.545,2.500,46.724,0.929,65.497,-0.683,0.000,1.200,2.860,3.347,5.242,0.000,1.146,4.865,0.000,0.000,1.000,0.000,0.000,1.331,-0.222,0.000,1.000,-0.000
2025-07-14 15:48:36.680973,1213,126.62329270,45.80108510,-26.259,2.600,46.824,0.904,65.427,-0.674,0.000,1.190,2.820,3.363,5.252,0.000,1.144,4.865,0.000,0.000,1.000,0.000,0.000,1.332,-0.221,0.000,1.000,-0.000
2025-07-14 15:48:36.791078,513,126.62329190,45.80108610,-25.822,3.973,46.935,0.920,65.365,-0.625,0.000,1.190,2.820,3.373,5.259,0.000,1.131,4.865,0.000,0.000,1.000,0.000,0.000,1.332,-0.221,0.000,1.000,-0.000
2025-07-14 15:48:36.901173,3,126.62329130,45.80108700,-25.418,3.640,47.035,0.904,65.319,-0.616,0.000,1.200,2.910,3.326,5.270,0.000,1.111,4.865,0.000,0.000,1.000,0.000,0.000,1.333,-0.220,0.000,1.000,-0.000
2025-07-14 15:48:37.011376,9313,126.62329050,45.80108810,-25.011,3.700,47.158,1.016,65.257,-0.644,0.000,1.200,2.910,3.295,5.285,0.000,1.136,4.865,0.000,0.000,1.000,0.000,0.000,1.333,-0.220,0.000,1.000,-0.000
2025-07-14 15:48:37.121389,8703,126.62328980,45.80108900,-24.727,2.582,47.258,1.042,65.202,-0.641,0.000,1.190,3.000,3.262,5.296,0.000,1.173,4.865,0.000,0.000,1.000,0.000,0.000,1.333,-0.220,0.000,1.000,-0.000
2025-07-14 15:48:37.231492,8116,126.62328910,45.80109010,-24.431,2.691,47.380,1.047,65.148,-0.626,0.000,1.190,3.000,3.277,5.299,0.000,1.215,4.865,0.000,0.000,1.000,0.000,0.000,1.335,-0.219,0.000,1.000,-0.000
2025-07-14 15:48:37.341597,7506,126.62328840,45.80109100,-24.153,2.527,47.480,1.028,65.094,-0.638,0.000,1.160,2.940,3.291,5.294,0.000,1.218,4.865,0.000,0.000,1.000,0.000,0.000,1.335,-0.219,0.000,1.000,0.000
2025-07-14 15:48:37.451693,6716,126.62328750,45.80109210,-23.904,2.264,47.603,0.985,65.024,-0.660,0.000,1.170,2.980,3.308,5.284,0.000,1.205,4.865,0.000,0.000,1.000,0.000,0.000,1.335,-0.219,0.000,1.000,0.000
2025-07-14 15:48:37.561791,6003,126.62328670,45.80109300,-23.718,1.691,47.703,0.984,64.962,-0.671,0.000,1.170,2.980,3.338,5.278,0.000,1.196,4.865,0.000,0.000,1.000,0.000,0.000,1.335,-0.219,0.000,1.000,0.000
2025-07-14 15:48:37.672021,5203,126.62328580,45.80109400,-23.432,2.600,47.814,0.999,64.892,-0.652,0.000,1.170,2.990,3.391,5.274,0.000,1.190,4.865,0.000,0.000,1.000,0.000,0.000,1.334,-0.220,0.000,1.000,0.000
2025-07-14 15:48:37.782018,4513,126.62328500,45.80109510,-23.096,3.055,47.936,0.973,64.830,-0.616,0.000,1.160,3.060,3.409,5.271,0.000,1.179,4.865,0.000,0.000,1.000,0.000,0.000,1.336,-0.218,0.000,1.000,0.000
2025-07-14 15:48:37.892113,3813,126.62328420,45.80109610,-22.789,2.766,48.047,0.954,64.768,-0.610,0.000,1.160,3.060,3.410,5.267,0.000,1.159,4.865,0.000,0.000,1.000,0.000,0.000,1.336,-0.217,0.000,1.000,0.000
2025-07-14 15:48:38.002235,3133,126.62328340,45.80109730,-22.437,3.200,48.181,1.010,64.706,-0.635,0.000,1.150,3.090,3.422,5.268,0.000,1.159,4.865,0.000,0.000,1.000,0.000,0.000,1.336,-0.218,0.000,1.000,0.000
2025-07-14 15:48:38.112414,2433,126.62328260,45.80109830,-22.153,2.582,48.292,1.009,64.644,-0.644,0.000,1.150,3.090,3.418,5.266,0.000,1.174,4.865,0.000,0.000,1.000,0.000,0.000,1.337,-0.218,0.000,1.000,0.000
2025-07-14 15:48:38.222441,1643,126.62328170,45.80109940,-21.819,3.036,48.414,1.043,64.574,-0.611,0.000,1.130,3.150,3.438,5.262,0.000,1.200,4.865,0.000,0.000,1.000,0.000,0.000,1.337,-0.218,0.000,1.000,0.000
2025-07-14 15:48:38.332538,946,126.62328090,45.80110040,-21.555,2.400,48.525,1.056,64.512,-0.617,0.000,1.130,3.150,3.444,5.250,0.000,1.210,4.865,0.000,0.000,1.000,0.000,0.000,1.337,-0.218,0.000,1.000,0.000
2025-07-14 15:48:38.442643,156,126.62328000,45.80110150,-21.259,2.691,48.648,1.009,64.443,-0.609,0.000,1.110,3.200,3.474,5.236,0.000,1.203,4.865,0.000,0.000,1.000,0.000,0.000,1.337,-0.219,0.000,1.000,0.000
2025-07-14 15:48:38.552726,9453,126.62327920,45.80110250,-20.925,3.036,48.759,1.006,64.381,-0.622,0.000,1.150,3.640,3.496,5.220,0.000,1.195,4.865,0.000,0.000,1.000,0.000,0.000,1.337,-0.219,0.000,1.000,0.000
2025-07-14 15:48:38.662854,8663,126.62327830,45.80110360,-20.527,3.618,48.881,0.999,64.311,-0.630,0.000,1.160,3.900,3.521,5.213,0.000,1.181,4.865,0.000,0.000,1.000,0.000,0.000,1.338,-0.218,0.000,1.000,-0.000
2025-07-14 15:48:38.772965,7963,126.62327750,45.80110460,-20.913,-3.509,48.992,1.019,64.249,-0.561,0.000,1.150,3.990,3.534,5.209,0.000,1.176,4.865,0.000,0.000,1.000,0.000,0.000,1.338,-0.217,0.000,1.000,0.000
2025-07-14 15:48:38.883076,7273,126.62327670,45.80110570,-20.661,2.291,49.115,0.992,64.187,-0.503,0.000,1.150,3.990,3.839,5.205,0.000,1.152,4.865,0.000,0.000,1.000,0.000,0.000,1.334,-0.226,0.000,1.000,0.000
2025-07-14 15:48:38.993166,6673,126.62327600,45.80110670,-20.407,2.288,49.226,1.046,64.133,-0.519,0.000,1.200,4.740,3.919,5.204,0.000,1.148,4.865,0.000,0.000,1.000,0.000,0.000,1.416,-0.223,0.000,1.000,0.000
2025-07-14 15:48:39.103260,6073,126.62327530,45.80110770,-20.022,3.500,49.337,1.035,64.078,-0.527,0.000,1.200,4.740,4.021,5.213,0.000,1.147,4.865,0.000,0.000,1.000,0.000,0.000,1.416,-0.224,0.000,1.000,0.000
2025-07-14 15:48:39.213459,5473,126.62327460,45.80110870,-19.716,2.782,49.448,1.052,64.024,-0.569,0.000,1.180,4.900,4.074,5.222,0.000,1.175,4.865,0.000,0.000,1.000,0.000,0.000,1.421,-0.220,0.000,1.000,0.000
2025-07-14 15:48:39.323492,4773,126.62327380,45.80110970,-19.339,3.427,49.560,1.046,63.962,-0.572,0.000,1.180,4.900,4.162,5.223,0.000,1.183,4.865,0.000,0.000,1.000,0.000,0.000,1.419,-0.224,0.000,1.000,0.000
2025-07-14 15:48:39.433600,4163,126.62327310,45.80111060,-18.980,3.264,49.660,0.979,63.908,-0.509,0.000,1.200,5.590,4.225,5.223,0.000,1.164,4.865,0.000,0.000,1.000,0.000,0.000,1.422,-0.222,0.000,1.000,0.000
2025-07-14 15:48:39.543674,3473,126.62327230,45.80111170,-18.570,3.727,49.782,0.994,63.846,-0.509,0.000,1.180,5.580,4.321,5.229,0.000,1.137,4.865,0.000,0.000,1.000,0.000,0.000,1.421,-0.223,0.000,1.000,0.000
2025-07-14 15:48:39.653791,2863,126.62327160,45.80111260,-18.295,2.500,49.882,1.012,63.791,-0.517,0.000,1.180,5.580,4.399,5.236,0.000,1.119,4.865,0.000,0.000,1.000,0.000,0.000,1.423,-0.222,0.000,1.000,0.000
2025-07-14 15:48:39.763902,2173,126.62327080,45.80111370,-17.982,2.845,50.004,0.992,63.729,-0.536,0.000,1.180,5.830,4.526,5.247,0.000,1.127,4.865,0.000,0.000,1.000,0.000,0.000,1.417,-0.228,0.000,1.000,0.000
2025-07-14 15:48:39.874008,1473,126.62327000,45.80111470,-17.593,3.536,50.116,1.004,63.667,-0.473,0.000,1.180,5.830,4.651,5.256,0.000,1.125,4.865,0.000,0.000,1.000,0.000,0.000,1.419,-0.228,0.000,1.000,0.000
2025-07-14 15:48:39.984115,963,126.62326940,45.80111560,-17.135,4.126,50.216,0.996,63.621,-0.481,0.000,1.190,6.030,4.749,5.265,0.000,1.114,4.865,0.000,0.000,1.000,0.000,0.000,1.422,-0.224,0.000,1.000,0.000
2025-07-14 15:48:40.094216,273,126.62326860,45.80111670,-16.642,4.482,50.338,1.054,63.559,-0.549,0.000,1.190,6.030,4.829,5.278,0.000,1.135,5.023,0.000,0.000,1.000,0.000,0.000,1.424,-0.221,0.000,1.000,-0.000
2025-07-14 15:48:40.204328,9663,126.62326790,45.80111760,-16.336,2.782,50.438,1.041,63.505,-0.525,0.000,1.180,6.140,4.894,5.288,0.000,1.153,5.023,0.000,0.000,1.000,0.000,0.000,1.425,-0.220,0.000,1.000,-0.000
2025-07-14 15:48:40.314512,8973,126.62326710,45.80111870,-16.073,2.391,50.560,1.013,63.443,-0.528,0.000,1.180,6.140,5.032,5.292,0.000,1.166,5.023,0.000,0.000,1.000,0.000,0.000,1.420,-0.227,0.000,1.000,0.000
2025-07-14 15:48:40.424541,8463,126.62326650,45.80111960,-15.828,2.227,50.660,1.043,63.396,-0.512,0.000,1.160,6.230,5.189,5.295,0.000,1.157,5.023,0.000,0.000,1.000,0.000,0.000,1.416,-0.229,0.000,1.000,0.000
2025-07-14 15:48:40.534646,7763,126.62326570,45.80112060,-15.480,3.164,50.772,1.032,63.334,-0.518,0.000,1.160,6.230,5.356,5.295,0.000,1.153,4.865,0.000,0.000,1.000,0.000,0.000,1.413,-0.231,0.000,1.000,0.000
2025-07-14 15:48:40.644754,7153,126.62326500,45.80112150,-15.156,2.945,50.872,1.021,63.280,-0.522,0.000,1.150,6.280,5.486,5.296,0.000,1.154,4.865,0.000,0.000,1.000,0.000,0.000,1.419,-0.226,0.000,1.000,0.000
2025-07-14 15:48:40.754848,6553,126.62326430,45.80112250,-14.690,4.236,50.983,1.026,63.226,-0.393,0.000,1.160,6.530,5.626,5.296,0.000,1.133,4.865,0.000,0.000,1.000,0.000,0.000,1.417,-0.229,0.000,1.000,0.000
2025-07-14 15:48:40.864951,6253,126.62326390,45.80112350,-14.325,3.318,51.094,1.006,63.195,-0.385,0.000,1.160,6.530,5.723,5.300,0.000,1.108,4.865,0.000,0.000,1.000,0.000,0.000,1.424,-0.221,0.000,1.000,0.000
2025-07-14 15:48:40.975069,5860,126.62326340,45.80112460,-13.959,3.327,51.216,1.017,63.156,-0.371,0.000,1.150,6.560,5.857,5.309,0.000,1.086,4.865,0.000,0.000,1.000,0.000,0.000,1.419,-0.229,0.000,1.000,0.000
2025-07-14 15:48:41.085168,5563,126.62326300,45.80112560,-13.682,2.495,51.328,1.078,63.125,-0.405,0.000,1.150,6.560,5.992,5.320,0.000,1.104,4.865,0.000,0.000,1.000,0.000,0.000,1.418,-0.229,0.000,1.000,-0.000
2025-07-14 15:48:41.195266,5173,126.62326250,45.80112670,-13.368,2.855,51.450,1.055,63.086,-0.444,0.000,1.180,6.740,6.162,5.328,0.000,1.126,4.865,0.000,0.000,1.000,0.000,0.000,1.412,-0.236,0.000,1.000,0.000
2025-07-14 15:48:41.305354,4873,126.62326210,45.80112770,-13.074,2.673,51.561,1.035,63.055,-0.451,0.000,1.180,6.740,6.325,5.337,0.000,1.142,4.865,0.000,0.000,1.000,0.000,0.000,1.413,-0.235,0.000,1.000,0.000
2025-07-14 15:48:41.415484,4383,126.62326150,45.80112880,-12.721,3.209,51.683,1.098,63.008,-0.445,0.000,1.190,6.730,6.496,5.344,0.000,1.153,4.865,0.000,0.000,1.000,0.000,0.000,1.410,-0.238,0.000,1.000,0.000
2025-07-14 15:48:41.525587,3983,126.62326100,45.80112980,-12.419,2.745,51.795,1.116,62.970,-0.441,0.000,1.190,6.730,6.645,5.350,0.000,1.171,4.865,0.000,0.000,1.000,0.000,0.000,1.413,-0.235,0.000,1.000,0.000
2025-07-14 15:48:41.635695,3586,126.62326050,45.80113090,-12.085,3.036,51.917,1.139,62.931,-0.434,0.000,1.180,6.750,6.812,5.353,0.000,1.201,4.865,0.000,0.000,1.000,0.000,0.000,1.408,-0.241,0.000,1.000,0.000
2025-07-14 15:48:41.745787,3193,126.62326000,45.80113190,-11.790,2.682,52.028,1.103,62.892,-0.389,0.000,1.150,6.810,6.968,5.350,0.000,1.196,4.865,0.000,0.000,1.000,0.000,0.000,1.409,-0.240,0.000,1.000,0.000
2025-07-14 15:48:41.855899,2713,126.62325940,45.80113310,-11.443,3.155,52.162,1.048,62.846,-0.411,0.000,1.150,6.810,7.141,5.342,0.000,1.171,4.865,0.000,0.000,1.000,0.000,0.000,1.405,-0.244,0.000,1.000,0.000
2025-07-14 15:48:41.966002,2233,126.62325880,45.80113430,-11.017,3.873,52.295,1.015,62.799,-0.417,0.000,1.170,6.840,7.296,5.338,0.000,1.131,4.865,0.000,0.000,1.000,0.000,0.000,1.407,-0.242,0.000,1.000,0.000
2025-07-14 15:48:42.076150,1733,126.62325820,45.80113530,-10.610,3.667,52.406,1.098,62.753,-0.392,0.000,1.170,6.840,7.422,5.345,0.000,1.130,4.865,0.000,0.000,1.000,0.000,0.000,1.411,-0.238,0.000,1.000,0.000
2025-07-14 15:48:42.186227,1253,126.62325760,45.80113650,-10.181,3.900,52.540,1.069,62.706,-0.367,0.000,1.200,6.980,7.555,5.352,0.000,1.131,4.865,0.000,0.000,1.000,0.000,0.000,1.409,-0.240,0.000,1.000,0.000
2025-07-14 15:48:42.296309,853,126.62325710,45.80113750,-9.856,2.955,52.651,1.071,62.667,-0.371,0.000,1.200,6.980,7.685,5.364,0.000,1.143,4.865,0.000,0.000,1.000,0.000,0.000,1.409,-0.240,0.000,1.000,0.000
2025-07-14 15:48:42.406435,373,126.62325650,45.80113870,-9.447,3.718,52.784,1.066,62.621,-0.340,0.000,1.180,6.970,7.853,5.373,0.000,1.128,4.865,0.000,0.000,1.000,0.000,0.000,1.402,-0.247,0.000,1.000,0.000
2025-07-14 15:48:42.516606,9973,126.62325600,45.80113970,-9.099,3.164,52.895,1.070,62.582,-0.348,0.000,1.180,6.970,7.991,5.382,0.000,1.126,4.865,0.000,0.000,1.000,0.000,0.000,1.407,-0.244,0.000,1.000,0.000
2025-07-14 15:48:42.626650,9483,126.62325540,45.80114080,-8.619,4.364,53.018,1.049,62.536,-0.339,0.000,1.180,6.900,8.150,5.392,0.000,1.115,9.076,0.000,0.000,1.000,0.000,0.000,1.402,-0.249,0.000,1.000,0.000
2025-07-14 15:48:42.736733,9093,126.62325490,45.80114190,-8.265,3.218,53.140,1.116,62.497,-0.322,0.000,1.180,6.900,8.259,5.403,0.000,1.130,9.076,0.000,0.000,1.000,0.000,0.000,1.410,-0.243,0.000,1.000,0.000
2025-07-14 15:48:42.846854,8803,126.62325450,45.80114300,-7.611,5.945,53.262,1.078,62.466,-0.344,0.000,1.180,7.020,8.412,5.411,0.000,1.132,9.076,0.000,0.000,1.000,0.000,0.000,1.403,-0.253,0.000,1.000,0.000
2025-07-14 15:48:42.957083,8513,126.62325410,45.80114410,-6.906,6.409,53.385,1.063,62.435,-0.351,0.000,1.180,7.020,8.462,5.420,0.000,1.138,9.076,0.000,0.000,1.000,0.000,0.000,1.423,-0.239,0.000,1.000,0.000
2025-07-14 15:48:43.067048,8123,126.62325360,45.80114520,-6.064,7.655,53.507,1.029,62.396,-0.372,0.000,1.170,7.260,8.488,5.427,0.000,1.115,9.918,0.000,0.000,1.000,0.000,0.000,1.424,-0.235,0.000,1.000,0.000
2025-07-14 15:48:43.177152,7720,126.62325310,45.80114620,-5.299,6.892,53.618,1.017,62.357,-0.381,0.000,1.170,7.260,8.473,5.436,0.000,1.100,9.918,0.000,0.000,1.000,0.000,0.000,1.425,-0.232,0.000,1.000,-0.000
2025-07-14 15:48:43.287258,7320,126.62325260,45.80114730,-4.403,8.145,53.741,1.009,62.319,-0.277,0.000,1.180,7.240,8.488,5.448,0.000,1.076,9.918,0.000,0.000,1.000,0.000,0.000,1.426,-0.233,0.000,1.000,-0.000
2025-07-14 15:48:43.397363,7030,126.62325220,45.80114830,-3.607,7.236,53.852,1.012,62.288,-0.293,0.000,1.170,7.150,8.452,5.466,0.000,1.062,9.918,0.000,0.000,1.000,0.000,0.000,1.427,-0.234,0.000,1.000,-0.000
2025-07-14 15:48:43.507548,6630,126.62325170,45.80114930,-2.645,8.745,53.963,1.025,62.249,-0.286,0.000,1.170,7.150,8.447,5.485,0.000,1.055,9.918,0.000,0.000,1.000,0.000,0.000,1.428,-0.235,0.000,1.000,-0.000
2025-07-14 15:48:43.617575,6330,126.62325130,45.80115030,-1.814,7.555,54.074,1.035,62.218,-0.293,0.000,1.150,7.090,8.382,5.504,0.000,1.064,9.918,0.000,0.000,1.000,0.000,0.000,1.428,-0.238,0.000,1.000,-0.000
2025-07-14 15:48:43.727681,5940,126.62325080,45.80115140,-0.886,8.436,54.196,1.064,62.179,-0.357,0.000,1.150,7.090,8.361,5.519,0.000,1.087,9.918,0.000,0.000,1.000,0.000,0.000,1.432,-0.237,0.000,1.000,-0.000
2025-07-14 15:48:43.837790,5540,126.62325030,45.80115240,-0.149,6.700,54.308,1.063,62.140,-0.272,0.000,1.160,7.040,8.306,5.530,0.000,1.098,9.918,0.000,0.000,1.000,0.000,0.000,1.431,-0.240,0.000,1.000,-0.000
2025-07-14 15:48:43.957896,5150,126.62324980,45.80115350,0.754,7.525,54.430,1.035,62.102,-0.301,0.000,1.160,6.850,8.318,5.540,0.000,1.099,9.918,0.000,0.000,1.000,0.000,0.000,1.435,-0.239,0.000,1.000,-0.000
2025-07-14 15:48:44.068014,4650,126.62324920,45.80115460,1.737,8.936,54.552,1.080,62.055,-0.218,0.000,1.160,6.850,8.291,5.551,0.000,1.092,9.918,0.000,0.000,1.000,0.000,0.000,1.436,-0.241,0.000,1.000,-0.000
2025-07-14 15:48:44.178117,4273,126.62324870,45.80115570,2.735,8.991,54.675,1.102,62.016,-0.226,0.000,1.190,6.840,8.206,5.562,0.000,1.102,9.918,0.000,0.000,1.000,0.000,0.000,1.434,-0.240,0.000,1.000,-0.000
2025-07-14 15:48:44.288296,3973,126.62324830,45.80115670,3.518,7.118,54.786,1.071,61.985,-0.160,0.000,1.190,6.840,8.116,5.578,0.000,1.103,9.918,0.000,0.000,1.000,0.000,0.000,1.433,-0.240,0.000,1.000,-0.000
2025-07-14 15:48:44.398299,3593,126.62324780,45.80115790,4.416,8.164,54.919,1.087,61.946,-0.171,0.000,1.200,6.720,8.101,5.593,0.000,1.103,9.918,0.000,0.000,1.000,0.000,0.000,1.441,-0.233,0.000,1.000,-0.000
2025-07-14 15:48:44.508542,3290,126.62324740,45.80115890,5.289,7.936,55.030,1.070,61.915,-0.187,0.000,1.150,6.590,8.042,5.609,0.000,1.090,9.918,0.000,0.000,1.000,0.000,0.000,1.440,-0.237,0.000,1.000,-0.000
2025-07-14 15:48:44.618531,2800,126.62324680,45.80116000,6.276,8.973,55.153,1.070,61.869,-0.213,0.000,1.150,6.590,7.986,5.620,0.000,1.093,9.918,0.000,0.000,1.000,0.000,0.000,1.441,-0.237,0.000,1.000,-0.000
2025-07-14 15:48:44.728639,2490,126.62324640,45.80116090,7.145,7.900,55.253,1.063,61.838,-0.137,0.000,1.150,6.520,7.888,5.629,0.000,1.083,9.918,0.000,0.000,1.000,0.000,0.000,1.438,-0.240,0.000,1.000,-0.000
2025-07-14 15:48:44.838735,2610,126.62324640,45.80116210,8.135,9.000,55.386,1.081,61.838,-0.095,0.000,1.150,6.520,7.828,5.641,0.000,1.083,9.918,0.000,0.000,1.000,0.000,0.000,1.442,-0.238,0.000,1.000,-0.000
2025-07-14 15:48:44.948840,2800,126.62324650,45.80116310,9.055,8.364,55.497,1.085,61.846,-0.108,0.000,1.190,6.440,7.726,5.652,0.000,1.082,9.918,0.000,0.000,1.000,0.000,0.000,1.439,-0.243,0.000,1.000,-0.000
2025-07-14 15:48:45.059025,2920,126.62324650,45.80116420,10.087,9.382,55.620,1.048,61.846,-0.077,0.000,1.180,6.300,7.644,5.671,0.000,1.075,9.918,0.000,0.000,1.000,0.000,0.000,1.441,-0.242,0.000,1.000,-0.000
2025-07-14 15:48:45.169058,3020,126.62324650,45.80116520,10.955,7.891,55.731,1.049,61.846,-0.089,0.000,1.180,6.300,7.517,5.689,0.000,1.065,9.918,0.000,0.000,1.000,0.000,0.000,1.437,-0.248,0.000,1.000,-0.000
2025-07-14 15:48:45.279162,3140,126.62324650,45.80116640,11.944,8.910,55.864,1.076,61.846,-0.025,0.000,1.180,6.200,7.448,5.709,0.000,1.060,9.918,0.000,0.000,1.000,0.000,0.000,1.445,-0.242,0.000,1.000,-0.000
2025-07-14 15:48:45.399271,3150,126.62324640,45.80116750,12.999,8.792,55.987,1.077,61.838,-0.014,0.000,1.180,6.200,7.336,5.729,0.000,1.069,9.918,0.000,0.000,1.000,0.000,0.000,1.441,-0.249,0.000,1.000,-0.000
2025-07-14 15:48:45.519475,3250,126.62324640,45.80116860,14.145,9.550,56.109,1.075,61.838,-0.034,0.000,1.180,5.980,7.227,5.748,0.000,1.076,9.918,0.000,0.000,1.000,0.000,0.000,1.441,-0.249,0.000,1.000,-0.000
2025-07-14 15:48:45.639503,3270,126.62324630,45.80116980,15.230,9.042,56.242,1.118,61.830,-0.058,0.000,1.160,5.810,7.079,5.766,0.000,1.091,9.497,0.000,0.000,1.000,0.000,0.000,1.437,-0.254,0.000,1.000,-0.000
2025-07-14 15:48:45.759630,3290,126.62324620,45.80117100,16.221,8.258,56.376,1.099,61.822,-0.038,0.000,1.160,5.810,6.942,5.778,0.000,1.098,9.497,0.000,0.000,1.000,0.000,0.000,1.439,-0.252,0.000,1.000,-0.000
2025-07-14 15:48:45.879742,3610,126.62324640,45.80117210,17.133,7.600,56.498,1.059,61.838,0.059,0.000,1.170,5.790,6.838,5.788,0.000,1.093,9.497,0.000,0.000,1.000,0.000,0.000,1.443,-0.248,0.000,1.000,-0.000
2025-07-14 15:48:46.000467,4040,126.62324670,45.80117340,18.140,8.322,56.643,1.091,61.861,0.087,0.000,1.190,5.640,6.761,5.802,0.000,1.085,9.497,0.000,0.000,1.000,0.000,0.000,1.446,-0.244,0.000,1.000,-0.000
2025-07-14 15:48:46.120473,4260,126.62324680,45.80117460,19.064,7.700,56.776,1.102,61.869,0.076,0.000,1.190,5.640,6.650,5.820,0.000,1.087,9.287,0.000,0.000,1.000,0.000,0.000,1.443,-0.248,0.000,1.000,-0.000
2025-07-14 15:48:46.240526,4570,126.62324700,45.80117570,19.963,7.492,56.898,1.091,61.884,0.145,0.000,1.200,5.560,6.563,5.837,0.000,1.100,9.287,0.000,0.000,1.000,0.000,0.000,1.446,-0.247,0.000,1.000,-0.000
2025-07-14 15:48:46.360656,4793,126.62324710,45.80117690,20.784,6.842,57.032,1.112,61.892,0.133,0.000,1.190,5.500,6.482,5.854,0.000,1.108,9.287,0.000,0.000,1.000,0.000,0.000,1.446,-0.246,0.000,1.000,-0.000
2025-07-14 15:48:46.480765,5110,126.62324730,45.80117810,21.566,6.517,57.165,1.048,61.908,0.179,0.000,1.190,5.500,6.424,5.868,0.000,1.095,9.287,0.000,0.000,1.000,0.000,0.000,1.448,-0.244,0.000,1.000,-0.000
2025-07-14 15:48:46.590875,5340,126.62324740,45.80117940,22.495,8.445,57.310,1.036,61.915,0.155,0.000,1.190,5.420,6.381,5.885,0.000,1.077,9.287,0.000,0.000,1.000,0.000,0.000,1.449,-0.242,0.000,1.000,-0.000
2025-07-14 15:48:46.700978,5540,126.62324750,45.80118040,23.204,6.445,57.421,1.036,61.923,0.146,0.000,1.190,5.420,6.258,5.904,0.000,1.052,9.287,0.000,0.000,1.000,0.000,0.000,1.445,-0.248,0.000,1.000,-0.000
2025-07-14 15:48:46.811167,6150,126.62324800,45.80118150,24.031,7.450,57.543,1.094,61.962,0.246,0.000,1.150,5.190,6.212,5.928,0.000,1.072,9.287,0.000,0.000,1.000,0.000,0.000,1.456,-0.244,0.000,1.000,-0.000
2025-07-14 15:48:46.921282,6853,126.62324860,45.80118250,24.727,6.327,57.655,1.110,62.008,0.231,0.000,1.150,5.190,6.119,5.941,0.000,1.100,9.287,0.000,0.000,1.000,0.000,0.000,1.454,-0.251,0.000,1.000,-0.000
2025-07-14 15:48:47.031324,7473,126.62324910,45.80118370,25.552,7.500,57.788,1.046,62.047,0.267,0.000,1.200,5.120,6.069,5.950,0.000,1.112,9.287,0.000,0.000,1.000,0.000,0.000,1.458,-0.248,0.000,1.000,-0.000
2025-07-14 15:48:47.141397,8070,126.62324960,45.80118470,26.366,7.400,57.899,1.042,62.086,0.242,0.000,1.200,5.120,5.972,5.965,0.000,1.094,9.287,0.000,0.000,1.000,0.000,0.000,1.455,-0.254,0.000,1.000,-0.000
2025-07-14 15:48:47.251508,8680,126.62325010,45.80118580,27.317,8.645,58.022,1.060,62.125,0.309,0.000,1.150,4.940,5.876,5.983,0.000,1.084,9.287,0.000,0.000,1.000,0.000,0.000,1.455,-0.254,0.000,1.000,-0.000
2025-07-14 15:48:47.361612,9280,126.62325060,45.80118680,28.091,7.036,58.133,1.072,62.164,0.299,0.000,1.150,4.940,5.723,5.994,0.000,1.096,9.287,0.000,0.000,1.000,0.000,0.000,1.449,-0.261,0.000,1.000,-0.000
2025-07-14 15:48:47.471758,9803,126.62325100,45.80118800,28.890,7.264,58.266,1.046,62.195,0.319,0.000,1.150,4.830,5.632,6.004,0.000,1.104,9.287,0.000,0.000,1.000,0.000,0.000,1.459,-0.254,0.000,1.000,-0.000
2025-07-14 15:48:47.581835,400,126.62325150,45.80118900,29.615,6.591,58.377,1.034,62.233,0.306,0.000,1.190,4.700,5.531,6.012,0.000,1.095,9.287,0.000,0.000,1.000,0.000,0.000,1.458,-0.256,0.000,1.000,-0.000
2025-07-14 15:48:47.691911,910,126.62325190,45.80119010,30.891,11.600,58.500,1.041,62.264,0.291,0.000,1.190,4.700,5.450,6.028,0.000,1.084,9.287,0.000,0.000,1.000,0.000,0.000,1.461,-0.254,0.000,1.000,-0.000
2025-07-14 15:48:47.802033,1600,126.62325250,45.80119110,31.724,7.573,58.611,1.002,62.311,0.373,0.000,1.180,4.640,5.169,6.046,0.000,1.076,9.287,0.000,0.000,1.000,0.000,0.000,1.440,-0.280,0.000,1.000,-0.000
2025-07-14 15:48:47.912352,2420,126.62325320,45.80119220,32.637,8.225,58.733,1.025,62.365,0.369,0.000,1.150,4.460,5.039,6.064,0.000,1.080,9.287,0.000,0.000,1.000,0.000,0.000,1.491,-0.265,0.000,1.000,-0.000
2025-07-14 15:48:48.022259,3330,126.62325400,45.80119330,33.480,7.664,58.855,1.039,62.427,0.401,0.000,1.150,4.460,4.883,6.076,0.000,1.091,9.287,0.000,0.000,1.000,0.000,0.000,1.486,-0.276,0.000,1.000,-0.000
2025-07-14 15:48:48.132362,4033,126.62325460,45.80119430,34.139,5.991,58.967,1.043,62.474,0.402,0.000,1.180,4.300,4.748,6.086,0.000,1.107,9.287,0.000,0.000,1.000,0.000,0.000,1.489,-0.274,0.000,1.000,-0.000
2025-07-14 15:48:48.242467,4853,126.62325530,45.80119550,34.930,7.191,59.100,1.033,62.528,0.440,0.000,1.180,4.300,4.674,6.098,0.000,1.118,9.287,0.000,0.000,1.000,0.000,0.000,1.500,-0.262,0.000,1.000,-0.000
2025-07-14 15:48:48.352557,5543,126.62325590,45.80119640,35.694,6.945,59.200,1.030,62.574,0.420,0.000,1.180,4.270,4.555,6.109,0.000,1.118,9.287,0.000,0.000,1.000,0.000,0.000,1.495,-0.270,0.000,1.000,-0.000
2025-07-14 15:48:48.462740,6353,126.62325660,45.80119750,36.541,7.700,59.322,1.061,62.629,0.457,0.000,1.180,4.270,4.443,6.120,0.000,1.130,9.287,0.000,0.000,1.000,0.000,0.000,1.495,-0.270,0.000,1.000,-0.000
2025-07-14 15:48:48.572843,6953,126.62325710,45.80119850,37.346,7.318,59.434,1.077,62.667,0.436,0.000,1.190,4.060,4.301,6.128,0.000,1.143,9.287,0.000,0.000,1.000,0.000,0.000,1.490,-0.275,0.000,1.000,-0.000
2025-07-14 15:48:48.682888,7773,126.62325780,45.80119970,38.182,7.600,59.567,1.106,62.722,0.442,0.000,1.190,4.060,4.164,6.136,0.000,1.169,9.287,0.000,0.000,1.000,0.000,0.000,1.492,-0.274,0.000,1.000,-0.000
2025-07-14 15:48:48.792977,8663,126.62325860,45.80120060,38.803,5.645,59.667,0.967,62.784,0.545,0.000,1.170,3.990,4.016,6.140,0.000,1.154,9.287,0.000,0.000,1.000,0.000,0.000,1.489,-0.277,0.000,1.000,-0.000
2025-07-14 15:48:48.903084,9763,126.62325960,45.80120160,39.443,5.818,59.778,0.979,62.861,0.547,0.000,1.170,3.990,3.944,6.143,0.000,1.141,9.287,0.000,0.000,1.000,0.000,0.000,1.502,-0.265,0.000,1.000,-0.000
2025-07-14 15:48:49.013264,743,126.62326050,45.80120240,39.972,4.766,59.867,0.960,62.931,0.579,0.000,1.180,3.800,3.867,6.148,0.000,1.118,9.287,0.000,0.000,1.000,0.000,0.000,1.501,-0.267,0.000,1.000,-0.000
2025-07-14 15:48:49.123260,1843,126.62326150,45.80120340,40.569,5.427,59.979,0.967,63.008,0.569,0.000,1.170,3.700,3.826,6.158,0.000,1.122,5.918,0.000,0.000,1.000,0.000,0.000,1.505,-0.264,0.000,1.000,-0.000
2025-07-14 15:48:49.233411,2833,126.62326240,45.80120430,41.010,4.009,60.079,0.999,63.078,0.644,0.000,1.150,3.640,3.755,6.167,0.000,1.144,5.918,0.000,0.000,1.000,0.000,0.000,1.503,-0.266,0.000,1.000,-0.000
2025-07-14 15:48:49.343484,3943,126.62326340,45.80120540,41.521,4.645,60.201,1.024,63.156,0.650,0.000,1.150,3.640,3.737,6.168,0.000,1.174,5.918,0.000,0.000,1.000,0.000,0.000,1.508,-0.264,0.000,1.000,-0.000
2025-07-14 15:48:49.453603,4923,126.62326430,45.80120630,41.888,3.336,60.301,0.930,63.226,0.607,0.000,1.190,3.620,3.696,6.163,0.000,1.171,5.918,0.000,0.000,1.000,0.000,0.000,1.507,-0.266,0.000,1.000,-0.000
2025-07-14 15:48:49.563720,6033,126.62326530,45.80120730,42.310,3.836,60.412,0.928,63.303,0.608,0.000,1.190,3.620,3.706,6.167,0.000,1.144,5.865,0.000,0.000,1.000,0.000,0.000,1.510,-0.265,0.000,1.000,-0.000
2025-07-14 15:48:49.673823,6933,126.62326610,45.80120830,42.755,4.045,60.523,0.923,63.365,0.597,0.000,1.170,3.530,3.697,6.175,0.000,1.106,5.865,0.000,0.000,1.000,0.000,0.000,1.510,-0.266,0.000,1.000,-0.000
2025-07-14 15:48:49.783934,8123,126.62326720,45.80120920,43.072,2.882,60.623,0.920,63.450,0.644,0.000,1.170,3.440,3.677,6.186,0.000,1.111,5.865,0.000,0.000,1.000,0.000,0.000,1.510,-0.266,0.000,1.000,-0.000
2025-07-14 15:48:49.894040,9303,126.62326830,45.80121000,43.465,3.573,60.712,0.946,63.536,0.647,0.000,1.170,3.440,3.698,6.196,0.000,1.123,5.865,0.000,0.000,1.000,0.000,0.000,1.511,-0.265,0.000,1.000,-0.000
2025-07-14 15:48:50.004339,593,126.62326950,45.80121090,43.920,4.099,60.813,0.940,63.629,0.746,0.000,1.190,3.440,3.694,6.204,0.000,1.156,5.865,0.000,0.000,1.000,0.000,0.000,1.512,-0.266,0.000,1.000,-0.000
2025-07-14 15:48:50.114330,1883,126.62327070,45.80121180,44.367,4.064,60.913,0.943,63.722,0.757,0.000,1.190,3.440,3.667,6.210,0.000,1.185,5.865,0.000,0.000,1.000,0.000,0.000,1.512,-0.265,0.000,1.000,-0.000
2025-07-14 15:48:50.224353,2963,126.62327170,45.80121260,44.721,3.218,61.002,0.899,63.799,0.728,0.000,1.160,3.380,3.641,6.210,0.000,1.189,5.865,0.000,0.000,1.000,0.000,0.000,1.512,-0.265,0.000,1.000,-0.000
2025-07-14 15:48:50.334444,4253,126.62327290,45.80121360,45.138,3.791,61.113,0.920,63.892,0.726,0.000,1.160,3.380,3.646,6.205,0.000,1.179,5.865,0.000,0.000,1.000,0.000,0.000,1.513,-0.264,0.000,1.000,-0.000
2025-07-14 15:48:50.444556,5343,126.62327390,45.80121440,45.462,2.945,61.202,0.867,63.970,0.753,0.000,1.170,3.370,3.630,6.202,0.000,1.159,5.865,0.000,0.000,1.000,0.000,0.000,1.513,-0.265,0.000,1.000,-0.000
2025-07-14 15:48:50.554652,6633,126.62327510,45.80121530,45.905,4.027,61.302,0.894,64.063,0.767,0.000,1.190,3.260,3.646,6.204,0.000,1.166,5.708,0.000,0.000,1.000,0.000,0.000,1.514,-0.265,0.000,1.000,-0.000
2025-07-14 15:48:50.664770,7723,126.62327610,45.80121620,46.301,3.600,61.402,0.893,64.140,0.767,0.000,1.190,3.260,3.617,6.208,0.000,1.168,5.708,0.000,0.000,1.000,0.000,0.000,1.514,-0.266,0.000,1.000,-0.000
2025-07-14 15:48:50.774854,9123,126.62327740,45.80121720,46.811,4.636,61.513,0.944,64.241,0.758,0.000,1.190,3.220,3.602,6.212,0.000,1.189,5.708,0.000,0.000,1.000,0.000,0.000,1.515,-0.266,0.000,1.000,-0.000
2025-07-14 15:48:50.884968,303,126.62327850,45.80121800,47.267,4.145,61.602,0.887,64.326,0.755,0.000,1.190,3.220,3.545,6.212,0.000,1.184,5.708,0.000,0.000,1.000,0.000,0.000,1.514,-0.268,0.000,1.000,-0.000
2025-07-14 15:48:50.995078,1703,126.62327980,45.80121900,47.762,4.500,61.713,0.918,64.427,0.786,0.000,1.160,3.140,3.505,6.213,0.000,1.195,5.708,0.000,0.000,1.000,0.000,0.000,1.515,-0.268,0.000,1.000,-0.000
2025-07-14 15:48:51.105376,2983,126.62328100,45.80121980,48.148,3.477,61.802,0.925,64.520,0.790,0.000,1.190,3.140,3.449,6.207,0.000,1.197,5.708,0.000,0.000,1.000,0.000,0.000,1.515,-0.269,0.000,1.000,-0.000
2025-07-14 15:48:51.215379,4386,126.62328230,45.80122080,48.573,3.864,61.913,0.888,64.621,0.813,0.000,1.190,3.140,3.433,6.206,0.000,1.210,5.708,0.000,0.000,1.000,0.000,0.000,1.517,-0.267,0.000,1.000,-0.000
2025-07-14 15:48:51.325405,5566,126.62328340,45.80122160,48.954,3.464,62.002,0.897,64.706,0.819,0.000,1.180,3.040,3.404,6.203,0.000,1.212,5.708,0.000,0.000,1.000,0.000,0.000,1.517,-0.268,0.000,1.000,-0.000
2025-07-14 15:48:51.435501,6966,126.62328470,45.80122260,49.469,4.682,62.113,0.860,64.807,0.841,0.000,1.200,3.000,3.386,6.197,0.000,1.207,5.708,0.000,0.000,1.000,0.000,0.000,1.517,-0.268,0.000,1.000,-0.000
2025-07-14 15:48:51.545611,8156,126.62328580,45.80122350,49.956,4.427,62.214,0.881,64.892,0.864,0.000,1.200,2.980,3.318,6.196,0.000,1.217,5.708,0.000,0.000,1.000,0.000,0.000,1.516,-0.270,0.000,1.000,-0.000
2025-07-14 15:48:51.655715,9646,126.62328720,45.80122440,50.512,5.055,62.314,0.891,65.001,0.868,0.000,1.160,2.960,3.257,6.193,0.000,1.227,5.708,0.000,0.000,1.000,0.000,0.000,1.517,-0.269,0.000,1.000,-0.000
2025-07-14 15:48:51.765884,936,126.62328840,45.80122530,50.745,2.118,62.414,0.862,65.094,0.802,0.000,1.160,2.960,3.171,6.182,0.000,1.218,5.708,0.000,0.000,1.000,0.000,0.000,1.515,-0.272,0.000,1.000,-0.000
2025-07-14 15:48:51.875931,2313,126.62328970,45.80122610,51.157,3.745,62.503,0.808,65.195,0.837,0.000,1.160,2.880,3.201,6.172,0.000,1.195,5.708,0.000,0.000,1.000,0.000,0.000,1.527,-0.263,0.000,1.000,-0.000
2025-07-14 15:48:51.986030,3483,126.62329080,45.80122680,51.520,3.300,62.581,0.812,65.280,0.827,0.000,1.170,2.930,3.167,6.166,0.000,1.167,5.708,0.000,0.000,1.000,0.000,0.000,1.529,-0.270,0.000,1.000,-0.000
2025-07-14 15:48:52.096347,4873,126.62329210,45.80122770,51.971,4.063,62.681,0.758,65.381,0.847,0.000,1.170,2.820,3.151,6.166,0.000,1.153,5.708,0.000,0.000,1.000,0.000,0.000,1.530,-0.270,0.000,1.000,-0.000
2025-07-14 15:48:52.206227,6253,126.62329340,45.80122850,52.480,4.627,62.770,0.792,65.481,0.885,0.000,1.170,2.820,3.101,6.169,0.000,1.161,5.708,0.000,0.000,1.000,0.000,0.000,1.529,-0.272,0.000,1.000,-0.000
2025-07-14 15:48:52.316405,7423,126.62329450,45.80122920,52.985,4.591,62.847,0.807,65.567,0.901,0.000,1.200,2.840,3.027,6.171,0.000,1.178,5.708,0.000,0.000,1.000,0.000,0.000,1.528,-0.272,0.000,1.000,-0.000
2025-07-14 15:48:52.426430,8813,126.62329580,45.80123010,53.518,4.845,62.947,0.802,65.667,0.866,0.000,1.170,2.800,2.954,6.174,0.000,1.193,5.708,0.000,0.000,1.000,0.000,0.000,1.527,-0.272,0.000,1.000,-0.000
2025-07-14 15:48:52.536569,93,126.62329700,45.80123090,53.905,3.518,63.036,0.816,65.760,0.872,0.000,1.170,2.800,2.869,6.171,0.000,1.195,5.708,0.000,0.000,1.000,0.000,0.000,1.526,-0.274,0.000,1.000,-0.000
2025-07-14 15:48:52.646656,1473,126.62329830,45.80123170,54.297,3.564,63.125,0.820,65.861,0.877,0.000,1.150,2.760,2.837,6.166,0.000,1.192,5.708,0.000,0.000,1.000,0.000,0.000,1.531,-0.269,0.000,1.000,-0.000
2025-07-14 15:48:52.756753,2743,126.62329950,45.80123240,54.655,3.255,63.203,0.736,65.954,0.910,0.000,1.180,2.690,2.804,6.159,0.000,1.188,5.708,0.000,0.000,1.000,0.000,0.000,1.531,-0.270,0.000,1.000,-0.000
2025-07-14 15:48:52.866801,4213,126.62330090,45.80123310,55.121,4.236,63.281,0.741,66.063,0.896,0.000,1.190,2.640,2.780,6.158,0.000,1.178,5.708,0.000,0.000,1.000,0.000,0.000,1.532,-0.269,0.000,1.000,-0.000
2025-07-14 15:48:52.976859,5563,126.62330220,45.80123360,55.544,3.845,63.337,0.738,66.164,0.889,0.000,1.200,2.620,2.715,6.160,0.000,1.163,5.708,0.000,0.000,1.000,0.000,0.000,1.530,-0.271,0.000,1.000,-0.000
2025-07-14 15:48:53.086973,7033,126.62330360,45.80123430,56.021,4.336,63.414,0.766,66.272,0.914,0.000,1.200,2.620,2.663,6.166,0.000,1.170,5.708,0.000,0.000,1.000,0.000,0.000,1.531,-0.270,0.000,1.000,-0.000
2025-07-14 15:48:53.197362,8393,126.62330490,45.80123490,56.458,3.937,63.481,0.725,66.373,0.907,0.000,1.180,2.540,2.593,6.171,0.000,1.170,5.708,0.000,0.000,1.000,0.000,0.000,1.530,-0.272,0.000,1.000,-0.000
2025-07-14 15:48:53.307283,9863,126.62330630,45.80123560,56.969,4.645,63.559,0.732,66.481,0.910,0.000,1.180,2.540,2.534,6.173,0.000,1.174,5.708,0.000,0.000,1.000,0.000,0.000,1.531,-0.271,0.000,1.000,-0.000
2025-07-14 15:48:53.417467,1133,126.62330750,45.80123630,57.381,3.745,63.637,0.689,66.574,0.933,0.000,1.160,2.440,2.448,6.174,0.000,1.163,5.708,0.000,0.000,1.000,0.000,0.000,1.529,-0.274,0.000,1.000,-0.000
2025-07-14 15:48:53.527519,2603,126.62330890,45.80123700,57.860,4.355,63.715,0.694,66.683,0.933,0.000,1.170,2.440,2.392,6.174,0.000,1.164,5.708,0.000,0.000,1.000,0.000,0.000,1.532,-0.272,0.000,1.000,-0.000
2025-07-14 15:48:53.637603,3963,126.62331020,45.80123760,58.274,3.764,63.781,0.695,66.784,0.938,0.000,1.170,2.340,2.313,6.175,0.000,1.163,5.708,0.000,0.000,1.000,0.000,0.000,1.530,-0.275,0.000,1.000,-0.000
2025-07-14 15:48:53.747704,5443,126.62331160,45.80123840,58.999,6.591,63.870,0.725,66.892,0.964,0.000,1.170,2.340,2.253,6.176,0.000,1.179,5.708,0.000,0.000,1.000,0.000,0.000,1.532,-0.273,0.000,1.000,-0.000
2025-07-14 15:48:53.857852,6803,126.62331290,45.80123900,59.462,4.209,63.937,0.715,66.993,0.951,0.000,1.160,2.240,2.081,6.174,0.000,1.188,5.708,0.000,0.000,1.000,0.000,0.000,1.524,-0.285,0.000,1.000,-0.000
2025-07-14 15:48:53.968074,8376,126.62331440,45.80123970,59.918,4.145,64.015,0.736,67.109,0.970,0.000,1.160,2.250,1.995,6.170,0.000,1.205,5.708,0.000,0.000,1.000,0.000,0.000,1.542,-0.278,0.000,1.000,-0.000
2025-07-14 15:48:54.078044,9943,126.62331590,45.80124040,60.352,3.945,64.093,0.652,67.226,0.989,0.000,1.160,2.260,1.916,6.162,0.000,1.197,5.708,0.000,0.000,1.000,0.000,0.000,1.542,-0.279,0.000,1.000,-0.000
2025-07-14 15:48:54.188151,1316,126.62331720,45.80124110,60.748,3.568,64.171,0.684,67.326,0.993,0.000,1.180,2.190,1.845,6.156,0.000,1.203,5.708,0.000,0.000,1.000,0.000,0.000,1.542,-0.278,0.000,1.000,-0.000
2025-07-14 15:48:54.298227,2886,126.62331870,45.80124180,61.178,3.909,64.248,0.689,67.443,1.000,0.000,1.190,2.110,1.787,6.152,0.000,1.202,5.708,0.000,0.000,1.000,0.000,0.000,1.543,-0.277,0.000,1.000,-0.000
2025-07-14 15:48:54.408335,4346,126.62332010,45.80124240,61.597,3.809,64.315,0.674,67.551,0.975,0.000,1.160,2.040,1.713,6.150,0.000,1.202,5.708,0.000,0.000,1.000,0.000,0.000,1.542,-0.279,0.000,1.000,-0.000
2025-07-14 15:48:54.518508,5923,126.62332160,45.80124320,62.092,4.500,64.404,0.681,67.667,0.977,0.000,1.200,2.040,1.640,6.143,0.000,1.197,5.708,0.000,0.000,1.000,0.000,0.000,1.542,-0.279,0.000,1.000,-0.000
2025-07-14 15:48:54.628554,7283,126.62332290,45.80124380,62.571,4.355,64.471,0.692,67.768,0.977,0.000,1.150,1.970,1.538,6.143,0.000,1.191,5.708,0.000,0.000,1.000,0.000,0.000,1.539,-0.281,0.000,1.000,-0.000
2025-07-14 15:48:54.738658,8853,126.62332440,45.80124450,63.079,4.618,64.549,0.662,67.885,1.006,0.000,1.150,2.010,1.439,6.136,0.000,1.197,5.708,0.000,0.000,1.000,0.000,0.000,1.539,-0.281,0.000,1.000,-0.000
2025-07-14 15:48:54.848751,216,126.62332570,45.80124510,63.554,4.318,64.615,0.624,67.985,1.024,0.000,1.150,1.910,1.331,6.128,0.000,1.200,5.708,0.000,0.000,1.000,0.000,0.000,1.537,-0.283,0.000,1.000,-0.000
2025-07-14 15:48:54.958859,1876,126.62332730,45.80124570,64.053,4.536,64.682,0.657,68.109,1.046,0.000,1.200,1.900,1.230,6.119,0.000,1.213,5.708,0.000,0.000,1.000,0.000,0.000,1.538,-0.283,0.000,1.000,-0.000
2025-07-14 15:48:55.068974,3333,126.62332870,45.80124630,64.397,3.127,64.749,0.596,68.218,0.986,0.000,1.200,1.900,1.121,6.117,0.000,1.195,4.076,0.000,0.000,1.000,0.000,0.000,1.536,-0.284,0.000,1.000,-0.000
2025-07-14 15:48:55.179077,4893,126.62333020,45.80124690,64.767,3.364,64.816,0.616,68.334,0.995,0.000,1.190,1.850,1.067,6.118,0.000,1.186,4.076,0.000,0.000,1.000,0.000,0.000,1.543,-0.278,0.000,1.000,-0.000
2025-07-14 15:48:55.289361,6353,126.62333160,45.80124750,65.045,2.505,64.882,0.576,68.443,1.051,0.000,1.150,1.720,1.004,6.119,0.000,1.174,4.076,0.000,0.000,1.000,0.000,0.000,1.543,-0.280,0.000,1.000,-0.000
2025-07-14 15:48:55.408824,8023,126.62333320,45.80124820,65.402,3.000,64.960,0.541,68.567,1.030,0.000,1.150,1.720,0.971,6.115,0.000,1.177,4.076,0.000,0.000,1.000,0.000,0.000,1.545,-0.277,0.000,1.000,-0.000
2025-07-14 15:48:55.518931,9683,126.62333480,45.80124880,65.751,3.173,65.027,0.551,68.691,1.037,0.000,1.200,1.730,0.918,6.110,0.000,1.179,4.076,0.000,0.000,1.000,0.000,0.000,1.544,-0.279,0.000,1.000,-0.000
2025-07-14 15:48:55.629061,1353,126.62333640,45.80124950,66.061,2.818,65.105,0.550,68.815,1.055,0.000,1.170,1.600,0.858,6.113,0.000,1.176,4.076,0.000,0.000,1.000,0.000,0.000,1.543,-0.280,0.000,1.000,-0.000
2025-07-14 15:48:55.739150,2803,126.62333780,45.80125000,66.529,4.216,65.160,0.496,68.923,1.058,0.000,1.170,1.600,0.807,6.112,0.000,1.178,4.076,0.000,0.000,1.000,0.000,0.000,1.544,-0.279,0.000,1.000,-0.000
2025-07-14 15:48:55.859327,4343,126.62333930,45.80125040,66.784,2.125,65.205,0.522,69.040,1.039,0.000,1.180,1.600,0.701,6.111,0.000,1.174,4.076,0.000,0.000,1.000,0.000,0.000,1.541,-0.283,0.000,1.000,-0.000
2025-07-14 15:48:55.979391,5983,126.62334090,45.80125080,66.980,1.633,65.249,0.518,69.164,1.024,0.000,1.180,1.620,0.675,6.112,0.000,1.160,4.076,0.000,0.000,1.000,0.000,0.000,1.551,-0.278,0.000,1.000,-0.000
2025-07-14 15:48:56.099477,7523,126.62334240,45.80125120,67.142,1.350,65.294,0.511,69.280,1.045,0.000,1.180,1.620,0.674,6.116,0.000,1.158,3.865,0.000,0.000,1.000,0.000,0.000,1.552,-0.276,0.000,1.000,-0.000
2025-07-14 15:48:56.219604,9163,126.62334400,45.80125160,67.318,1.467,65.338,0.521,69.404,1.126,0.000,1.180,1.520,0.684,6.120,0.000,1.184,3.865,0.000,0.000,1.000,0.000,0.000,1.552,-0.275,0.000,1.000,-0.000
2025-07-14 15:48:56.339709,706,126.62334550,45.80125200,67.547,1.908,65.383,0.513,69.520,1.131,0.000,1.160,1.530,0.687,6.119,0.000,1.215,3.865,0.000,0.000,1.000,0.000,0.000,1.552,-0.275,0.000,1.000,-0.000
2025-07-14 15:48:56.459828,2546,126.62334730,45.80125250,67.779,1.933,65.438,0.533,69.660,1.102,0.000,1.160,1.450,0.672,6.109,0.000,1.236,3.865,0.000,0.000,1.000,0.000,0.000,1.552,-0.275,0.000,1.000,-0.000
2025-07-14 15:48:56.579932,4206,126.62334890,45.80125300,68.010,1.925,65.494,0.538,69.784,1.109,0.000,1.160,1.450,0.652,6.096,0.000,1.233,3.865,0.000,0.000,1.000,0.000,0.000,1.552,-0.275,0.000,1.000,-0.000
2025-07-14 15:48:56.700047,5846,126.62335050,45.80125340,68.213,1.692,65.538,0.537,69.908,1.114,0.000,1.180,1.470,0.633,6.084,0.000,1.231,3.865,0.000,0.000,1.000,0.000,0.000,1.552,-0.275,0.000,1.000,-0.000
2025-07-14 15:48:56.820184,7686,126.62335230,45.80125380,68.410,1.628,65.583,0.462,70.047,1.125,0.000,1.190,1.430,0.623,6.075,0.000,1.228,3.865,0.000,0.000,1.000,0.000,0.000,1.552,-0.275,0.000,1.000,-0.000
2025-07-14 15:48:56.940286,9426,126.62335400,45.80125430,68.573,1.358,65.638,0.460,70.179,1.113,0.000,1.180,1.420,0.615,6.069,0.000,1.219,3.865,0.000,0.000,1.000,0.000,0.000,1.552,-0.275,0.000,1.000,-0.000
2025-07-14 15:48:57.050379,1486,126.62335600,45.80125480,68.717,1.309,65.694,0.516,70.334,1.149,0.000,1.180,1.490,0.617,6.062,0.000,1.227,3.865,0.000,0.000,1.000,0.000,0.000,1.552,-0.275,0.000,1.000,-0.000
2025-07-14 15:48:57.160562,3126,126.62335760,45.80125520,68.855,1.255,65.738,0.506,70.458,1.150,0.000,1.180,1.430,0.624,6.054,0.000,1.240,3.865,0.000,0.000,1.000,0.000,0.000,1.552,-0.275,0.000,1.000,-0.000
2025-07-14 15:48:57.270615,4866,126.62335930,45.80125560,69.031,1.600,65.783,0.487,70.590,1.169,0.000,1.170,1.460,0.631,6.044,0.000,1.261,3.865,0.000,0.000,1.000,0.000,0.000,1.552,-0.275,0.000,1.000,-0.000
2025-07-14 15:48:57.380798,6506,126.62336090,45.80125600,69.219,1.709,65.827,0.482,70.714,1.195,0.000,1.180,1.410,0.626,6.028,0.000,1.270,3.865,0.000,0.000,1.000,0.000,0.000,1.552,-0.275,0.000,1.000,-0.000
2025-07-14 15:48:57.490808,8356,126.62336270,45.80125650,69.419,1.818,65.883,0.479,70.854,1.130,0.000,1.180,1.410,0.614,6.013,0.000,1.261,3.865,0.000,0.000,1.000,0.000,0.000,1.552,-0.275,0.000,1.000,-0.000
2025-07-14 15:48:57.600895,9996,126.62336430,45.80125690,69.558,1.264,65.927,0.471,70.978,1.138,0.000,1.190,1.450,0.597,5.999,0.000,1.249,3.865,0.000,0.000,1.000,0.000,0.000,1.552,-0.275,0.000,1.000,-0.000
2025-07-14 15:48:57.711104,1846,126.62336610,45.80125740,69.837,2.514,65.983,0.481,71.117,1.138,0.000,1.170,1.410,0.604,5.989,0.000,1.231,3.865,0.000,0.000,1.000,0.000,0.000,1.552,-0.274,0.000,1.000,-0.000
2025-07-14 15:48:57.821251,3386,126.62336760,45.80125780,70.032,1.773,66.028,0.424,71.233,1.118,0.000,1.160,1.420,0.560,5.978,0.000,1.221,3.865,0.000,0.000,1.000,0.000,0.000,1.553,-0.275,0.000,1.000,-0.000
2025-07-14 15:48:57.931227,5126,126.62336930,45.80125820,70.315,2.573,66.072,0.428,71.365,1.120,0.000,1.200,1.360,0.544,5.968,0.000,1.210,3.865,0.000,0.000,1.000,0.000,0.000,1.554,-0.276,0.000,1.000,-0.000
2025-07-14 15:48:58.041325,6766,126.62337090,45.80125860,70.536,2.009,66.117,0.472,71.489,1.164,0.000,1.180,1.410,0.496,5.966,0.000,1.217,3.865,0.000,0.000,1.000,0.000,0.000,1.554,-0.277,0.000,1.000,-0.000
2025-07-14 15:48:58.151434,8506,126.62337260,45.80125900,70.771,2.136,66.161,0.464,71.621,1.159,0.000,1.170,1.370,0.470,5.960,0.000,1.234,3.865,0.000,0.000,1.000,0.000,0.000,1.555,-0.277,0.000,1.000,-0.000
2025-07-14 15:48:58.261538,46,126.62337410,45.80125940,70.919,1.345,66.205,0.443,71.737,1.141,0.000,1.160,1.270,0.438,5.948,0.000,1.243,3.865,0.000,0.000,1.000,0.000,0.000,1.555,-0.277,0.000,1.000,-0.000
2025-07-14 15:48:58.371721,1896,126.62337590,45.80125990,71.080,1.464,66.261,0.435,71.877,1.142,0.000,1.170,1.310,0.434,5.934,0.000,1.231,3.865,0.000,0.000,1.000,0.000,0.000,1.556,-0.276,0.000,1.000,-0.000
2025-07-14 15:48:58.481762,3636,126.62337760,45.80126040,71.297,1.973,66.317,0.432,72.009,1.183,0.000,1.180,1.340,0.427,5.924,0.000,1.235,3.865,0.000,0.000,1.000,0.000,0.000,1.556,-0.276,0.000,1.000,-0.000
2025-07-14 15:48:58.591847,5286,126.62337920,45.80126080,71.451,1.400,66.361,0.435,72.133,1.201,0.000,1.190,1.340,0.402,5.914,0.000,1.253,3.865,0.000,0.000,1.000,0.000,0.000,1.556,-0.277,0.000,1.000,-0.000
2025-07-14 15:48:58.701970,7126,126.62338100,45.80126120,71.642,1.736,66.406,0.438,72.272,1.219,0.000,1.180,1.260,0.399,5.903,0.000,1.277,3.865,0.000,0.000,1.000,0.000,0.000,1.556,-0.276,0.000,1.000,-0.000
2025-07-14 15:48:58.812121,8656,126.62338250,45.80126160,71.810,1.514,66.450,0.400,72.388,1.120,0.000,1.190,1.270,0.380,5.887,0.000,1.254,3.865,0.000,0.000,1.000,0.000,0.000,1.556,-0.277,0.000,1.000,-0.000
2025-07-14 15:48:58.922174,416,126.62338420,45.80126210,71.989,1.627,66.506,0.392,72.520,1.115,0.000,1.150,1.300,0.369,5.876,0.000,1.222,3.865,0.000,0.000,1.000,0.000,0.000,1.556,-0.277,0.000,1.000,-0.000
2025-07-14 15:48:59.032284,1953,126.62338570,45.80126250,72.137,1.345,66.550,0.405,72.637,1.143,0.000,1.180,1.240,0.356,5.863,0.000,1.195,3.971,0.000,0.000,1.000,0.000,0.000,1.556,-0.277,0.000,1.000,-0.000
2025-07-14 15:48:59.142389,3696,126.62338740,45.80126290,72.322,1.682,66.595,0.402,72.768,1.155,0.000,1.150,1.210,0.351,5.861,0.000,1.206,3.971,0.000,0.000,1.000,0.000,0.000,1.557,-0.277,0.000,1.000,-0.000
2025-07-14 15:48:59.252493,5236,126.62338890,45.80126330,72.508,1.691,66.639,0.401,72.885,1.147,0.000,1.170,1.230,0.332,5.851,0.000,1.217,3.971,0.000,0.000,1.000,0.000,0.000,1.556,-0.277,0.000,1.000,-0.000
2025-07-14 15:48:59.362671,7086,126.62339070,45.80126380,72.745,2.155,66.695,0.405,73.024,1.152,0.000,1.170,1.230,0.313,5.843,0.000,1.220,3.971,0.000,0.000,1.000,0.000,0.000,1.556,-0.277,0.000,1.000,-0.000
2025-07-14 15:48:59.472792,8626,126.62339220,45.80126420,72.913,1.527,66.739,0.401,73.140,1.107,0.000,1.200,1.240,0.275,5.835,0.000,1.205,3.971,0.000,0.000,1.000,0.000,0.000,1.556,-0.277,0.000,1.000,-0.000
2025-07-14 15:48:59.582804,463,126.62339400,45.80126460,73.097,1.673,66.784,0.404,73.280,1.108,0.000,1.170,1.190,0.262,5.834,0.000,1.193,3.865,0.000,0.000,1.000,0.000,0.000,1.557,-0.277,0.000,1.000,-0.000
2025-07-14 15:48:59.692902,2013,126.62339550,45.80126510,72.991,-0.964,66.839,0.403,73.396,1.095,0.000,1.170,1.190,0.242,5.830,0.000,1.175,3.865,0.000,0.000,1.000,0.000,0.000,1.557,-0.277,0.000,1.000,-0.000
2025-07-14 15:48:59.803002,3753,126.62339720,45.80126550,73.145,1.400,66.884,0.334,73.528,1.171,0.000,1.170,1.250,0.327,5.829,0.000,1.188,3.865,0.000,0.000,1.000,0.000,0.000,1.559,-0.276,0.000,1.000,-0.000
2025-07-14 15:48:59.913194,5283,126.62339870,45.80126580,73.328,1.649,66.917,0.333,73.644,1.167,0.000,1.190,1.170,0.325,5.826,0.000,1.199,3.865,0.000,0.000,1.000,0.000,0.000,1.569,-0.278,0.000,1.000,-0.000
2025-07-14 15:49:00.023237,6926,126.62340030,45.80126620,73.560,2.109,66.962,0.342,73.768,1.144,0.000,1.190,1.170,0.306,5.825,0.000,1.208,3.865,0.000,0.000,1.000,0.000,0.000,1.569,-0.277,0.000,1.000,-0.000
2025-07-14 15:49:00.133332,8446,126.62340180,45.80126650,73.734,1.582,66.995,0.356,73.885,1.161,0.000,1.180,1.200,0.268,5.822,0.000,1.207,3.865,0.000,0.000,1.000,0.000,0.000,1.568,-0.277,0.000,1.000,-0.000
2025-07-14 15:49:00.243420,193,126.62340350,45.80126690,73.924,1.727,67.039,0.374,74.016,1.095,0.000,1.200,1.250,0.251,5.817,0.000,1.188,3.865,0.000,0.000,1.000,0.000,0.000,1.569,-0.276,0.000,1.000,-0.000
2025-07-14 15:49:00.353531,1723,126.62340500,45.80126720,74.118,1.764,67.073,0.377,74.133,1.088,0.000,1.160,1.210,0.231,5.819,0.000,1.174,3.865,0.000,0.000,1.000,0.000,0.000,1.569,-0.276,0.000,1.000,-0.000
2025-07-14 15:49:00.463715,3463,126.62340670,45.80126760,74.280,1.473,67.117,0.322,74.264,1.081,0.000,1.160,1.180,0.208,5.816,0.000,1.146,3.865,0.000,0.000,1.000,0.000,0.000,1.569,-0.277,0.000,1.000,-0.000
2025-07-14 15:49:00.573751,5203,126.62340840,45.80126800,74.437,1.427,67.162,0.318,74.396,1.065,0.000,1.160,1.180,0.196,5.819,0.000,1.130,3.865,0.000,0.000,1.000,0.000,0.000,1.569,-0.276,0.000,1.000,-0.000
2025-07-14 15:49:00.683851,6723,126.62340990,45.80126830,74.595,1.436,67.195,0.315,74.513,1.071,0.000,1.190,1.230,0.186,5.824,0.000,1.119,3.865,0.000,0.000,1.000,0.000,0.000,1.569,-0.276,0.000,1.000,-0.000
2025-07-14 15:49:00.793963,8463,126.62341160,45.80126860,74.791,1.782,67.228,0.359,74.644,1.135,0.000,1.190,1.230,0.177,5.836,0.000,1.139,3.865,0.000,0.000,1.000,0.000,0.000,1.569,-0.276,0.000,1.000,-0.000
2025-07-14 15:49:00.904060,9883,126.62341300,45.80126890,74.947,1.418,67.262,0.357,74.753,1.146,0.000,1.200,1.170,0.155,5.845,0.000,1.169,3.865,0.000,0.000,1.000,0.000,0.000,1.569,-0.276,0.000,1.000,-0.000
2025-07-14 15:49:01.014245,1633,126.62341470,45.80126930,75.115,1.514,67.306,0.344,74.885,1.142,0.000,1.200,1.170,0.144,5.850,0.000,1.194,3.865,0.000,0.000,1.000,0.000,0.000,1.570,-0.276,0.000,1.000,-0.000
2025-07-14 15:49:01.124272,3163,126.62341620,45.80126960,75.255,1.273,67.340,0.336,75.001,1.142,0.000,1.170,1.140,0.130,5.851,0.000,1.194,3.865,0.000,0.000,1.000,0.000,0.000,1.570,-0.276,0.000,1.000,-0.000
2025-07-14 15:49:01.234399,4893,126.62341790,45.80126990,75.415,1.455,67.373,0.308,75.133,1.147,0.000,1.170,1.120,0.124,5.847,0.000,1.190,3.865,0.000,0.000,1.000,0.000,0.000,1.570,-0.276,0.000,1.000,-0.000
2025-07-14 15:49:01.344481,6423,126.62341940,45.80127020,75.548,1.209,67.406,0.308,75.249,1.162,0.000,1.190,1.110,0.110,5.843,0.000,1.193,3.865,0.000,0.000,1.000,0.000,0.000,1.570,-0.276,0.000,1.000,-0.000
2025-07-14 15:49:01.454593,8153,126.62342110,45.80127050,75.675,1.155,67.440,0.339,75.381,1.134,0.000,1.190,1.070,0.106,5.843,0.000,1.191,3.865,0.000,0.000,1.000,0.000,0.000,1.570,-0.276,0.000,1.000,-0.000
2025-07-14 15:49:01.564825,9683,126.62342260,45.80127080,75.799,1.127,67.473,0.335,75.497,1.140,0.000,1.190,1.070,0.102,5.843,0.000,1.191,3.865,0.000,0.000,1.000,0.000,0.000,1.570,-0.276,0.000,1.000,-0.000
2025-07-14 15:49:01.674809,1423,126.62342430,45.80127120,76.030,2.100,67.518,0.331,75.629,1.136,0.000,1.190,1.050,0.100,5.842,0.000,1.185,3.865,0.000,0.000,1.000,0.000,0.000,1.570,-0.276,0.000,1.000,0.000
2025-07-14 15:49:01.784907,2943,126.62342580,45.80127140,76.198,1.527,67.540,0.330,75.745,1.158,0.000,1.190,1.050,0.058,5.843,0.000,1.192,3.865,0.000,0.000,1.000,0.000,0.000,1.570,-0.276,0.000,1.000,0.000
2025-07-14 15:49:01.895017,4676,126.62342750,45.80127170,76.354,1.418,67.573,0.311,75.877,1.179,0.000,1.190,1.050,0.038,5.843,0.000,1.202,3.865,0.000,0.000,1.000,0.000,0.000,1.571,-0.276,0.000,1.000,0.000
2025-07-14 15:49:02.005123,6206,126.62342900,45.80127200,76.506,1.369,67.607,0.346,75.993,1.155,0.000,1.190,1.100,0.022,5.841,0.000,1.210,3.865,0.000,0.000,1.000,0.000,0.000,1.571,-0.276,0.000,1.000,0.000
2025-07-14 15:49:02.115306,8036,126.62343080,45.80127230,76.688,1.655,67.640,0.343,76.133,1.167,0.000,1.190,1.100,0.011,5.838,0.000,1.214,3.865,0.000,0.000,1.000,0.000,0.000,1.571,-0.276,0.000,1.000,-0.000
2025-07-14 15:49:02.225338,9566,126.62343230,45.80127260,76.889,1.827,67.673,0.300,76.249,1.166,0.000,1.190,1.030,-0.012,5.833,0.000,1.209,3.865,0.000,0.000,1.000,0.000,0.000,1.571,-0.276,0.000,1.000,-0.000
2025-07-14 15:49:02.335524,1296,126.62343400,45.80127290,77.130,2.191,67.707,0.307,76.381,1.173,0.000,1.160,0.970,-0.044,5.830,0.000,1.211,3.865,0.000,0.000,1.000,0.000,0.000,1.570,-0.277,0.000,1.000,-0.000
2025-07-14 15:49:02.445539,3126,126.62343580,45.80127320,77.367,2.155,67.740,0.307,76.520,1.168,0.000,1.160,0.950,-0.094,5.822,0.000,1.208,3.865,0.000,0.000,1.000,0.000,0.000,1.570,-0.277,0.000,1.000,-0.000
2025-07-14 15:49:02.555625,4656,126.62343730,45.80127350,77.570,1.845,67.773,0.308,76.637,1.169,0.000,1.160,1.030,-0.144,5.813,0.000,1.210,3.865,0.000,0.000,1.000,0.000,0.000,1.570,-0.277,0.000,1.000,-0.000
2025-07-14 15:49:02.665825,6386,126.62343900,45.80127380,77.747,1.609,67.807,0.302,76.768,1.167,0.000,1.160,0.990,-0.178,5.805,0.000,1.207,3.865,0.000,0.000,1.000,0.000,0.000,1.570,-0.276,0.000,1.000,-0.000
2025-07-14 15:49:02.775851,8003,126.62344060,45.80127400,77.933,1.691,67.829,0.276,76.892,1.142,0.000,1.160,0.950,-0.204,5.797,0.000,1.196,3.865,0.000,0.000,1.000,0.000,0.000,1.571,-0.276,0.000,1.000,-0.000
2025-07-14 15:49:02.885957,9633,126.62344220,45.80127430,78.143,1.909,67.862,0.318,77.016,1.158,0.000,1.160,0.940,-0.235,5.790,0.000,1.194,3.865,0.000,0.000,1.000,0.000,0.000,1.571,-0.276,0.000,1.000,-0.000
2025-07-14 15:49:02.996056,1153,126.62344370,45.80127450,78.328,1.682,67.885,0.247,77.133,1.161,0.000,1.160,0.910,-0.275,5.785,0.000,1.188,3.865,0.000,0.000,1.000,0.000,0.000,1.570,-0.276,0.000,1.000,-0.000
2025-07-14 15:49:03.106156,2983,126.62344550,45.80127480,78.566,2.144,67.918,0.257,77.272,1.175,0.000,1.200,0.890,-0.307,5.780,0.000,1.197,3.865,0.000,0.000,1.000,0.000,0.000,1.570,-0.276,0.000,1.000,-0.000
2025-07-14 15:49:03.216345,4493,126.62344700,45.80127500,78.756,1.727,67.940,0.273,77.389,1.141,0.000,1.200,0.890,-0.358,5.780,0.000,1.188,3.865,0.000,0.000,1.000,0.000,0.000,1.570,-0.277,0.000,1.000,-0.000
2025-07-14 15:49:03.326375,6333,126.62344880,45.80127530,78.930,1.582,67.973,0.268,77.528,1.120,0.000,1.190,0.910,-0.393,5.783,0.000,1.176,3.865,0.000,0.000,1.000,0.000,0.000,1.571,-0.277,0.000,1.000,-0.000
2025-07-14 15:49:03.436489,7853,126.62345030,45.80127550,79.065,1.227,67.996,0.248,77.644,1.202,0.000,1.200,0.840,-0.422,5.785,0.000,1.184,3.865,0.000,0.000,1.000,0.000,0.000,1.571,-0.276,0.000,1.000,-0.000
2025-07-14 15:49:03.546571,9583,126.62345200,45.80127580,79.248,1.664,68.029,0.235,77.776,1.182,0.000,1.190,0.830,-0.438,5.788,0.000,1.195,3.865,0.000,0.000,1.000,0.000,0.000,1.571,-0.276,0.000,1.000,-0.000
2025-07-14 15:49:03.656768,1106,126.62345350,45.80127600,79.394,1.327,68.051,0.239,77.892,1.194,0.000,1.190,0.830,-0.472,5.787,0.000,1.217,3.865,0.000,0.000,1.000,0.000,0.000,1.571,-0.276,0.000,1.000,-0.000
2025-07-14 15:49:03.766869,2936,126.62345530,45.80127630,79.570,1.600,68.085,0.232,78.032,1.176,0.000,1.180,0.780,-0.493,5.782,0.000,1.207,3.865,0.000,0.000,1.000,0.000,0.000,1.571,-0.276,0.000,1.000,-0.000
2025-07-14 15:49:03.876900,4556,126.62345690,45.80127650,79.769,1.809,68.107,0.214,78.156,1.203,0.000,1.200,0.760,-0.526,5.778,0.000,1.213,3.865,0.000,0.000,1.000,0.000,0.000,1.571,-0.277,0.000,1.000,-0.000
2025-07-14 15:49:03.987013,6376,126.62345870,45.80127670,79.972,1.845,68.129,0.266,78.296,1.178,0.000,1.170,0.830,-0.569,5.775,0.000,1.209,3.865,0.000,0.000,1.000,0.000,0.000,1.571,-0.277,0.000,1.000,-0.000
2025-07-14 15:49:04.097111,7996,126.62346030,45.80127690,80.110,1.243,68.151,0.268,78.420,1.196,0.000,1.160,0.800,-0.611,5.769,0.000,1.218,3.655,0.000,0.000,1.000,0.000,0.000,1.570,-0.277,0.000,1.000,-0.000
2025-07-14 15:49:04.207217,9926,126.62346220,45.80127720,80.260,1.364,68.185,0.242,78.567,1.186,0.000,1.160,0.710,-0.631,5.759,0.000,1.215,3.655,0.000,0.000,1.000,0.000,0.000,1.572,-0.276,0.000,1.000,-0.000
2025-07-14 15:49:04.317402,1436,126.62346370,45.80127740,80.422,1.473,68.207,0.242,78.683,1.183,0.000,1.160,0.740,-0.658,5.749,0.000,1.215,3.655,0.000,0.000,1.000,0.000,0.000,1.571,-0.276,0.000,1.000,-0.000
2025-07-14 15:49:04.427505,3266,126.62346550,45.80127760,80.633,1.918,68.229,0.265,78.823,1.206,0.000,1.170,0.740,-0.688,5.740,0.000,1.218,3.655,0.000,0.000,1.000,0.000,0.000,1.571,-0.276,0.000,1.000,-0.000
2025-07-14 15:49:04.537527,5086,126.62346730,45.80127780,80.845,1.927,68.251,0.271,78.962,1.214,0.000,1.170,0.660,-0.736,5.732,0.000,1.229,3.655,0.000,0.000,1.000,0.000,0.000,1.570,-0.277,0.000,1.000,-0.000
2025-07-14 15:49:04.647624,6706,126.62346890,45.80127800,81.058,1.936,68.274,0.274,79.086,1.215,0.000,1.170,0.670,-0.788,5.722,0.000,1.241,3.655,0.000,0.000,1.000,0.000,0.000,1.570,-0.277,0.000,1.000,-0.000
2025-07-14 15:49:04.757739,8636,126.62347080,45.80127830,81.260,1.836,68.307,0.222,79.233,1.191,0.000,1.170,0.720,-0.840,5.710,0.000,1.234,3.655,0.000,0.000,1.000,0.000,0.000,1.570,-0.277,0.000,1.000,-0.000
2025-07-14 15:49:04.867916,156,126.62347230,45.80127850,81.436,1.600,68.329,0.206,79.350,1.176,0.000,1.180,0.630,-0.887,5.699,0.000,1.217,3.655,0.000,0.000,1.000,0.000,0.000,1.570,-0.277,0.000,1.000,-0.000
2025-07-14 15:49:04.987951,1976,126.62347410,45.80127870,81.603,1.392,68.352,0.211,79.489,1.187,0.000,1.190,0.640,-0.927,5.692,0.000,1.204,3.655,0.000,0.000,1.000,0.000,0.000,1.571,-0.277,0.000,1.000,-0.000
2025-07-14 15:49:05.098051,3793,126.62347590,45.80127890,81.720,1.064,68.374,0.240,79.629,1.169,0.000,1.180,0.640,-0.959,5.690,0.000,1.198,3.708,0.000,0.000,1.000,0.000,0.000,1.571,-0.276,0.000,1.000,-0.000
2025-07-14 15:49:05.208173,5416,126.62347750,45.80127910,81.835,1.036,68.396,0.233,79.753,1.189,0.000,1.170,0.600,-0.977,5.687,0.000,1.204,3.708,0.000,0.000,1.000,0.000,0.000,1.571,-0.276,0.000,1.000,-0.000
2025-07-14 15:49:05.318352,7236,126.62347930,45.80127930,82.017,1.655,68.418,0.233,79.892,1.180,0.000,1.150,0.590,-0.995,5.681,0.000,1.203,3.708,0.000,0.000,1.000,0.000,0.000,1.571,-0.276,0.000,1.000,-0.000
2025-07-14 15:49:05.428390,8756,126.62348080,45.80127950,82.167,1.364,68.440,0.208,80.009,1.204,0.000,1.150,0.590,-1.038,5.672,0.000,1.212,3.708,0.000,0.000,1.000,0.000,0.000,1.571,-0.276,0.000,1.000,-0.000
2025-07-14 15:49:05.538477,576,126.62348260,45.80127970,82.303,1.236,68.463,0.213,80.148,1.209,0.000,1.200,0.560,-1.071,5.662,0.000,1.217,3.655,0.000,0.000,1.000,0.000,0.000,1.571,-0.276,0.000,1.000,-0.000
2025-07-14 15:49:05.648585,2196,126.62348420,45.80127990,82.431,1.164,68.485,0.214,80.272,1.205,0.000,1.150,0.550,-1.099,5.659,0.000,1.224,3.655,0.000,0.000,1.000,0.000,0.000,1.571,-0.276,0.000,1.000,-0.000
2025-07-14 15:49:05.758802,4016,126.62348600,45.80128010,82.529,0.891,68.507,0.168,80.412,1.184,0.000,1.160,0.560,-1.124,5.646,0.000,1.216,3.655,0.000,0.000,1.000,0.000,0.000,1.571,-0.276,0.000,1.000,-0.000
2025-07-14 15:49:05.868876,5826,126.62348780,45.80128020,82.649,1.091,68.518,0.171,80.551,1.195,0.000,1.170,0.540,-1.139,5.636,0.000,1.209,3.655,0.000,0.000,1.000,0.000,0.000,1.572,-0.276,0.000,1.000,-0.000
2025-07-14 15:49:05.978904,7443,126.62348940,45.80128040,82.755,0.964,68.541,0.170,80.675,1.184,0.000,1.170,0.460,-1.161,5.630,0.000,1.200,3.655,0.000,0.000,1.000,0.000,0.000,1.572,-0.276,0.000,1.000,-0.000
2025-07-14 15:49:06.089032,9253,126.62349120,45.80128050,82.881,1.145,68.552,0.179,80.815,1.173,0.000,1.170,0.490,-1.182,5.624,0.000,1.197,3.655,0.000,0.000,1.000,0.000,0.000,1.572,-0.276,0.000,1.000,-0.000
2025-07-14 15:49:06.199114,776,126.62349270,45.80128070,83.012,1.180,68.574,0.185,80.931,1.214,0.000,1.160,0.490,-1.209,5.620,0.000,1.204,3.655,0.000,0.000,1.000,0.000,0.000,1.571,-0.276,0.000,1.000,-0.000
2025-07-14 15:49:06.309228,2586,126.62349450,45.80128080,83.192,1.636,68.585,0.186,81.071,1.241,0.000,1.150,0.460,-1.237,5.612,0.000,1.223,3.655,0.000,0.000,1.000,0.000,0.000,1.571,-0.276,0.000,1.000,-0.000
2025-07-14 15:49:06.429335,4206,126.62349610,45.80128100,83.349,1.308,68.607,0.202,81.195,1.208,0.000,1.150,0.460,-1.285,5.600,0.000,1.236,3.655,0.000,0.000,1.000,0.000,0.000,1.571,-0.277,0.000,1.000,-0.000
2025-07-14 15:49:06.549447,6016,126.62349790,45.80128110,83.482,1.108,68.618,0.205,81.334,1.207,0.000,1.200,0.440,-1.321,5.585,0.000,1.235,3.655,0.000,0.000,1.000,0.000,0.000,1.571,-0.276,0.000,1.000,-0.000
2025-07-14 15:49:06.669579,8036,126.62349990,45.80128130,83.664,1.517,68.641,0.201,81.489,1.191,0.000,1.170,0.440,-1.349,5.579,0.000,1.219,3.655,0.000,0.000,1.000,0.000,0.000,1.572,-0.276,0.000,1.000,-0.000
2025-07-14 15:49:06.789695,9856,126.62350170,45.80128150,83.815,1.258,68.663,0.136,81.629,1.194,0.000,1.190,0.410,-1.393,5.571,0.000,1.211,3.655,0.000,0.000,1.000,0.000,0.000,1.571,-0.277,0.000,1.000,-0.000
2025-07-14 15:49:06.909811,1766,126.62350360,45.80128160,83.951,1.133,68.674,0.139,81.776,1.194,0.000,1.190,0.410,-1.428,5.567,0.000,1.204,3.655,0.000,0.000,1.000,0.000,0.000,1.571,-0.277,0.000,1.000,-0.000
2025-07-14 15:49:07.029927,3586,126.62350540,45.80128180,84.070,0.992,68.696,0.133,81.916,1.208,0.000,1.170,0.420,-1.458,5.565,0.000,1.206,3.655,0.000,0.000,1.000,0.000,0.000,1.572,-0.276,0.000,1.000,-0.000
2025-07-14 15:49:07.150029,5396,126.62350720,45.80128190,84.213,1.192,68.707,0.146,82.055,1.220,0.000,1.160,0.360,-1.482,5.559,0.000,1.215,3.655,0.000,0.000,1.000,0.000,0.000,1.572,-0.276,0.000,1.000,-0.000
2025-07-14 15:49:07.270151,7516,126.62350930,45.80128210,84.371,1.306,68.730,0.186,82.218,1.153,0.000,1.150,0.330,-1.516,5.549,0.000,1.204,3.655,0.000,0.000,1.000,0.000,0.000,1.571,-0.277,0.000,1.000,-0.000
2025-07-14 15:49:07.390253,9323,126.62351110,45.80128220,84.579,1.733,68.741,0.191,82.358,1.145,0.000,1.160,0.390,-1.556,5.540,0.000,1.186,3.655,0.000,0.000,1.000,0.000,0.000,1.571,-0.277,0.000,1.000,-0.000
2025-07-14 15:49:07.500368,1143,126.62351290,45.80128240,84.694,1.045,68.763,0.151,82.497,1.181,0.000,1.170,0.290,-1.611,5.535,0.000,1.173,3.655,0.000,0.000,1.000,0.000,0.000,1.570,-0.278,0.000,1.000,-0.000
2025-07-14 15:49:07.610462,3053,126.62351480,45.80128250,84.732,0.345,68.774,0.155,82.644,1.179,0.000,1.150,0.310,-1.644,5.535,0.000,1.180,1.129,0.000,0.000,1.000,0.000,0.000,1.572,-0.276,0.000,1.000,-0.000
2025-07-14 15:49:07.720656,4673,126.62351640,45.80128270,84.647,-0.773,68.796,0.154,82.768,1.203,0.000,1.150,0.310,-1.646,5.530,0.000,1.198,1.129,0.000,0.000,1.000,0.000,0.000,1.573,-0.275,0.000,1.000,-0.000
2025-07-14 15:49:07.830698,6486,126.62351820,45.80128280,84.623,-0.218,68.807,0.130,82.908,1.228,0.000,1.190,0.330,-1.604,5.522,0.000,1.212,1.129,0.000,0.000,1.000,0.000,0.000,1.573,-0.273,0.000,1.000,-0.000
2025-07-14 15:49:07.940791,8106,126.62351980,45.80128300,84.532,-0.827,68.830,0.118,83.032,1.226,0.000,1.180,0.240,-1.580,5.518,0.000,1.226,1.129,0.000,0.000,1.000,0.000,0.000,1.574,-0.273,0.000,1.000,-0.000
2025-07-14 15:49:08.050884,16,126.62352170,45.80128310,84.437,-0.864,68.841,0.106,83.179,1.236,0.000,1.180,0.240,-1.537,5.510,0.000,1.236,1.076,0.000,0.000,1.000,0.000,0.000,1.573,-0.274,0.000,1.000,-0.000
2025-07-14 15:49:08.160999,1626,126.62352330,45.80128320,84.358,-0.718,68.852,0.110,83.303,1.228,0.000,1.200,0.300,-1.491,5.500,0.000,1.235,1.076,0.000,0.000,1.000,0.000,0.000,1.573,-0.274,0.000,1.000,-0.000
2025-07-14 15:49:08.271163,3446,126.62352510,45.80128340,84.227,-1.180,68.874,0.141,83.443,1.208,0.000,1.180,0.300,-1.449,5.494,0.000,1.230,1.076,0.000,0.000,1.000,0.000,0.000,1.573,-0.274,0.000,1.000,-0.000
2025-07-14 15:49:08.381285,5046,126.62352670,45.80128350,84.092,-1.227,68.885,0.133,83.567,1.197,0.000,1.190,0.400,-1.389,5.486,0.000,1.218,1.076,0.000,0.000,1.000,0.000,0.000,1.572,-0.275,0.000,1.000,-0.000
2025-07-14 15:49:08.491313,6966,126.62352860,45.80128360,83.976,-1.055,68.896,0.072,83.714,1.229,0.000,1.190,0.400,-1.322,5.481,0.000,1.217,1.076,0.000,0.000,1.000,0.000,0.000,1.572,-0.276,0.000,1.000,-0.000
2025-07-14 15:49:08.601401,8576,126.62353020,45.80128370,83.851,-1.136,68.907,0.078,83.838,1.247,0.000,1.190,0.400,-1.261,5.476,0.000,1.228,1.076,0.000,0.000,1.000,0.000,0.000,1.572,-0.275,0.000,1.000,-0.000
2025-07-14 15:49:08.711519,486,126.62353210,45.80128380,83.674,-1.609,68.919,0.067,83.985,1.244,0.000,1.180,0.400,-1.198,5.470,0.000,1.242,1.076,0.000,0.000,1.000,0.000,0.000,1.572,-0.276,0.000,1.000,-0.000
2025-07-14 15:49:08.821699,2096,126.62353370,45.80128390,83.492,-1.655,68.930,0.090,84.110,1.214,0.000,1.170,0.400,-1.115,5.459,0.000,1.238,1.076,0.000,0.000,1.000,0.000,0.000,1.570,-0.277,0.000,1.000,-0.000
2025-07-14 15:49:08.931729,3896,126.62353550,45.80128390,83.244,-2.255,68.930,0.082,84.249,1.205,0.000,1.180,0.500,-1.030,5.447,0.000,1.224,1.076,0.000,0.000,1.000,0.000,0.000,1.569,-0.278,0.000,1.000,-0.000
2025-07-14 15:49:09.041826,5496,126.62353710,45.80128390,83.037,-1.882,68.930,0.100,84.373,1.236,0.000,1.190,0.500,-0.917,5.440,0.000,1.222,1.076,0.000,0.000,1.000,0.000,0.000,1.566,-0.281,0.000,1.000,-0.000
2025-07-14 15:49:09.151935,7406,126.62353900,45.80128400,82.818,-1.991,68.941,0.096,84.520,1.248,0.000,1.190,0.500,-0.818,5.435,0.000,1.233,1.076,0.000,0.000,1.000,0.000,0.000,1.568,-0.280,0.000,1.000,-0.000
2025-07-14 15:49:09.262044,9006,126.62354060,45.80128400,82.576,-2.200,68.941,0.130,84.644,1.184,0.000,1.170,0.600,-0.715,5.427,0.000,1.228,1.076,0.000,0.000,1.000,0.000,0.000,1.566,-0.281,0.000,1.000,-0.000
2025-07-14 15:49:09.372154,806,126.62354240,45.80128400,82.294,-2.541,68.941,0.121,84.784,1.191,0.000,1.170,0.600,-0.599,5.417,0.000,1.213,1.076,0.000,0.000,1.000,0.000,0.000,1.565,-0.283,0.000,1.000,-0.000
2025-07-14 15:49:09.482264,2706,126.62354430,45.80128410,82.026,-2.436,68.952,0.060,84.931,1.236,0.000,1.180,0.600,-0.470,5.410,0.000,1.209,1.076,0.000,0.000,1.000,0.000,0.000,1.562,-0.286,0.000,1.000,-0.000
2025-07-14 15:49:09.592349,4306,126.62354590,45.80128410,81.840,-1.691,68.952,0.059,85.055,1.247,0.000,1.180,0.700,-0.343,5.405,0.000,1.228,1.076,0.000,0.000,1.000,0.000,0.000,1.561,-0.286,0.000,1.000,-0.000
2025-07-14 15:49:09.702472,6126,126.62354770,45.80128420,81.632,-1.891,68.963,0.057,85.195,1.249,0.000,1.160,0.700,-0.243,5.397,0.000,1.245,1.076,0.000,0.000,1.000,0.000,0.000,1.565,-0.282,0.000,1.000,-0.000
2025-07-14 15:49:09.812556,7736,126.62354930,45.80128430,81.339,-2.664,68.974,0.122,85.319,1.230,0.000,1.160,0.700,-0.136,5.382,0.000,1.245,1.076,0.000,0.000,1.000,0.000,0.000,1.563,-0.284,0.000,1.000,-0.000
2025-07-14 15:49:09.922671,9546,126.62355110,45.80128440,81.012,-2.973,68.985,0.103,85.458,1.232,0.000,1.180,0.800,0.003,5.368,0.000,1.241,1.076,0.000,0.000,1.000,0.000,0.000,1.559,-0.289,0.000,1.000,-0.000
2025-07-14 15:49:10.032789,1156,126.62355270,45.80128450,80.775,-2.155,68.996,0.115,85.582,1.181,0.000,1.200,0.800,0.159,5.357,0.000,1.220,1.023,0.000,0.000,1.000,0.000,0.000,1.555,-0.291,0.000,1.000,-0.000
2025-07-14 15:49:10.142892,2866,126.62355440,45.80128460,80.518,-2.336,69.008,0.115,85.714,1.193,0.000,1.200,0.900,0.283,5.354,0.000,1.207,1.023,0.000,0.000,1.000,0.000,0.000,1.560,-0.287,0.000,1.000,-0.000
2025-07-14 15:49:10.252990,4466,126.62355600,45.80128470,80.248,-2.455,69.019,0.142,85.838,1.210,0.000,1.190,0.900,0.417,5.353,0.000,1.201,1.023,0.000,0.000,1.000,0.000,0.000,1.558,-0.290,0.000,1.000,-0.000
2025-07-14 15:49:10.363100,6296,126.62355780,45.80128490,79.867,-3.432,69.041,0.132,85.978,1.202,0.000,1.170,0.900,0.557,5.351,0.000,1.209,1.023,0.000,0.000,1.000,0.000,0.000,1.556,-0.291,0.000,1.000,-0.000
2025-07-14 15:49:10.473287,7896,126.62355940,45.80128490,79.562,-2.773,69.041,0.140,86.102,1.211,0.000,1.160,1.000,0.735,5.344,0.000,1.216,1.023,0.000,0.000,1.000,0.000,0.000,1.548,-0.299,0.000,1.000,-0.000
2025-07-14 15:49:10.583306,9606,126.62356110,45.80128500,79.286,-2.509,69.052,0.122,86.234,1.179,0.000,1.150,1.000,0.893,5.334,0.000,1.205,1.076,0.000,0.000,1.000,0.000,0.000,1.552,-0.296,0.000,1.000,-0.000
2025-07-14 15:49:10.693419,1113,126.62356260,45.80128510,79.090,-1.782,69.063,0.113,86.350,1.187,0.000,1.160,1.100,1.040,5.325,0.000,1.199,1.076,0.000,0.000,1.000,0.000,0.000,1.552,-0.296,0.000,1.000,-0.000
2025-07-14 15:49:10.803512,3036,126.62356450,45.80128530,78.820,-2.455,69.085,0.187,86.497,1.217,0.000,1.160,1.100,1.161,5.318,0.000,1.203,1.076,0.000,0.000,1.000,0.000,0.000,1.556,-0.291,0.000,1.000,-0.000
2025-07-14 15:49:10.913703,4756,126.62356620,45.80128550,78.517,-2.755,69.108,0.187,86.629,1.235,0.000,1.170,1.100,1.308,5.311,0.000,1.224,1.076,0.000,0.000,1.000,0.000,0.000,1.551,-0.297,0.000,1.000,-0.000
2025-07-14 15:49:11.024185,6776,126.62356820,45.80128570,78.205,-2.811,69.130,0.152,86.784,1.210,0.000,1.200,1.200,1.468,5.302,0.000,1.233,1.076,0.000,0.000,1.000,0.000,0.000,1.548,-0.300,0.000,1.000,-0.000
2025-07-14 15:49:11.134288,8496,126.62356990,45.80128590,77.945,-2.364,69.152,0.141,86.916,1.192,0.000,1.150,1.200,1.636,5.296,0.000,1.223,1.076,0.000,0.000,1.000,0.000,0.000,1.546,-0.302,0.000,1.000,-0.000
2025-07-14 15:49:11.244669,406,126.62357180,45.80128600,77.637,-2.800,69.163,0.217,87.063,1.221,0.000,1.170,1.300,1.785,5.284,0.000,1.220,1.076,0.000,0.000,1.000,0.000,0.000,1.548,-0.300,0.000,1.000,-0.000
2025-07-14 15:49:11.354476,2326,126.62357370,45.80128620,77.349,-2.618,69.185,0.210,87.210,1.222,0.000,1.170,1.300,1.955,5.275,0.000,1.227,1.076,0.000,0.000,1.000,0.000,0.000,1.543,-0.305,0.000,1.000,-0.000
2025-07-14 15:49:11.464676,3946,126.62357530,45.80128640,77.130,-1.991,69.208,0.205,87.334,1.213,0.000,1.180,1.300,2.119,5.265,0.000,1.237,1.076,0.000,0.000,1.000,0.000,0.000,1.543,-0.306,0.000,1.000,-0.000
2025-07-14 15:49:11.574726,5856,126.62357720,45.80128650,76.917,-1.936,69.219,0.195,87.482,1.239,0.000,1.170,1.400,2.258,5.256,0.000,1.241,2.076,0.000,0.000,1.000,0.000,0.000,1.546,-0.302,0.000,1.000,-0.000
2025-07-14 15:49:11.684813,7476,126.62357880,45.80128670,76.802,-1.045,69.241,0.192,87.606,1.238,0.000,1.170,1.400,2.397,5.243,0.000,1.246,2.076,0.000,0.000,1.000,0.000,0.000,1.545,-0.303,0.000,1.000,-0.000
2025-07-14 15:49:11.794926,9406,126.62358070,45.80128700,76.665,-1.245,69.274,0.238,87.753,1.162,0.000,1.180,1.500,2.501,5.230,0.000,1.231,2.076,0.000,0.000,1.000,0.000,0.000,1.550,-0.298,0.000,1.000,-0.000
2025-07-14 15:49:11.905013,1036,126.62358230,45.80128730,76.604,-0.555,69.308,0.231,87.877,1.150,0.000,1.190,1.500,2.615,5.222,0.000,1.204,2.076,0.000,0.000,1.000,0.000,0.000,1.549,-0.300,0.000,1.000,-0.000
2025-07-14 15:49:12.015205,2863,126.62358410,45.80128760,76.583,-0.189,69.341,0.223,88.017,1.162,0.000,1.190,1.600,2.702,5.219,0.000,1.181,2.076,0.000,0.000,1.000,0.000,0.000,1.552,-0.297,0.000,1.000,-0.000
2025-07-14 15:49:12.125245,4483,126.62358570,45.80128780,76.575,-0.073,69.363,0.218,88.141,1.162,0.000,1.200,1.600,2.777,5.221,0.000,1.179,2.444,0.000,0.000,1.000,0.000,0.000,1.553,-0.296,0.000,1.000,-0.000
2025-07-14 15:49:12.235364,6313,126.62358750,45.80128810,76.592,0.155,69.397,0.252,88.280,1.178,0.000,1.180,1.600,2.847,5.224,0.000,1.190,2.444,0.000,0.000,1.000,0.000,0.000,1.553,-0.296,0.000,1.000,-0.000
2025-07-14 15:49:12.345435,7943,126.62358910,45.80128840,76.623,0.282,69.430,0.250,88.404,1.171,0.000,1.150,1.600,2.908,5.223,0.000,1.195,2.444,0.000,0.000,1.000,0.000,0.000,1.554,-0.295,0.000,1.000,-0.000
2025-07-14 15:49:12.455564,9773,126.62359090,45.80128870,76.684,0.555,69.463,0.255,88.544,1.143,0.000,1.150,1.600,2.963,5.215,0.000,1.191,2.444,0.000,0.000,1.000,0.000,0.000,1.554,-0.295,0.000,1.000,-0.000
2025-07-14 15:49:12.565937,1293,126.62359240,45.80128890,76.775,0.827,69.486,0.258,88.660,1.149,0.000,1.190,1.650,3.007,5.208,0.000,1.182,2.444,0.000,0.000,1.000,0.000,0.000,1.554,-0.294,0.000,1.000,-0.000
2025-07-14 15:49:12.675758,3123,126.62359420,45.80128920,76.846,0.645,69.519,0.257,88.800,1.151,0.000,1.190,1.650,3.042,5.209,0.000,1.176,2.444,0.000,0.000,1.000,0.000,0.000,1.555,-0.294,0.000,1.000,-0.000
2025-07-14 15:49:12.785867,4653,126.62359570,45.80128950,76.899,0.482,69.552,0.265,88.916,1.133,0.000,1.190,1.650,3.083,5.212,0.000,1.174,2.444,0.000,0.000,1.000,0.000,0.000,1.554,-0.294,0.000,1.000,-0.000
2025-07-14 15:49:12.895970,6283,126.62359730,45.80128980,76.961,0.564,69.586,0.237,89.040,1.161,0.000,1.200,1.680,3.132,5.214,0.000,1.176,2.444,0.000,0.000,1.000,0.000,0.000,1.554,-0.295,0.000,1.000,-0.000
2025-07-14 15:49:13.006044,7813,126.62359880,45.80129010,77.028,0.609,69.619,0.226,89.156,1.158,0.000,1.200,1.680,3.178,5.219,0.000,1.176,2.444,0.000,0.000,1.000,0.000,0.000,1.554,-0.295,0.000,1.000,-0.000
2025-07-14 15:49:13.116250,9453,126.62360040,45.80129050,77.139,1.000,69.664,0.223,89.280,1.155,0.000,1.180,1.730,3.223,5.223,0.000,1.180,2.655,0.000,0.000,1.000,0.000,0.000,1.554,-0.295,0.000,1.000,-0.000
2025-07-14 15:49:13.226276,973,126.62360190,45.80129070,77.273,1.218,69.686,0.245,89.396,1.169,0.000,1.170,1.680,3.254,5.223,0.000,1.184,2.655,0.000,0.000,1.000,0.000,0.000,1.555,-0.294,0.000,1.000,-0.000
2025-07-14 15:49:13.336596,2613,126.62360350,45.80129110,77.438,1.500,69.730,0.258,89.520,1.171,0.000,1.180,1.660,3.274,5.220,0.000,1.190,2.655,0.000,0.000,1.000,0.000,0.000,1.555,-0.294,0.000,1.000,-0.000
2025-07-14 15:49:13.446493,4333,126.62360520,45.80129140,77.606,1.527,69.764,0.264,89.652,1.112,0.000,1.180,1.660,3.281,5.219,0.000,1.179,2.655,0.000,0.000,1.000,0.000,0.000,1.555,-0.293,0.000,1.000,-0.000
2025-07-14 15:49:13.556602,5873,126.62360670,45.80129170,77.773,1.518,69.797,0.255,89.769,1.100,0.000,1.180,1.660,3.287,5.219,0.000,1.157,3.076,0.000,0.000,1.000,0.000,0.000,1.555,-0.293,0.000,1.000,-0.000
2025-07-14 15:49:13.666785,7493,126.62360830,45.80129200,78.037,2.400,69.830,0.257,89.893,1.098,0.000,1.180,1.700,3.292,5.223,0.000,1.133,3.076,0.000,0.000,1.000,0.000,0.000,1.555,-0.293,0.000,1.000,-0.000
2025-07-14 15:49:13.776800,9033,126.62360980,45.80129230,78.226,1.718,69.864,0.269,90.009,1.134,0.000,1.190,1.700,3.265,5.231,0.000,1.141,3.076,0.000,0.000,1.000,0.000,0.000,1.556,-0.293,0.000,1.000,-0.000
2025-07-14 15:49:13.886931,753,126.62361150,45.80129260,78.426,1.818,69.897,0.269,90.141,1.142,0.000,1.190,1.700,3.263,5.239,0.000,1.155,3.076,0.000,0.000,1.000,0.000,0.000,1.556,-0.293,0.000,1.000,-0.000
2025-07-14 15:49:13.997012,2283,126.62361300,45.80129280,78.615,1.718,69.919,0.238,90.257,1.066,0.000,1.180,1.630,3.258,5.245,0.000,1.144,3.076,0.000,0.000,1.000,0.000,0.000,1.556,-0.293,0.000,1.000,-0.000
2025-07-14 15:49:14.107144,4013,126.62361470,45.80129310,78.822,1.865,69.953,0.243,90.389,1.029,0.000,1.180,1.630,3.254,5.251,0.000,1.108,3.076,0.000,0.000,1.000,0.000,0.000,1.556,-0.293,0.000,1.000,-0.000
2025-07-14 15:49:14.217286,5440,126.62361610,45.80129340,78.958,1.236,69.986,0.247,90.497,1.101,0.000,1.180,1.600,3.245,5.264,0.000,1.093,3.076,0.000,0.000,1.000,0.000,0.000,1.556,-0.293,0.000,1.000,-0.000
2025-07-14 15:49:14.327345,7170,126.62361780,45.80129370,79.123,1.500,70.019,0.240,90.629,1.088,0.000,1.160,1.620,3.259,5.279,0.000,1.100,3.076,0.000,0.000,1.000,0.000,0.000,1.557,-0.293,0.000,1.000,-0.000
2025-07-14 15:49:14.437514,8603,126.62361920,45.80129400,79.348,2.045,70.053,0.239,90.738,1.077,0.000,1.160,1.620,3.264,5.289,0.000,1.115,3.076,0.000,0.000,1.000,0.000,0.000,1.557,-0.293,0.000,1.000,-0.000
2025-07-14 15:49:14.547540,233,126.62362080,45.80129430,79.595,2.245,70.086,0.238,90.862,1.080,0.000,1.190,1.620,3.248,5.297,0.000,1.108,3.076,0.000,0.000,1.000,0.000,0.000,1.557,-0.293,0.000,1.000,-0.000
2025-07-14 15:49:14.657820,1653,126.62362220,45.80129450,79.828,2.118,70.108,0.239,90.970,1.068,0.000,1.190,1.540,3.222,5.311,0.000,1.101,3.076,0.000,0.000,1.000,0.000,0.000,1.557,-0.293,0.000,1.000,-0.000
2025-07-14 15:49:14.767831,3283,126.62362380,45.80129480,80.098,2.455,70.142,0.232,91.094,1.101,0.000,1.190,1.540,3.198,5.326,0.000,1.109,3.076,0.000,0.000,1.000,0.000,0.000,1.557,-0.293,0.000,1.000,-0.000
2025-07-14 15:49:14.877867,4803,126.62362530,45.80129500,80.338,2.182,70.164,0.215,91.210,1.114,0.000,1.170,1.540,3.161,5.340,0.000,1.118,3.076,0.000,0.000,1.000,0.000,0.000,1.556,-0.293,0.000,1.000,-0.000
2025-07-14 15:49:14.987968,6523,126.62362700,45.80129520,80.597,2.355,70.186,0.207,91.342,1.157,0.000,1.170,1.540,3.133,5.349,0.000,1.145,3.076,0.000,0.000,1.000,0.000,0.000,1.557,-0.293,0.000,1.000,-0.000
2025-07-14 15:49:15.098088,7943,126.62362840,45.80129540,80.845,2.234,70.208,0.204,91.451,1.157,0.000,1.160,1.540,3.100,5.353,0.000,1.162,3.076,0.000,0.000,1.000,0.000,0.000,1.557,-0.293,0.000,1.000,-0.000
2025-07-14 15:49:15.208171,9673,126.62363010,45.80129570,81.176,3.009,70.242,0.214,91.582,1.136,0.000,1.160,1.540,3.071,5.353,0.000,1.169,3.076,0.000,0.000,1.000,0.000,0.000,1.557,-0.293,0.000,1.000,-0.000
2025-07-14 15:49:15.318345,1193,126.62363160,45.80129590,81.484,2.800,70.264,0.226,91.699,1.127,0.000,1.160,1.450,3.011,5.351,0.000,1.160,3.076,0.000,0.000,1.000,0.000,0.000,1.556,-0.295,0.000,1.000,-0.000
2025-07-14 15:49:15.428608,2813,126.62363320,45.80129610,81.846,3.291,70.286,0.226,91.823,1.123,0.000,1.200,1.350,2.955,5.351,0.000,1.150,3.076,0.000,0.000,1.000,0.000,0.000,1.556,-0.294,0.000,1.000,-0.000
2025-07-14 15:49:15.538499,4543,126.62363490,45.80129640,82.217,3.373,70.320,0.236,91.955,1.097,0.000,1.200,1.350,2.875,5.360,0.000,1.139,3.076,0.000,0.000,1.000,0.000,0.000,1.554,-0.296,0.000,1.000,-0.000
2025-07-14 15:49:15.648600,5963,126.62363630,45.80129660,82.523,2.782,70.342,0.237,92.063,1.089,0.000,1.160,1.330,2.791,5.370,0.000,1.127,3.076,0.000,0.000,1.000,0.000,0.000,1.554,-0.297,0.000,1.000,-0.000
2025-07-14 15:49:15.758715,7583,126.62363790,45.80129680,82.874,3.191,70.364,0.173,92.187,1.131,0.000,1.160,1.330,2.729,5.376,0.000,1.127,3.076,0.000,0.000,1.000,0.000,0.000,1.556,-0.295,0.000,1.000,-0.000
2025-07-14 15:49:15.868880,9183,126.62363950,45.80129690,83.160,2.600,70.375,0.164,92.311,1.176,0.000,1.160,1.300,2.653,5.382,0.000,1.149,3.076,0.000,0.000,1.000,0.000,0.000,1.554,-0.297,0.000,1.000,-0.000
2025-07-14 15:49:15.978907,1003,126.62364130,45.80129700,83.546,3.509,70.386,0.175,92.451,1.180,0.000,1.190,1.170,2.597,5.384,0.000,1.175,3.076,0.000,0.000,1.000,0.000,0.000,1.556,-0.295,0.000,1.000,-0.000
2025-07-14 15:49:16.089058,2532,126.62364280,45.80129720,83.861,2.864,70.409,0.163,92.567,1.120,91.960,1.200,0.000,2.502,5.386,0.000,1.171,3.076,0.000,0.000,1.000,0.000,0.000,1.553,-0.299,0.000,1.000,-0.000
2025-07-14 15:49:16.199145,4333,126.62364460,45.80129730,86.520,23.951,70.420,0.152,92.707,1.138,92.000,1.200,0.000,4.859,5.391,0.000,1.158,3.076,0.000,0.000,1.000,0.000,0.000,1.553,-0.299,0.000,1.000,-0.000
2025-07-14 15:49:16.318778,5845,126.62364610,45.80129750,86.760,2.024,70.442,0.159,92.823,1.120,92.240,1.200,0.000,3.490,5.398,0.000,1.137,3.076,0.000,0.000,0.913,0.000,0.000,1.553,-0.299,0.000,1.000,-0.000
2025-07-14 15:49:16.428882,7576,126.62364780,45.80129770,87.138,3.429,70.464,0.106,92.955,1.125,92.330,1.200,0.000,3.906,5.409,0.000,1.136,3.076,0.000,0.000,0.838,-0.105,0.000,1.553,-0.299,0.000,1.000,-0.000
2025-07-14 15:49:16.539004,9297,126.62364950,45.80129790,87.333,1.773,70.486,0.141,93.086,1.163,92.480,1.200,0.000,4.141,5.420,0.000,1.144,-3.450,0.000,0.000,0.760,-0.175,0.000,1.553,-0.299,0.000,1.000,-0.000
2025-07-14 15:49:16.649099,909,126.62365110,45.80129800,87.399,0.601,70.498,0.154,93.210,1.170,92.630,1.200,0.000,4.569,5.430,0.000,1.161,-3.450,0.000,0.000,0.689,-0.242,0.000,1.553,-0.299,0.000,1.000,-0.000
2025-07-14 15:49:16.759302,2630,126.62365280,45.80129820,87.528,1.173,70.520,0.118,93.342,1.116,92.790,1.200,0.000,5.194,5.436,0.000,1.158,-3.450,0.000,0.000,0.620,-0.304,0.000,1.553,-0.299,0.000,1.000,-0.000
2025-07-14 15:49:16.879308,4331,126.62365450,45.80129820,87.729,1.672,70.520,0.057,93.474,1.103,92.880,1.200,0.000,5.863,5.444,0.000,1.136,-3.450,0.000,0.000,0.561,-0.357,0.000,1.553,-0.299,0.000,1.000,-0.000
2025-07-14 15:49:16.999415,6033,126.62365620,45.80129830,87.977,2.062,70.531,0.100,93.606,1.158,93.040,1.200,0.000,6.395,5.455,0.000,1.130,-3.450,0.000,0.000,0.516,-0.396,0.000,1.553,-0.299,0.000,1.000,-0.000
2025-07-14 15:49:17.119516,7633,126.62365780,45.80129830,88.288,2.593,70.531,0.099,93.730,1.131,93.070,1.200,0.000,6.783,5.467,0.000,1.134,7.708,0.000,0.000,0.489,-0.421,0.000,1.553,-0.299,0.000,1.000,-0.000
2025-07-14 15:49:17.239656,9244,126.62365940,45.80129840,88.617,2.747,70.542,0.084,93.854,1.128,93.160,1.200,0.000,6.797,5.478,0.000,1.143,7.708,0.000,0.000,0.478,-0.432,0.000,1.553,-0.299,0.000,1.000,-0.000
2025-07-14 15:49:17.359756,944,126.62366110,45.80129840,89.017,3.328,70.542,0.091,93.986,1.110,93.190,1.200,0.000,6.578,5.488,0.000,1.127,7.708,0.000,0.000,0.478,-0.431,0.000,1.553,-0.299,0.000,1.000,-0.000
2025-07-14 15:49:17.479883,2755,126.62366290,45.80129850,89.526,4.246,70.553,0.106,94.125,1.097,93.290,1.200,0.000,6.084,5.500,0.000,1.116,7.708,0.000,0.000,0.485,-0.425,0.000,1.553,-0.299,0.000,1.000,-0.000
2025-07-14 15:49:17.599999,4356,126.62366450,45.80129850,90.031,4.205,70.553,0.123,94.249,1.088,93.320,1.200,0.000,5.410,5.515,0.000,1.104,7.918,0.000,0.000,0.496,-0.412,0.000,1.553,-0.299,0.000,1.000,-0.000
2025-07-14 15:49:17.720114,5964,126.62366610,45.80129860,90.548,4.274,70.564,0.136,94.373,1.062,93.410,1.200,0.000,4.658,5.531,0.000,1.089,7.918,0.000,0.000,0.507,-0.400,0.000,1.553,-0.299,0.000,1.000,-0.000
2025-07-14 15:49:17.840219,7764,126.62366790,45.80129870,91.110,4.688,70.575,0.105,94.513,1.098,93.440,1.200,0.000,3.957,5.550,0.000,1.090,7.918,0.000,0.000,0.517,-0.388,0.000,1.553,-0.299,0.000,1.000,-0.000
2025-07-14 15:49:17.960399,9565,126.62366970,45.80129870,91.677,4.718,70.575,0.105,94.652,1.099,93.540,1.200,0.000,3.207,5.569,0.000,1.093,7.918,0.000,0.000,0.526,-0.377,0.000,1.553,-0.299,0.000,1.000,-0.000
2025-07-14 15:49:18.070444,1486,126.62367160,45.80129880,92.341,6.038,70.587,0.063,94.800,1.091,93.630,1.200,0.000,2.525,5.588,0.000,1.100,7.181,0.000,0.000,0.536,-0.366,0.000,1.553,-0.299,0.000,1.000,-0.000
2025-07-14 15:49:18.180544,3096,126.62367320,45.80129890,92.854,4.668,70.598,0.077,94.924,1.095,93.670,1.200,0.000,1.789,5.605,0.000,1.098,7.181,0.000,0.000,0.546,-0.352,0.000,1.553,-0.299,0.000,1.000,-0.000
2025-07-14 15:49:18.290656,4807,126.62367490,45.80129900,93.417,5.117,70.609,0.065,95.055,1.062,93.760,1.200,0.000,1.163,5.622,0.000,1.085,7.181,0.000,0.000,0.553,-0.343,0.000,1.553,-0.299,0.000,1.000,-0.000
2025-07-14 15:49:18.400753,6318,126.62367640,45.80129910,93.920,4.573,70.620,-0.007,95.172,1.053,93.860,1.200,0.000,0.584,5.642,0.000,1.072,7.181,0.000,0.000,0.559,-0.333,0.000,1.553,-0.299,0.000,1.000,-0.000
2025-07-14 15:49:18.510874,8029,126.62367810,45.80129920,94.396,4.320,70.631,0.016,95.303,1.037,93.960,1.200,0.000,0.093,5.664,0.000,1.051,7.181,0.000,0.000,0.562,-0.327,0.000,1.553,-0.299,0.000,1.000,-0.000
2025-07-14 15:49:18.620963,9520,126.62367960,45.80129930,94.772,3.423,70.642,0.034,95.420,1.042,94.060,1.200,0.000,-0.346,5.690,0.000,1.044,3.339,0.000,0.000,0.563,-0.323,0.000,1.553,-0.299,0.000,1.000,-0.000
2025-07-14 15:49:18.731083,1241,126.62368130,45.80129940,95.173,3.645,70.653,-0.053,95.552,1.092,94.160,1.200,0.000,-0.688,5.716,0.000,1.058,3.339,0.000,0.000,0.561,-0.323,0.000,1.553,-0.299,0.000,1.000,-0.000
2025-07-14 15:49:18.841179,2622,126.62368270,45.80129920,95.515,3.083,70.631,-0.092,95.660,1.088,94.260,1.200,0.000,-1.033,5.741,0.000,1.076,3.339,0.000,0.000,0.556,-0.325,0.000,1.553,-0.299,0.000,1.000,-0.000
2025-07-14 15:49:18.951267,4303,126.62368440,45.80129900,95.873,3.257,70.609,-0.092,95.792,1.075,94.360,1.200,0.000,-1.337,5.762,0.000,1.088,3.339,0.000,0.000,0.549,-0.330,0.000,1.553,-0.299,0.000,1.000,-0.000
2025-07-14 15:49:19.061458,5692,126.62368580,45.80129890,96.180,2.786,70.598,-0.064,95.900,1.127,94.270,1.200,0.000,-1.658,5.781,0.000,1.100,3.234,0.000,0.000,0.539,-0.337,0.000,1.553,-0.299,0.000,1.000,-0.000
2025-07-14 15:49:19.171491,7164,126.62368730,45.80129870,96.464,2.580,70.575,-0.050,96.017,1.110,94.170,1.200,0.000,-2.121,5.798,-0.000,1.106,3.234,0.000,0.000,0.527,-0.347,0.000,1.553,-0.299,0.000,1.000,-0.000
2025-07-14 15:49:19.281593,8564,126.62368870,45.80129860,96.675,1.916,70.564,-0.111,96.125,1.121,94.140,1.200,0.000,-2.645,5.814,-0.000,1.122,3.234,0.000,0.000,0.511,-0.360,0.000,1.553,-0.299,0.000,1.000,-0.000
2025-07-14 15:49:19.391682,153,126.62369030,45.80129850,96.871,1.789,70.553,-0.169,96.249,1.143,94.050,1.200,0.000,-3.099,5.828,-0.000,1.131,3.234,0.000,0.000,0.492,-0.375,0.000,1.553,-0.299,0.000,1.000,-0.000
2025-07-14 15:49:19.501803,1543,126.62369170,45.80129840,96.981,0.995,70.542,-0.167,96.358,1.155,94.020,1.200,0.000,-3.608,5.840,-0.000,1.150,3.234,0.000,0.000,0.473,-0.392,0.000,1.553,-0.299,0.000,1.000,-0.000
2025-07-14 15:49:19.611957,3242,126.62369340,45.80129830,97.077,0.873,70.531,-0.160,96.490,1.178,93.990,1.200,0.000,-4.020,5.848,-0.000,1.170,0.918,0.000,0.000,0.455,-0.407,0.000,1.553,-0.299,0.000,1.000,-0.000
2025-07-14 15:49:19.722108,4932,126.62369510,45.80129820,96.966,-0.995,70.520,-0.174,96.621,1.121,93.950,1.200,0.000,-4.387,5.853,-0.000,1.163,0.918,0.000,0.000,0.441,-0.420,0.000,1.553,-0.299,0.000,1.000,-0.000
2025-07-14 15:49:19.832108,6402,126.62369660,45.80129790,96.919,-0.427,70.486,-0.257,96.738,1.135,93.920,1.200,0.000,-4.487,5.859,-0.000,1.162,0.918,0.000,0.000,0.436,-0.424,0.000,1.553,-0.299,0.000,1.000,-0.000
2025-07-14 15:49:19.942226,8151,126.62369840,45.80129750,96.817,-0.935,70.442,-0.256,96.877,1.123,93.890,1.200,0.000,-4.521,5.866,-0.000,1.150,0.918,0.000,0.000,0.435,-0.425,0.000,1.553,-0.299,0.000,1.000,-0.000
2025-07-14 15:49:20.052324,9630,126.62369990,45.80129720,96.675,-1.291,70.409,-0.246,96.993,1.176,93.720,1.200,0.000,-4.451,5.875,-0.000,1.172,-2.345,0.000,0.000,0.436,-0.424,0.000,1.553,-0.299,0.000,1.000,-0.000
2025-07-14 15:49:20.162522,1287,126.62370160,45.80129690,96.449,-2.055,70.375,-0.246,97.125,1.173,93.490,1.200,0.000,-4.421,5.879,-0.000,1.184,-2.345,0.000,0.000,0.440,-0.420,0.000,1.553,-0.299,0.000,1.000,-0.000
2025-07-14 15:49:20.272545,2879,126.62370320,45.80129670,96.295,-1.397,70.353,-0.273,97.249,1.213,93.330,1.200,0.000,-4.373,5.882,-0.000,1.214,-2.345,0.000,0.000,0.445,-0.415,0.000,1.553,-0.299,0.000,1.000,-0.000
2025-07-14 15:49:20.382647,4537,126.62370490,45.80129630,96.087,-1.894,70.309,-0.285,97.381,1.155,93.160,1.200,0.000,-4.351,5.880,-0.000,1.211,-2.345,0.000,0.000,0.446,-0.414,0.000,1.553,-0.299,0.000,1.000,-0.000
2025-07-14 15:49:20.492744,6116,126.62370650,45.80129610,95.789,-2.704,70.286,-0.299,97.505,1.150,93.050,1.200,0.000,-4.286,5.878,-0.000,1.207,-2.345,0.000,0.000,0.448,-0.411,0.000,1.553,-0.299,0.000,1.000,-0.000
2025-07-14 15:49:20.602843,7791,126.62370820,45.80129580,95.456,-3.030,70.253,-0.304,97.637,1.125,92.810,1.200,0.000,-4.046,5.877,-0.000,1.181,-4.556,0.000,0.000,0.454,-0.406,0.000,1.553,-0.299,0.000,1.000,-0.000
2025-07-14 15:49:20.712962,9360,126.62370980,45.80129550,95.103,-3.213,70.220,-0.307,97.761,1.112,92.700,1.200,0.000,-3.821,5.880,-0.000,1.169,-4.556,0.000,0.000,0.461,-0.398,0.000,1.553,-0.299,0.000,1.000,-0.000
2025-07-14 15:49:20.823069,1118,126.62371160,45.80129510,94.682,-3.819,70.175,-0.276,97.900,1.189,92.530,1.200,0.000,-3.477,5.885,-0.000,1.180,-4.556,0.000,0.000,0.467,-0.392,0.000,1.553,-0.299,0.000,1.000,-0.000
2025-07-14 15:49:20.933176,2776,126.62371330,45.80129470,94.258,-3.827,70.131,-0.280,98.032,1.188,92.350,1.200,0.000,-3.080,5.889,-0.000,1.198,-4.556,0.000,0.000,0.475,-0.383,0.000,1.553,-0.299,0.000,1.000,-0.000
2025-07-14 15:49:21.043264,4637,126.62371520,45.80129430,93.753,-4.589,70.086,-0.271,98.179,1.227,92.110,1.200,0.000,-2.688,5.889,-0.000,1.233,-3.450,0.000,0.000,0.482,-0.375,0.000,1.553,-0.299,0.000,1.000,-0.000
2025-07-14 15:49:21.153373,6314,126.62371690,45.80129400,93.324,-3.900,70.053,-0.292,98.311,1.231,91.860,1.200,0.000,-2.285,5.883,-0.000,1.247,-3.450,0.000,0.000,0.491,-0.365,0.000,1.553,-0.299,0.000,1.000,-0.000
2025-07-14 15:49:21.263563,8072,126.62371870,45.80129360,92.846,-4.347,70.008,-0.264,98.451,1.267,91.610,1.200,0.000,-1.979,5.875,-0.000,1.272,-3.450,0.000,0.000,0.497,-0.358,0.000,1.553,-0.299,0.000,1.000,-0.000
2025-07-14 15:49:21.373594,9730,126.62372040,45.80129320,92.423,-3.845,69.964,-0.275,98.583,1.259,91.420,1.200,0.000,-1.665,5.863,-0.000,1.283,-3.450,0.000,0.000,0.502,-0.352,0.000,1.553,-0.299,0.000,1.000,-0.000
2025-07-14 15:49:21.483697,1487,126.62372220,45.80129280,91.977,-4.056,69.919,-0.265,98.722,1.219,91.170,1.200,0.000,-1.355,5.849,-0.000,1.277,-3.450,0.000,0.000,0.507,-0.347,0.000,1.553,-0.299,0.000,1.000,-0.000
2025-07-14 15:49:21.593794,3065,126.62372380,45.80129250,91.583,-3.577,69.886,-0.279,98.846,1.180,90.910,1.200,0.000,-1.084,5.835,-0.000,1.250,-3.450,0.000,0.000,0.511,-0.341,0.000,1.553,-0.299,0.000,1.000,-0.000
2025-07-14 15:49:21.704019,4802,126.62372560,45.80129200,91.215,-3.344,69.830,-0.305,98.986,1.167,90.650,1.200,0.000,-0.885,5.827,-0.000,1.222,-3.450,0.000,0.000,0.514,-0.337,0.000,1.553,-0.299,0.000,1.000,-0.000
2025-07-14 15:49:21.814084,6780,126.62372760,45.80129170,90.802,-3.757,69.797,-0.204,99.141,1.273,90.450,1.200,0.000,-0.733,5.823,-0.000,1.236,-3.450,0.000,0.000,0.517,-0.334,0.000,1.553,-0.299,0.000,1.000,-0.000
2025-07-14 15:49:21.924115,8557,126.62372940,45.80129150,90.402,-3.605,69.775,-0.216,99.280,1.291,90.120,1.200,0.000,-0.502,5.817,-0.000,1.268,-3.450,0.000,0.000,0.519,-0.331,0.000,1.553,-0.299,0.000,1.000,-0.000
2025-07-14 15:49:22.034234,535,126.62373140,45.80129120,89.923,-4.349,69.741,-0.177,99.435,1.254,89.920,1.200,0.000,-0.377,5.805,-0.000,1.288,0.971,0.000,0.000,0.521,-0.329,0.000,1.553,-0.299,0.000,1.000,-0.000
2025-07-14 15:49:22.144335,2213,126.62373310,45.80129100,89.621,-2.747,69.719,-0.190,99.567,1.244,89.780,1.200,0.000,-0.099,5.790,-0.000,1.278,0.971,0.000,0.000,0.523,-0.326,0.000,1.553,-0.299,0.000,1.000,-0.000
2025-07-14 15:49:22.254437,4181,126.62373510,45.80129070,89.391,-2.094,69.686,-0.158,99.722,1.260,89.570,1.200,0.000,0.115,5.777,-0.000,1.265,0.971,0.000,0.000,0.523,-0.325,0.000,1.553,-0.299,0.000,1.000,-0.000
2025-07-14 15:49:22.364617,5860,126.62373680,45.80129050,89.202,-1.712,69.664,-0.181,99.854,1.257,89.430,1.200,0.000,0.187,5.766,-0.000,1.266,0.971,0.000,0.000,0.523,-0.325,0.000,1.553,-0.299,0.000,1.000,-0.000
2025-07-14 15:49:22.474641,7718,126.62373870,45.80129020,89.005,-1.795,69.630,-0.128,100.001,1.256,89.220,1.200,0.000,0.248,5.754,-0.000,1.267,0.971,0.000,0.000,0.522,-0.325,0.000,1.553,-0.299,0.000,1.000,-0.000
2025-07-14 15:49:22.584746,9296,126.62374030,45.80128990,88.789,-1.966,69.597,-0.143,100.125,1.245,89.080,1.200,0.000,0.252,5.743,-0.000,1.262,1.655,0.000,0.000,0.521,-0.325,0.000,1.553,-0.299,0.000,1.000,-0.000
2025-07-14 15:49:22.694836,1164,126.62374220,45.80128960,88.589,-1.820,69.564,-0.144,100.273,1.238,88.860,1.200,0.000,0.321,5.732,-0.000,1.254,1.655,0.000,0.000,0.521,-0.326,0.000,1.553,-0.299,0.000,1.000,-0.000
2025-07-14 15:49:22.804944,2862,126.62374390,45.80128950,88.398,-1.733,69.552,-0.109,100.404,1.286,88.650,1.200,0.000,0.322,5.723,-0.000,1.263,1.655,0.000,0.000,0.520,-0.327,0.000,1.553,-0.299,0.000,1.000,-0.000
2025-07-14 15:49:22.915058,4860,126.62374590,45.80128950,88.252,-1.330,69.552,-0.114,100.559,1.275,88.430,1.200,0.000,0.305,5.712,-0.000,1.272,1.655,0.000,0.000,0.519,-0.328,0.000,1.553,-0.299,0.000,1.000,-0.000
2025-07-14 15:49:23.025167,6559,126.62374760,45.80128950,88.099,-1.377,69.552,-0.071,100.691,1.323,88.340,1.200,0.000,0.236,5.700,-0.000,1.299,1.655,0.000,0.000,0.518,-0.328,0.000,1.553,-0.299,0.000,1.000,-0.000
2025-07-14 15:49:23.145270,8552,126.62374960,45.80128940,87.961,-1.153,69.541,-0.071,100.846,1.321,88.320,1.200,0.000,0.274,5.683,-0.000,1.309,1.655,0.000,0.000,0.518,-0.329,0.000,1.553,-0.299,0.000,1.000,-0.000
2025-07-14 15:49:23.255384,451,126.62375150,45.80128940,87.824,-1.245,69.541,-0.061,100.993,1.270,88.290,1.200,0.000,0.389,5.664,-0.000,1.306,1.655,0.000,0.000,0.518,-0.329,0.000,1.553,-0.299,0.000,1.000,-0.000
2025-07-14 15:49:23.365510,2438,126.62375350,45.80128930,87.699,-1.138,69.530,-0.059,101.148,1.255,88.200,1.200,0.000,0.514,5.646,-0.000,1.284,1.655,0.000,0.000,0.517,-0.330,0.000,1.553,-0.299,0.000,1.000,-0.000
2025-07-14 15:49:23.475604,4137,126.62375520,45.80128930,87.576,-1.117,69.530,-0.041,101.280,1.243,88.180,1.200,0.000,0.579,5.631,-0.000,1.257,1.655,0.000,0.000,0.515,-0.331,0.000,1.553,-0.299,0.000,1.000,-0.000
2025-07-14 15:49:23.585698,6026,126.62375710,45.80128920,87.514,-0.564,69.519,-0.042,101.428,1.254,88.090,1.200,0.000,0.688,5.622,-0.000,1.252,1.655,0.000,0.000,0.514,-0.332,0.000,1.553,-0.299,0.000,1.000,-0.000
2025-07-14 15:49:23.695797,7716,126.62375880,45.80128910,87.380,-1.213,69.508,-0.051,101.559,1.267,88.060,1.200,0.000,0.694,5.613,-0.000,1.255,1.655,0.000,0.000,0.512,-0.333,0.000,1.553,-0.299,0.000,1.000,-0.000
2025-07-14 15:49:23.805909,9635,126.62376070,45.80128920,87.277,-0.935,69.519,-0.016,101.707,1.215,87.970,1.200,0.000,0.790,5.603,-0.000,1.246,1.655,0.000,0.000,0.510,-0.335,0.000,1.553,-0.299,0.000,1.000,-0.000
2025-07-14 15:49:23.916079,1334,126.62376240,45.80128920,87.164,-1.028,69.519,-0.012,101.838,1.197,87.880,1.200,0.000,0.829,5.595,-0.000,1.227,1.655,0.000,0.000,0.508,-0.337,0.000,1.553,-0.299,0.000,1.000,-0.000
2025-07-14 15:49:24.026116,3245,126.62376430,45.80128930,87.076,-0.798,69.530,-0.067,101.986,1.213,87.910,1.200,0.000,0.864,5.591,-0.000,1.209,1.655,0.000,0.000,0.506,-0.339,0.000,1.553,-0.299,0.000,1.000,-0.000
2025-07-14 15:49:24.136283,4844,126.62376590,45.80128930,87.048,-0.249,69.530,-0.069,102.110,1.191,87.890,1.200,0.000,0.983,5.589,0.000,1.202,1.655,0.000,0.000,0.504,-0.341,0.000,1.553,-0.299,0.000,1.000,-0.000
2025-07-14 15:49:24.246343,6652,126.62376770,45.80128940,87.057,0.079,69.541,-0.031,102.249,1.185,87.920,1.200,0.000,1.025,5.589,-0.000,1.198,1.655,0.000,0.000,0.502,-0.343,0.000,1.553,-0.299,0.000,1.000,-0.000
2025-07-14 15:49:24.356426,8252,126.62376930,45.80128940,87.069,0.107,69.541,-0.039,102.373,1.192,87.900,1.200,0.000,1.059,5.589,0.000,1.190,1.655,0.000,0.000,0.500,-0.345,0.000,1.553,-0.299,0.000,1.000,-0.000
2025-07-14 15:49:24.466542,52,126.62377110,45.80128940,87.059,-0.093,69.541,-0.022,102.513,1.210,87.930,1.200,0.000,1.043,5.591,-0.000,1.196,1.655,0.000,0.000,0.498,-0.346,0.000,1.553,-0.299,0.000,1.000,0.000
2025-07-14 15:49:24.576639,1655,126.62377270,45.80128940,87.057,-0.014,69.541,-0.018,102.637,1.224,87.910,1.200,0.000,1.078,5.592,0.000,1.209,1.655,0.000,0.000,0.497,-0.348,0.000,1.553,-0.299,0.000,1.000,0.000
2025-07-14 15:49:24.686748,3454,126.62377450,45.80128940,87.054,-0.029,69.541,-0.015,102.776,1.198,87.880,1.200,0.000,1.075,5.590,-0.000,1.211,1.655,0.000,0.000,0.495,-0.350,0.000,1.553,-0.299,0.000,1.000,0.000
2025-07-14 15:49:24.796852,5061,126.62377610,45.80128950,87.072,0.166,69.552,0.020,102.900,1.173,87.850,1.200,0.000,1.053,5.588,-0.000,1.198,1.655,0.000,0.000,0.493,-0.352,0.000,1.553,-0.299,0.000,1.000,0.000
2025-07-14 15:49:24.906953,6961,126.62377800,45.80128950,87.071,-0.012,69.552,0.011,103.048,1.156,87.830,1.200,0.000,1.005,5.589,-0.000,1.176,1.655,0.000,0.000,0.492,-0.353,0.000,1.553,-0.299,0.000,1.000,0.000
2025-07-14 15:49:25.017067,8461,126.62377950,45.80128960,87.096,0.225,69.564,0.009,103.164,1.199,87.870,1.200,0.000,0.977,5.593,-0.000,1.176,1.655,0.000,0.000,0.491,-0.354,0.000,1.553,-0.299,0.000,1.000,0.000
2025-07-14 15:49:25.127168,261,126.62378130,45.80128960,87.152,0.512,69.564,-0.002,103.304,1.187,87.840,1.200,0.000,0.984,5.597,0.000,1.181,1.655,0.000,0.000,0.490,-0.355,0.000,1.553,-0.299,0.000,1.000,0.000
2025-07-14 15:49:25.237283,2081,126.62378310,45.80128970,87.186,0.306,69.575,0.020,103.443,1.205,87.880,1.200,0.000,0.909,5.600,-0.000,1.197,1.655,0.000,0.000,0.489,-0.356,0.000,1.553,-0.299,0.000,1.000,0.000
2025-07-14 15:49:25.347370,3681,126.62378470,45.80128970,87.218,0.294,69.575,0.024,103.567,1.206,87.850,1.200,0.000,0.894,5.601,0.000,1.199,1.655,0.000,0.000,0.489,-0.356,0.000,1.553,-0.299,0.000,1.000,0.000
2025-07-14 15:49:25.457547,5384,126.62378640,45.80128970,87.261,0.383,69.575,-0.000,103.699,1.194,87.890,1.200,0.000,0.834,5.601,-0.000,1.202,1.655,0.000,0.000,0.488,-0.357,0.000,1.553,-0.299,0.000,1.000,0.000
2025-07-14 15:49:25.567575,6991,126.62378800,45.80128980,87.322,0.561,69.586,0.003,103.823,1.190,87.870,1.200,0.000,0.815,5.600,0.000,1.197,1.655,0.000,0.000,0.487,-0.358,0.000,1.553,-0.299,0.000,1.000,0.000
2025-07-14 15:49:25.677679,8691,126.62378970,45.80128980,87.442,1.085,69.586,-0.000,103.955,1.192,87.840,1.200,0.000,0.736,5.601,-0.000,1.192,1.655,0.000,0.000,0.487,-0.358,0.000,1.553,-0.299,0.000,1.000,0.000
2025-07-14 15:49:25.787798,291,126.62379130,45.80128980,87.428,-0.120,69.586,0.010,104.079,1.171,87.880,1.200,0.000,0.576,5.602,-0.000,1.184,1.655,0.000,0.000,0.488,-0.357,0.000,1.553,-0.299,0.000,1.000,0.000
2025-07-14 15:49:25.897909,2201,126.62379320,45.80128990,87.424,-0.037,69.597,-0.026,104.226,1.196,87.860,1.200,0.000,0.579,5.605,0.000,1.186,1.655,0.000,0.000,0.487,-0.358,0.000,1.553,-0.299,0.000,1.000,-0.000
2025-07-14 15:49:26.007996,3801,126.62379480,45.80128990,87.400,-0.220,69.597,-0.017,104.350,1.192,87.840,1.200,0.000,0.565,5.607,-0.000,1.186,1.655,0.000,0.000,0.487,-0.358,0.000,1.553,-0.299,0.000,1.000,-0.000
2025-07-14 15:49:26.118131,5601,126.62379660,45.80128990,87.364,-0.325,69.597,-0.019,104.490,1.182,87.880,1.200,0.000,0.566,5.610,-0.000,1.190,1.655,0.000,0.000,0.486,-0.359,0.000,1.553,-0.299,0.000,1.000,-0.000
2025-07-14 15:49:26.228300,7211,126.62379820,45.80129000,87.344,-0.184,69.608,-0.018,104.614,1.192,87.850,1.200,0.000,0.636,5.611,0.000,1.189,1.655,0.000,0.000,0.486,-0.359,0.000,1.553,-0.299,0.000,1.000,-0.000
2025-07-14 15:49:26.338326,9111,126.62380010,45.80129000,87.300,-0.394,69.608,-0.008,104.761,1.176,87.830,1.200,0.000,0.648,5.613,-0.000,1.183,1.655,0.000,0.000,0.485,-0.360,0.000,1.553,-0.299,0.000,1.000,-0.000
2025-07-14 15:49:26.448433,611,126.62380160,45.80129000,87.263,-0.341,69.608,-0.009,104.877,1.189,87.870,1.200,0.000,0.674,5.616,-0.000,1.186,1.655,0.000,0.000,0.484,-0.361,0.000,1.553,-0.299,0.000,1.000,-0.000
2025-07-14 15:49:26.558613,2411,126.62380340,45.80129000,87.242,-0.190,69.608,-0.011,105.017,1.189,87.850,1.200,0.000,0.754,5.619,0.000,1.185,1.655,0.000,0.000,0.483,-0.362,0.000,1.553,-0.299,0.000,1.000,-0.000
2025-07-14 15:49:26.668642,4011,126.62380500,45.80129000,87.211,-0.284,69.608,-0.016,105.141,1.185,87.830,1.200,0.000,0.780,5.621,-0.000,1.188,1.655,0.000,0.000,0.482,-0.363,0.000,1.553,-0.299,0.000,1.000,-0.000
2025-07-14 15:49:26.778739,5811,126.62380680,45.80129000,87.184,-0.245,69.608,0.006,105.280,1.213,87.810,1.200,0.000,0.799,5.623,-0.000,1.196,1.655,0.000,0.000,0.481,-0.364,0.000,1.553,-0.299,0.000,1.000,-0.000
2025-07-14 15:49:26.888845,7510,126.62380850,45.80129000,87.125,-0.538,69.608,0.010,105.412,1.171,87.780,1.200,0.000,0.813,5.624,-0.000,1.190,1.655,0.000,0.000,0.480,-0.365,0.000,1.553,-0.299,0.000,1.000,-0.000
2025-07-14 15:49:26.998945,9310,126.62381030,45.80129000,87.048,-0.699,69.608,-0.046,105.552,1.215,87.760,1.200,0.000,0.845,5.626,-0.000,1.200,1.655,0.000,0.000,0.479,-0.366,0.000,1.553,-0.299,0.000,1.000,-0.000
2025-07-14 15:49:27.109144,910,126.62381190,45.80129000,86.991,-0.514,69.608,-0.043,105.676,1.197,87.740,1.200,0.000,0.910,5.626,-0.000,1.195,1.655,0.000,0.000,0.477,-0.367,0.000,1.553,-0.299,0.000,1.000,-0.000
2025-07-14 15:49:27.229170,2713,126.62381370,45.80129000,86.949,-0.347,69.608,0.009,105.815,1.225,87.720,1.200,0.000,0.966,5.627,-0.000,1.213,1.655,0.000,0.000,0.476,-0.369,0.000,1.553,-0.299,0.000,1.000,-0.000
2025-07-14 15:49:27.349291,4512,126.62381550,45.80129000,86.890,-0.493,69.608,0.011,105.955,1.238,87.690,1.200,0.000,1.006,5.625,-0.000,1.220,1.655,0.000,0.000,0.474,-0.370,0.000,1.553,-0.299,0.000,1.000,0.000
2025-07-14 15:49:27.469401,6312,126.62381730,45.80129000,86.826,-0.536,69.608,-0.005,106.094,1.238,87.670,1.200,0.000,1.048,5.621,-0.000,1.234,1.655,0.000,0.000,0.472,-0.372,0.000,1.553,-0.299,0.000,1.000,0.000
2025-07-14 15:49:27.589525,8312,126.62381930,45.80129000,86.781,-0.371,69.608,-0.003,106.249,1.234,87.650,1.200,0.000,1.106,5.615,-0.000,1.237,1.655,0.000,0.000,0.471,-0.374,0.000,1.553,-0.299,0.000,1.000,-0.000
2025-07-14 15:49:27.709638,112,126.62382110,45.80129000,86.728,-0.441,69.608,-0.005,106.389,1.209,87.630,1.200,0.000,1.151,5.609,-0.000,1.227,1.655,0.000,0.000,0.469,-0.376,0.000,1.553,-0.299,0.000,1.000,-0.000
2025-07-14 15:49:27.829744,1912,126.62382290,45.80129000,86.713,-0.126,69.608,0.042,106.528,1.187,87.600,1.200,0.000,1.199,5.604,-0.000,1.210,1.655,0.000,0.000,0.467,-0.377,0.000,1.553,-0.299,0.000,1.000,-0.000
2025-07-14 15:49:27.949868,3808,126.62382480,45.80129000,86.692,-0.174,69.608,0.036,106.676,1.176,87.580,1.200,0.000,1.204,5.603,-0.000,1.191,1.655,0.000,0.000,0.465,-0.379,0.000,1.553,-0.299,0.000,1.000,0.000
2025-07-14 15:49:28.069983,5708,126.62382670,45.80129000,86.678,-0.114,69.608,0.066,106.823,1.232,87.560,1.200,0.000,1.210,5.604,-0.000,1.199,1.655,0.000,0.000,0.464,-0.381,0.000,1.553,-0.299,0.000,1.000,0.000
2025-07-14 15:49:28.190107,7821,126.62382880,45.80129010,86.679,0.002,69.619,0.071,106.986,1.227,87.540,1.200,0.000,1.209,5.604,-0.000,1.213,1.655,0.000,0.000,0.462,-0.382,0.000,1.553,-0.299,0.000,1.000,0.000
2025-07-14 15:49:28.310287,9721,126.62383070,45.80129010,86.666,-0.108,69.619,0.043,107.133,1.202,87.510,1.200,0.000,1.192,5.602,-0.000,1.222,1.655,0.000,0.000,0.461,-0.383,0.000,1.553,-0.299,0.000,1.000,0.000
2025-07-14 15:49:28.430331,1521,126.62383250,45.80129010,86.667,0.013,69.619,0.055,107.273,1.200,87.560,1.190,0.000,1.173,5.598,-0.000,1.211,1.655,0.000,0.000,0.460,-0.384,0.000,1.553,-0.299,0.000,1.000,0.000
2025-07-14 15:49:28.540431,3321,126.62383430,45.80129020,86.690,0.206,69.630,0.058,107.412,1.199,87.540,1.190,0.000,1.215,5.595,0.000,1.201,1.655,0.000,0.000,0.459,-0.385,0.000,1.553,-0.299,0.000,1.000,0.000
2025-07-14 15:49:28.650542,5218,126.62383620,45.80129020,86.670,-0.182,69.630,0.053,107.559,1.190,87.510,1.180,0.000,1.190,5.593,-0.000,1.198,1.655,0.000,0.000,0.458,-0.386,0.000,1.553,-0.299,0.000,1.000,0.000
2025-07-14 15:49:28.760639,6818,126.62383780,45.80129020,86.683,0.115,69.630,0.011,107.683,1.180,87.560,1.170,0.000,1.175,5.590,-0.000,1.191,1.655,0.000,0.000,0.457,-0.387,0.000,1.553,-0.299,0.000,1.000,0.000
2025-07-14 15:49:28.870741,8618,126.62383960,45.80129020,86.671,-0.105,69.630,0.040,107.823,1.181,87.530,1.160,0.000,1.207,5.586,0.000,1.184,1.655,0.000,0.000,0.456,-0.388,0.000,1.553,-0.299,0.000,1.000,0.000
2025-07-14 15:49:28.980855,238,126.62384120,45.80129030,86.623,-0.432,69.641,0.041,107.947,1.189,87.510,1.160,0.000,1.203,5.582,-0.000,1.184,1.655,0.000,0.000,0.455,-0.389,0.000,1.553,-0.299,0.000,1.000,0.000
2025-07-14 15:49:29.091046,2037,126.62384300,45.80129030,86.575,-0.443,69.641,0.057,108.087,1.190,87.490,1.150,0.000,1.231,5.578,-0.000,1.188,1.655,0.000,0.000,0.453,-0.391,0.000,1.553,-0.299,0.000,1.000,0.000
2025-07-14 15:49:29.201065,3638,126.62384460,45.80129030,86.548,-0.245,69.641,0.029,108.211,1.181,87.540,1.140,0.000,1.271,5.571,-0.000,1.187,1.655,0.000,0.000,0.452,-0.392,0.000,1.553,-0.299,0.000,1.000,0.000
2025-07-14 15:49:29.311174,5438,126.62384640,45.80129030,86.561,0.123,69.641,0.034,108.350,1.162,87.520,1.130,0.000,1.361,5.563,0.000,1.178,1.655,0.000,0.000,0.450,-0.394,0.000,1.553,-0.299,0.000,1.000,0.000
2025-07-14 15:49:29.421286,7137,126.62384810,45.80129030,86.580,0.168,69.641,0.021,108.482,1.168,87.490,1.120,0.000,1.362,5.555,-0.000,1.171,1.655,0.000,0.000,0.449,-0.395,0.000,1.553,-0.299,0.000,1.000,0.000
2025-07-14 15:49:29.531381,8737,126.62384970,45.80129030,86.555,-0.228,69.641,0.025,108.606,1.163,87.470,1.130,0.000,1.318,5.546,-0.000,1.165,1.655,0.000,0.000,0.448,-0.396,0.000,1.553,-0.299,0.000,1.000,0.000
2025-07-14 15:49:29.641494,447,126.62385140,45.80129040,86.516,-0.354,69.653,0.035,108.738,1.159,87.450,1.120,0.000,1.311,5.540,-0.000,1.164,1.655,0.000,0.000,0.447,-0.397,0.000,1.553,-0.299,0.000,1.000,0.000
2025-07-14 15:49:29.751592,1947,126.62385290,45.80129040,86.462,-0.494,69.653,0.018,108.854,1.197,87.430,1.110,0.000,1.330,5.533,-0.000,1.173,1.655,0.000,0.000,0.446,-0.398,0.000,1.553,-0.299,0.000,1.000,0.000
2025-07-14 15:49:29.861699,3847,126.62385480,45.80129040,86.420,-0.379,69.653,0.027,109.001,1.171,87.480,1.100,0.000,1.373,5.522,-0.000,1.176,1.655,0.000,0.000,0.444,-0.399,0.000,1.553,-0.299,0.000,1.000,-0.000
2025-07-14 15:49:29.971804,5447,126.62385640,45.80129040,86.414,-0.055,69.653,0.024,109.125,1.148,87.460,1.100,0.000,1.479,5.509,0.000,1.172,1.655,0.000,0.000,0.443,-0.401,0.000,1.553,-0.299,0.000,1.000,-0.000
2025-07-14 15:49:30.081913,7347,126.62385830,45.80129040,86.395,-0.175,69.653,0.022,109.273,1.139,87.440,1.090,0.000,1.506,5.497,-0.000,1.153,1.655,0.000,0.000,0.441,-0.402,0.000,1.553,-0.299,0.000,1.000,-0.000
2025-07-14 15:49:30.192010,8847,126.62385980,45.80129040,86.391,-0.035,69.653,0.024,109.389,1.212,87.420,1.080,0.000,1.519,5.486,-0.000,1.167,1.655,0.000,0.000,0.440,-0.404,0.000,1.553,-0.299,0.000,1.000,-0.000
2025-07-14 15:49:30.302102,657,126.62386160,45.80129050,86.354,-0.332,69.664,0.023,109.528,1.214,87.400,1.070,0.000,1.510,5.471,-0.000,1.189,1.655,0.000,0.000,0.439,-0.405,0.000,1.553,-0.299,0.000,1.000,-0.000
2025-07-14 15:49:30.412227,2259,126.62386320,45.80129050,86.318,-0.322,69.664,0.006,109.652,1.180,87.380,1.060,0.000,1.527,5.451,-0.000,1.202,1.655,0.000,0.000,0.438,-0.406,0.000,1.553,-0.299,0.000,1.000,-0.000
2025-07-14 15:49:30.522314,4057,126.62386500,45.80129050,86.267,-0.468,69.664,0.010,109.792,1.160,87.420,1.060,0.000,1.551,5.426,-0.000,1.185,1.655,0.000,0.000,0.436,-0.407,0.000,1.553,-0.299,0.000,1.000,-0.000
2025-07-14 15:49:30.632432,5557,126.62386650,45.80129050,86.261,-0.056,69.664,0.003,109.908,1.154,87.400,1.060,0.000,1.653,5.405,0.000,1.165,1.865,0.000,0.000,0.435,-0.409,0.000,1.553,-0.299,0.000,1.000,-0.000
2025-07-14 15:49:30.742537,7356,126.62386830,45.80129050,86.137,-1.124,69.664,0.016,110.048,1.141,87.380,1.050,0.000,1.679,5.387,-0.000,1.152,1.865,0.000,0.000,0.433,-0.410,0.000,1.553,-0.299,0.000,1.000,-0.000
2025-07-14 15:49:30.852651,8866,126.62386980,45.80129060,86.110,-0.245,69.675,0.038,110.164,1.161,87.360,1.040,0.000,1.798,5.370,-0.000,1.152,1.865,0.000,0.000,0.431,-0.413,0.000,1.553,-0.299,0.000,1.000,-0.000
2025-07-14 15:49:30.962740,666,126.62387160,45.80129060,86.099,-0.105,69.675,0.041,110.304,1.158,87.350,1.030,0.000,1.853,5.350,-0.000,1.154,1.865,0.000,0.000,0.429,-0.415,0.000,1.553,-0.299,0.000,1.000,-0.000
2025-07-14 15:49:31.072854,2266,126.62387320,45.80129060,86.079,-0.180,69.675,0.050,110.428,1.169,87.390,1.030,0.000,1.878,5.329,-0.000,1.163,1.865,0.000,0.000,0.428,-0.416,0.000,1.553,-0.299,0.000,1.000,-0.000
2025-07-14 15:49:31.183038,3966,126.62387490,45.80129060,86.088,0.084,69.675,0.039,110.559,1.162,87.370,1.020,0.000,1.948,5.306,0.000,1.164,1.865,0.000,0.000,0.427,-0.416,0.000,1.553,-0.299,0.000,1.000,-0.000
2025-07-14 15:49:31.293064,5666,126.62387660,45.80129060,86.061,-0.245,69.675,0.056,110.691,1.116,87.350,1.010,0.000,1.948,5.281,-0.000,1.150,1.865,0.000,0.000,0.426,-0.417,0.000,1.553,-0.299,0.000,1.000,-0.000
2025-07-14 15:49:31.403167,7166,126.62387810,45.80129060,86.039,-0.199,69.675,0.063,110.808,1.182,87.330,1.000,0.000,1.958,5.257,-0.000,1.155,1.865,0.000,0.000,0.425,-0.418,0.000,1.553,-0.299,0.000,1.000,-0.000
2025-07-14 15:49:31.513368,8876,126.62387980,45.80129070,86.016,-0.207,69.686,0.058,110.939,1.151,87.320,0.990,0.000,1.966,5.231,-0.000,1.151,1.865,0.000,0.000,0.425,-0.419,0.000,1.553,-0.299,0.000,1.000,-0.000
2025-07-14 15:49:31.623372,376,126.62388130,45.80129070,86.042,0.234,69.686,0.059,111.056,1.159,87.300,1.000,0.000,1.984,5.203,-0.000,1.166,1.865,0.000,0.000,0.424,-0.419,0.000,1.553,-0.299,0.000,1.000,-0.000
2025-07-14 15:49:31.733481,2076,126.62388300,45.80129070,86.086,0.404,69.686,0.055,111.187,1.177,87.340,0.990,0.000,1.946,5.175,-0.000,1.164,1.865,0.000,0.000,0.424,-0.419,0.000,1.553,-0.299,0.000,1.000,-0.000
2025-07-14 15:49:31.843578,3676,126.62388460,45.80129080,86.130,0.395,69.697,0.031,111.311,1.157,87.330,0.980,0.000,1.924,5.145,0.000,1.165,1.865,0.000,0.000,0.425,-0.418,0.000,1.553,-0.299,0.000,1.000,-0.000
2025-07-14 15:49:31.953687,5576,126.62388650,45.80129080,86.139,0.087,69.697,0.036,111.459,1.151,87.310,0.980,0.000,1.861,5.113,-0.000,1.162,1.865,0.000,0.000,0.426,-0.418,0.000,1.553,-0.299,0.000,1.000,-0.000
2025-07-14 15:49:32.063892,7196,126.62388810,45.80129090,86.149,0.092,69.708,0.039,111.583,1.123,87.350,0.970,0.000,1.809,5.082,-0.000,1.144,2.023,0.000,0.000,0.426,-0.417,0.000,1.553,-0.299,0.000,1.000,-0.000
2025-07-14 15:49:32.173913,8906,126.62388980,45.80129100,86.183,0.306,69.719,0.040,111.715,1.102,87.340,0.960,0.000,1.818,5.052,0.000,1.126,2.023,0.000,0.000,0.426,-0.417,0.000,1.553,-0.299,0.000,1.000,-0.000
2025-07-14 15:49:32.284007,506,126.62389140,45.80129100,86.208,0.227,69.719,0.049,111.839,1.121,87.380,0.950,0.000,1.778,5.024,-0.000,1.116,2.023,0.000,0.000,0.427,-0.417,0.000,1.553,-0.299,0.000,1.000,-0.000
2025-07-14 15:49:32.394118,2217,126.62389310,45.80129110,86.279,0.638,69.730,0.066,111.970,1.141,87.430,0.940,0.000,1.777,4.995,0.000,1.123,2.023,0.000,0.000,0.427,-0.416,0.000,1.553,-0.299,0.000,1.000,-0.000
2025-07-14 15:49:32.504214,3817,126.62389470,45.80129110,86.339,0.544,69.730,0.076,112.094,1.152,87.410,0.940,0.000,1.753,4.964,0.000,1.140,2.023,0.000,0.000,0.428,-0.415,0.000,1.553,-0.299,0.000,1.000,-0.000
2025-07-14 15:49:32.614396,5527,126.62389640,45.80129120,86.370,0.289,69.741,0.090,112.226,1.151,87.460,0.930,0.000,1.664,4.930,-0.000,1.151,2.076,0.000,0.000,0.429,-0.415,0.000,1.553,-0.299,0.000,1.000,-0.000
2025-07-14 15:49:32.724424,7137,126.62389800,45.80129130,86.441,0.645,69.753,0.085,112.350,1.144,87.450,0.930,0.000,1.648,4.892,0.000,1.152,2.076,0.000,0.000,0.429,-0.414,0.000,1.553,-0.299,0.000,1.000,-0.000
2025-07-14 15:49:32.834522,8838,126.62389970,45.80129130,86.485,0.399,69.753,-0.010,112.482,1.115,87.500,0.920,0.000,1.561,4.854,-0.000,1.139,2.076,0.000,0.000,0.430,-0.413,0.000,1.553,-0.299,0.000,1.000,-0.000
2025-07-14 15:49:32.944634,238,126.62390110,45.80129130,86.560,0.677,69.753,-0.009,112.590,1.089,87.550,0.920,0.000,1.534,4.816,0.000,1.117,2.076,0.000,0.000,0.431,-0.412,0.000,1.553,-0.299,0.000,1.000,-0.000
2025-07-14 15:49:33.054734,1938,126.62390280,45.80129130,86.669,0.989,69.753,0.011,112.722,1.099,87.530,0.910,0.000,1.498,4.783,0.000,1.101,2.129,0.000,0.000,0.432,-0.411,0.000,1.553,-0.299,0.000,1.000,-0.000
2025-07-14 15:49:33.164919,3335,126.62390420,45.80129130,86.736,0.614,69.753,0.018,112.831,1.093,87.520,0.900,0.000,1.357,4.750,-0.000,1.094,2.129,0.000,0.000,0.433,-0.410,0.000,1.553,-0.299,0.000,1.000,-0.000
2025-07-14 15:49:33.275631,4934,126.62390580,45.80129130,86.807,0.635,69.753,0.048,112.955,1.086,87.490,0.890,0.000,1.230,4.717,-0.000,1.093,2.129,0.000,0.000,0.434,-0.409,0.000,1.553,-0.299,0.000,1.000,-0.000
2025-07-14 15:49:33.385494,6534,126.62390740,45.80129130,86.874,0.612,69.753,0.048,113.079,1.087,87.490,0.890,0.000,1.086,4.682,-0.000,1.089,2.129,0.000,0.000,0.435,-0.407,0.000,1.553,-0.299,0.000,1.000,-0.000
2025-07-14 15:49:33.495618,7934,126.62390880,45.80129140,86.940,0.598,69.764,0.050,113.187,1.086,87.480,0.900,0.000,0.969,4.648,0.000,1.087,2.129,0.000,0.000,0.436,-0.406,0.000,1.553,-0.299,0.000,1.000,-0.000
2025-07-14 15:49:33.605719,9634,126.62391050,45.80129140,87.017,0.705,69.764,0.053,113.319,1.066,87.460,0.890,0.000,0.854,4.615,-0.000,1.081,2.076,0.000,0.000,0.437,-0.405,0.000,1.553,-0.299,0.000,1.000,-0.000
2025-07-14 15:49:33.715908,934,126.62391180,45.80129140,87.086,0.626,69.764,0.054,113.420,1.052,87.450,0.890,0.000,0.719,4.583,-0.000,1.069,2.076,0.000,0.000,0.438,-0.405,0.000,1.553,-0.299,0.000,1.000,-0.000
2025-07-14 15:49:33.825960,2635,126.62391350,45.80129140,87.184,0.889,69.764,0.010,113.552,1.095,87.500,0.890,0.000,0.596,4.552,-0.000,1.072,2.076,0.000,0.000,0.439,-0.404,0.000,1.553,-0.299,0.000,1.000,-0.000
2025-07-14 15:49:33.936047,4134,126.62391500,45.80129130,87.287,0.938,69.753,0.021,113.668,1.090,87.480,0.880,0.000,0.507,4.521,0.000,1.080,2.076,0.000,0.000,0.440,-0.403,0.000,1.553,-0.299,0.000,1.000,-0.000
2025-07-14 15:49:34.046162,5834,126.62391670,45.80129130,87.411,1.113,69.753,0.031,113.800,1.059,87.470,0.880,0.000,0.358,4.487,-0.000,1.082,2.076,0.000,0.000,0.440,-0.402,0.000,1.553,-0.299,0.000,1.000,-0.000
2025-07-14 15:49:34.156259,7234,126.62391810,45.80129130,87.525,1.042,69.753,0.037,113.908,1.050,87.460,0.870,0.000,0.179,4.452,-0.000,1.067,2.076,0.000,0.000,0.441,-0.401,0.000,1.553,-0.299,0.000,1.000,-0.000
2025-07-14 15:49:34.266447,8933,126.62391980,45.80129130,87.663,1.252,69.753,-0.010,114.040,1.106,87.380,0.860,0.000,-0.002,4.418,-0.000,1.072,2.076,0.000,0.000,0.441,-0.401,0.000,1.553,-0.299,0.000,1.000,-0.000
2025-07-14 15:49:34.376681,333,126.62392120,45.80129130,87.768,0.953,69.753,-0.007,114.149,1.095,87.350,0.850,0.000,-0.271,4.382,-0.000,1.084,2.076,0.000,0.000,0.441,-0.400,0.000,1.553,-0.299,0.000,1.000,-0.000
2025-07-14 15:49:34.486565,1933,126.62392280,45.80129130,87.893,1.134,69.753,0.004,114.273,1.061,87.350,0.850,0.000,-0.492,4.342,-0.000,1.087,2.076,0.000,0.000,0.440,-0.400,0.000,1.553,-0.299,0.000,1.000,-0.000
2025-07-14 15:49:34.596668,3333,126.62392420,45.80129130,88.033,1.273,69.753,0.005,114.381,1.058,87.340,0.840,0.000,-0.688,4.301,0.000,1.071,2.076,0.000,0.000,0.439,-0.401,0.000,1.553,-0.299,0.000,1.000,-0.000
2025-07-14 15:49:34.706783,4833,126.62392570,45.80129130,88.176,1.309,69.753,0.013,114.497,1.051,87.320,0.840,0.000,-0.901,4.262,-0.000,1.057,2.076,0.000,0.000,0.438,-0.402,0.000,1.553,-0.299,0.000,1.000,-0.000
2025-07-14 15:49:34.816863,6333,126.62392720,45.80129130,88.328,1.377,69.753,-0.068,114.614,1.086,87.310,0.830,0.000,-1.135,4.224,-0.000,1.066,2.076,0.000,0.000,0.435,-0.404,0.000,1.553,-0.299,0.000,1.000,-0.000
2025-07-14 15:49:34.927003,8022,126.62392890,45.80129120,88.446,1.074,69.741,-0.065,114.746,1.087,87.290,0.840,0.000,-1.379,4.184,-0.000,1.076,2.076,0.000,0.000,0.432,-0.406,0.000,1.553,-0.299,0.000,1.000,-0.000
2025-07-14 15:49:35.037059,9522,126.62393040,45.80129120,88.558,1.021,69.741,-0.049,114.862,1.071,87.280,0.830,0.000,-1.606,4.144,-0.000,1.083,2.076,0.000,0.000,0.429,-0.409,0.000,1.553,-0.299,0.000,1.000,-0.000
2025-07-14 15:49:35.156752,1221,126.62393210,45.80129120,88.712,1.276,69.741,-0.042,114.994,1.063,87.190,0.820,0.000,-1.816,4.100,-0.000,1.075,2.076,0.000,0.000,0.425,-0.412,0.000,1.553,-0.299,0.000,1.000,-0.000
2025-07-14 15:49:35.266858,2821,126.62393370,45.80129120,88.850,1.263,69.741,-0.024,115.118,1.057,87.170,0.810,0.000,-2.144,4.056,-0.000,1.064,2.076,0.000,0.000,0.421,-0.416,0.000,1.553,-0.299,0.000,1.000,-0.000
2025-07-14 15:49:35.376970,4421,126.62393530,45.80129120,88.938,0.798,69.741,-0.011,115.242,1.057,87.160,0.800,0.000,-2.442,4.013,-0.000,1.059,2.076,0.000,0.000,0.415,-0.421,0.000,1.553,-0.299,0.000,1.000,-0.000
2025-07-14 15:49:35.487057,5831,126.62393670,45.80129130,88.991,0.482,69.753,-0.010,115.350,1.031,87.140,0.800,0.000,-2.669,3.968,-0.000,1.048,2.076,0.000,0.000,0.411,-0.425,0.000,1.553,-0.299,0.000,1.000,-0.000
2025-07-14 15:49:35.597179,7431,126.62393830,45.80129130,89.052,0.551,69.753,-0.001,115.474,1.025,87.130,0.790,0.000,-2.840,3.926,-0.000,1.038,1.076,0.000,0.000,0.408,-0.427,0.000,1.553,-0.299,0.000,1.000,-0.000
2025-07-14 15:49:35.707281,8931,126.62393980,45.80129130,89.048,-0.040,69.753,0.010,115.591,1.028,87.180,0.780,0.000,-2.986,3.883,-0.000,1.028,1.076,0.000,0.000,0.406,-0.429,0.000,1.553,-0.299,0.000,1.000,-0.000
2025-07-14 15:49:35.817382,421,126.62394130,45.80129120,89.088,0.359,69.741,-0.080,115.707,1.050,87.160,0.780,0.000,-2.985,3.841,0.000,1.035,1.076,0.000,0.000,0.406,-0.429,0.000,1.553,-0.299,0.000,1.000,-0.000
2025-07-14 15:49:35.927478,1811,126.62394270,45.80129110,89.074,-0.125,69.730,-0.081,115.815,1.051,87.150,0.780,0.000,-3.040,3.797,-0.000,1.045,1.076,0.000,0.000,0.407,-0.428,0.000,1.553,-0.299,0.000,0.999,-0.001
2025-07-14 15:49:36.037591,3400,126.62394430,45.80129100,89.055,-0.174,69.719,-0.074,115.939,1.009,87.070,0.780,0.000,-3.049,3.752,-0.000,1.040,1.076,0.000,0.000,0.408,-0.427,0.000,1.553,-0.299,0.000,0.999,-0.001
2025-07-14 15:49:36.147691,4709,126.62394560,45.80129100,89.012,-0.384,69.719,-0.071,116.040,1.008,86.990,0.770,0.000,-3.101,3.707,-0.000,1.025,1.076,0.000,0.000,0.410,-0.425,0.000,1.553,-0.299,0.000,0.999,-0.001
2025-07-14 15:49:36.257817,6299,126.62394720,45.80129090,88.951,-0.555,69.708,-0.096,116.164,1.038,86.910,0.760,0.000,-3.147,3.663,-0.000,1.022,1.076,0.000,0.000,0.412,-0.423,0.000,1.553,-0.299,0.000,0.999,-0.001
2025-07-14 15:49:36.367894,7579,126.62394850,45.80129080,88.890,-0.555,69.697,-0.091,116.265,1.033,86.900,0.760,0.000,-3.171,3.619,-0.000,1.030,1.076,0.000,0.000,0.414,-0.421,0.000,1.553,-0.299,0.000,0.999,-0.001
2025-07-14 15:49:36.477997,9078,126.62395000,45.80129070,88.849,-0.377,69.686,-0.099,116.381,1.018,86.820,0.750,0.000,-3.117,3.572,-0.000,1.034,1.076,0.000,0.000,0.416,-0.419,0.000,1.553,-0.299,0.000,0.999,-0.001
2025-07-14 15:49:36.588150,467,126.62395140,45.80129060,88.804,-0.405,69.675,-0.092,116.490,1.017,86.740,0.750,0.000,-3.123,3.524,-0.000,1.027,1.076,0.000,0.000,0.418,-0.417,0.000,1.553,-0.299,0.000,0.999,-0.001
2025-07-14 15:49:36.698268,1966,126.62395290,45.80129060,88.746,-0.524,69.675,-0.088,116.606,1.012,86.660,0.740,0.000,-3.153,3.476,-0.000,1.020,1.076,0.000,0.000,0.419,-0.416,0.000,1.553,-0.299,0.000,0.999,-0.001
2025-07-14 15:49:36.808320,3445,126.62395440,45.80129040,88.687,-0.543,69.653,-0.062,116.722,0.974,86.570,0.740,0.000,-3.180,3.428,-0.000,1.004,1.076,0.000,0.000,0.420,-0.415,0.000,1.553,-0.299,0.000,0.999,-0.001
2025-07-14 15:49:36.918424,4762,126.62395570,45.80129030,88.619,-0.615,69.641,-0.065,116.823,0.963,86.550,0.730,0.000,-3.214,3.383,-0.000,0.986,1.076,0.000,0.000,0.421,-0.414,0.000,1.553,-0.299,0.000,0.999,-0.001
2025-07-14 15:49:37.028537,6241,126.62395720,45.80129010,88.550,-0.627,69.619,-0.100,116.939,0.966,86.410,0.740,0.000,-3.174,3.339,-0.000,0.971,1.023,0.000,0.000,0.422,-0.414,0.000,1.553,-0.299,0.000,0.999,-0.001
2025-07-14 15:49:37.138639,7530,126.62395850,45.80129000,88.465,-0.770,69.608,-0.100,117.040,0.968,86.320,0.730,0.000,-3.219,3.299,-0.000,0.970,1.023,0.000,0.000,0.423,-0.412,0.000,1.553,-0.299,0.000,0.999,-0.001
2025-07-14 15:49:37.248756,9018,126.62396000,45.80128990,88.391,-0.678,69.597,-0.055,117.156,0.980,86.180,0.730,0.000,-3.235,3.258,-0.000,0.975,1.023,0.000,0.000,0.424,-0.411,0.000,1.553,-0.299,0.000,0.999,-0.001
2025-07-14 15:49:37.358846,297,126.62396130,45.80128970,88.268,-1.114,69.575,-0.047,117.257,0.984,86.090,0.720,0.000,-3.300,3.216,-0.000,0.980,1.023,0.000,0.000,0.425,-0.410,0.000,1.553,-0.299,0.000,0.999,-0.001
2025-07-14 15:49:37.468956,1777,126.62396280,45.80128960,88.121,-1.340,69.564,-0.104,117.373,0.945,86.000,0.720,0.000,-3.283,3.172,-0.000,0.972,1.023,0.000,0.000,0.426,-0.409,0.000,1.553,-0.299,0.000,0.999,-0.001
2025-07-14 15:49:37.579071,3085,126.62396410,45.80128950,88.016,-0.952,69.552,-0.098,117.474,0.935,85.850,0.710,0.000,-3.205,3.128,-0.000,0.959,0.865,0.000,0.000,0.429,-0.406,0.000,1.553,-0.299,0.000,0.999,-0.001
2025-07-14 15:49:37.699169,4474,126.62396550,45.80128940,87.943,-0.603,69.541,-0.098,117.583,0.942,85.760,0.710,0.000,-3.210,3.086,-0.000,0.946,0.865,0.000,0.000,0.430,-0.405,0.000,1.553,-0.299,0.000,0.999,-0.001
2025-07-14 15:49:37.819266,5963,126.62396700,45.80128930,87.771,-1.433,69.530,-0.128,117.699,0.908,85.680,0.700,0.000,-3.231,3.045,-0.000,0.935,0.865,0.000,0.000,0.430,-0.405,0.000,1.553,-0.299,0.000,0.999,-0.001
2025-07-14 15:49:37.939389,7352,126.62396840,45.80128920,87.567,-1.699,69.519,-0.122,117.808,0.919,85.590,0.700,0.000,-3.135,3.005,-0.000,0.930,0.865,0.000,0.000,0.432,-0.403,0.000,1.553,-0.299,0.000,0.999,-0.001
2025-07-14 15:49:38.059513,8742,126.62396980,45.80128910,87.390,-1.473,69.508,-0.114,117.916,0.903,85.500,0.690,0.000,-2.969,2.966,-0.000,0.918,0.865,0.000,0.000,0.436,-0.399,0.000,1.553,-0.299,0.000,0.999,-0.001
2025-07-14 15:49:38.179790,331,126.62397140,45.80128900,87.189,-1.678,69.497,-0.114,118.040,0.900,85.410,0.700,0.000,-2.810,2.927,-0.000,0.915,0.865,0.000,0.000,0.440,-0.395,0.000,1.553,-0.299,0.000,0.999,-0.001
2025-07-14 15:49:38.299736,1617,126.62397270,45.80128890,87.027,-1.351,69.486,-0.112,118.141,0.827,85.320,0.690,0.000,-2.632,2.890,-0.000,0.884,0.865,0.000,0.000,0.443,-0.392,0.000,1.553,-0.299,0.000,0.999,-0.001
2025-07-14 15:49:38.419919,3006,126.62397410,45.80128880,86.868,-1.327,69.475,-0.083,118.249,0.821,85.220,0.690,0.000,-2.493,2.856,-0.000,0.856,0.865,0.000,0.000,0.445,-0.389,0.000,1.553,-0.299,0.000,0.999,-0.001
2025-07-14 15:49:38.539934,4295,126.62397540,45.80128870,86.695,-1.440,69.463,-0.082,118.350,0.827,85.130,0.680,0.000,-2.383,2.828,-0.000,0.830,0.865,0.000,0.000,0.447,-0.388,0.000,1.553,-0.299,0.000,0.999,-0.001
2025-07-14 15:49:38.660158,5684,126.62397680,45.80128860,86.532,-1.345,69.452,-0.076,118.459,0.826,85.040,0.680,0.000,-2.261,2.802,-0.000,0.829,0.865,0.000,0.000,0.448,-0.386,0.000,1.553,-0.299,0.000,0.999,-0.001
2025-07-14 15:49:38.780206,7083,126.62397820,45.80128850,86.371,-1.345,69.441,-0.094,118.567,0.791,84.940,0.670,0.000,-2.146,2.777,-0.000,0.819,0.865,0.000,0.000,0.450,-0.384,0.000,1.553,-0.299,0.000,0.999,-0.001
2025-07-14 15:49:38.900302,8059,126.62397920,45.80128830,86.254,-0.973,69.419,-0.113,118.645,0.758,84.850,0.670,0.000,-2.046,2.751,-0.000,0.797,0.865,0.000,0.000,0.451,-0.383,0.000,1.553,-0.299,0.000,0.999,-0.001
2025-07-14 15:49:39.010486,9148,126.62398030,45.80128820,86.202,-0.475,69.408,-0.067,118.730,0.756,84.760,0.660,0.000,-1.987,2.729,-0.000,0.774,0.865,0.000,0.000,0.451,-0.383,0.000,1.553,-0.299,0.000,0.999,-0.001
2025-07-14 15:49:39.120610,127,126.62398130,45.80128800,86.176,-0.233,69.386,-0.066,118.808,0.753,84.600,0.670,0.000,-2.008,2.710,-0.000,0.760,0.865,0.000,0.000,0.450,-0.384,0.000,1.553,-0.299,0.000,0.999,-0.001
2025-07-14 15:49:39.230613,1016,126.62398220,45.80128790,86.121,-0.500,69.375,-0.083,118.877,0.718,84.500,0.670,0.000,-2.150,2.694,-0.000,0.746,0.865,0.000,0.000,0.448,-0.386,0.000,1.553,-0.299,0.000,0.999,-0.001
2025-07-14 15:49:39.340726,2004,126.62398320,45.80128780,86.039,-0.750,69.363,-0.071,118.955,0.711,84.340,0.670,0.000,-2.250,2.681,-0.000,0.731,0.865,0.000,0.000,0.445,-0.389,0.000,1.553,-0.299,0.000,0.999,-0.001
2025-07-14 15:49:39.450823,2893,126.62398410,45.80128770,85.956,-0.755,69.352,-0.070,119.025,0.704,84.240,0.670,0.000,-2.364,2.671,-0.000,0.715,0.865,0.000,0.000,0.444,-0.390,0.000,1.553,-0.299,0.000,0.999,-0.001
2025-07-14 15:49:39.560922,3872,126.62398510,45.80128750,85.896,-0.546,69.330,-0.078,119.102,0.691,84.140,0.670,0.000,-2.427,2.663,-0.000,0.706,0.865,0.000,0.000,0.442,-0.392,0.000,1.553,-0.299,0.000,0.999,-0.001
2025-07-14 15:49:39.671048,4758,126.62398600,45.80128740,85.843,-0.476,69.319,-0.080,119.172,0.686,84.040,0.670,0.000,-2.494,2.657,-0.000,0.698,0.865,0.000,0.000,0.440,-0.394,0.000,1.553,-0.299,0.000,0.999,-0.001
2025-07-14 15:49:39.781130,5759,126.62398700,45.80128730,85.868,0.222,69.308,-0.079,119.249,0.730,83.880,0.670,0.000,-2.572,2.652,-0.000,0.707,0.865,0.000,0.000,0.438,-0.396,0.000,1.553,-0.299,0.000,0.999,-0.001
2025-07-14 15:49:39.891326,6658,126.62398790,45.80128730,85.745,-1.117,69.308,-0.084,119.319,0.700,83.780,0.670,0.000,-2.794,2.646,-0.000,0.710,0.865,0.000,0.000,0.434,-0.399,0.000,1.553,-0.299,0.000,0.999,-0.001
2025-07-14 15:49:40.001356,7747,126.62398900,45.80128720,85.648,-0.877,69.297,-0.100,119.405,0.703,83.680,0.670,0.000,-2.857,2.639,-0.000,0.716,0.865,0.000,0.000,0.433,-0.401,0.000,1.553,-0.299,0.000,0.999,-0.001
2025-07-14 15:49:40.111545,8637,126.62398990,45.80128710,85.573,-0.686,69.286,-0.100,119.474,0.687,83.640,0.680,0.000,-2.884,2.631,-0.000,0.703,0.865,0.000,0.000,0.432,-0.401,0.000,1.553,-0.299,0.000,0.999,-0.001
2025-07-14 15:49:40.221569,9626,126.62399090,45.80128700,85.511,-0.561,69.274,-0.093,119.552,0.732,83.540,0.680,0.000,-2.862,2.627,-0.000,0.714,0.865,0.000,0.000,0.432,-0.402,0.000,1.553,-0.299,0.000,0.999,-0.001
2025-07-14 15:49:40.331657,525,126.62399180,45.80128700,85.431,-0.725,69.274,-0.089,119.622,0.730,83.430,0.680,0.000,-2.894,2.621,-0.000,0.723,0.865,0.000,0.000,0.431,-0.402,0.000,1.553,-0.299,0.000,0.999,-0.001
2025-07-14 15:49:40.441776,1514,126.62399280,45.80128690,85.360,-0.650,69.263,-0.073,119.699,0.653,83.330,0.680,0.000,-2.937,2.614,-0.000,0.710,0.865,0.000,0.000,0.431,-0.403,0.000,1.553,-0.299,0.000,0.999,-0.001
2025-07-14 15:49:40.551867,2300,126.62399360,45.80128680,85.311,-0.445,69.252,-0.069,119.761,0.653,83.290,0.680,0.000,-2.983,2.609,-0.000,0.683,0.865,0.000,0.000,0.430,-0.403,0.000,1.553,-0.299,0.000,0.999,-0.001
2025-07-14 15:49:40.661982,3289,126.62399460,45.80128670,85.260,-0.465,69.241,-0.061,119.839,0.653,83.190,0.680,0.000,-2.998,2.608,-0.000,0.657,0.865,0.000,0.000,0.429,-0.405,0.000,1.553,-0.299,0.000,0.999,-0.001
2025-07-14 15:49:40.772093,4188,126.62399550,45.80128670,85.181,-0.712,69.241,-0.078,119.908,0.648,83.080,0.680,0.000,-3.054,2.612,-0.000,0.655,0.865,0.000,0.000,0.428,-0.405,0.000,1.553,-0.299,0.000,0.999,-0.001
2025-07-14 15:49:40.882188,5187,126.62399650,45.80128660,85.106,-0.675,69.230,-0.109,119.986,0.629,82.980,0.680,0.000,-3.106,2.617,-0.000,0.649,0.865,0.000,0.000,0.428,-0.406,0.000,1.553,-0.299,0.000,0.999,-0.001
2025-07-14 15:49:40.992299,6077,126.62399740,45.80128650,85.047,-0.540,69.219,-0.056,120.056,0.634,82.930,0.680,0.000,-3.152,2.622,-0.000,0.643,0.865,0.000,0.000,0.427,-0.406,0.000,1.553,-0.299,0.000,0.999,-0.001
2025-07-14 15:49:41.102390,6866,126.62399820,45.80128640,85.020,-0.251,69.208,-0.056,120.118,0.620,82.830,0.680,0.000,-3.163,2.628,-0.000,0.632,0.865,0.000,0.000,0.427,-0.407,0.000,1.553,-0.299,0.000,0.999,-0.001
2025-07-14 15:49:41.212580,7755,126.62399910,45.80128630,84.992,-0.254,69.197,-0.094,120.187,0.619,82.720,0.680,0.000,-3.243,2.637,-0.000,0.628,0.865,0.000,0.000,0.426,-0.408,0.000,1.553,-0.299,0.000,0.999,-0.001
2025-07-14 15:49:41.322614,8544,126.62399990,45.80128620,84.954,-0.345,69.185,-0.088,120.249,0.619,82.620,0.680,0.000,-3.363,2.645,-0.000,0.625,0.865,0.000,0.000,0.424,-0.409,0.000,1.553,-0.299,0.000,0.999,-0.001
2025-07-14 15:49:41.432719,9433,126.62400080,45.80128610,84.915,-0.349,69.174,-0.088,120.319,0.609,82.510,0.680,0.000,-3.476,2.655,-0.000,0.622,0.865,0.000,0.000,0.422,-0.411,0.000,1.553,-0.299,0.000,0.999,-0.001
2025-07-14 15:49:41.542806,232,126.62400160,45.80128610,84.857,-0.529,69.174,-0.083,120.381,0.600,82.400,0.690,0.000,-3.596,2.665,-0.000,0.615,0.865,0.000,0.000,0.421,-0.412,0.000,1.553,-0.299,0.000,0.999,-0.001
2025-07-14 15:49:41.652936,1120,126.62400250,45.80128600,84.772,-0.777,69.163,-0.087,120.451,0.576,82.290,0.700,0.000,-3.693,2.678,-0.000,0.601,0.865,0.000,0.000,0.420,-0.413,0.000,1.553,-0.299,0.000,0.999,-0.001
2025-07-14 15:49:41.763029,1807,126.62400320,45.80128590,84.685,-0.784,69.152,-0.089,120.505,0.546,82.250,0.700,0.000,-3.749,2.695,-0.000,0.580,0.865,0.000,0.000,0.421,-0.412,0.000,1.553,-0.299,0.000,0.999,-0.001
2025-07-14 15:49:41.873223,2596,126.62400400,45.80128580,84.622,-0.568,69.141,-0.093,120.567,0.519,82.140,0.700,0.000,-3.717,2.715,-0.000,0.554,0.865,0.000,0.000,0.422,-0.412,0.000,1.553,-0.299,0.000,0.999,-0.001
2025-07-14 15:49:41.983313,3295,126.62400470,45.80128580,84.494,-1.165,69.141,-0.126,120.622,0.578,82.030,0.700,0.000,-3.743,2.740,-0.000,0.557,0.865,0.000,0.000,0.423,-0.410,0.000,1.553,-0.299,0.000,0.999,-0.001
2025-07-14 15:49:42.093344,4194,126.62400560,45.80128570,84.365,-1.178,69.130,-0.093,120.691,0.650,81.920,1.200,0.000,-3.720,2.765,-0.000,0.592,-3.556,0.000,0.000,0.425,-0.408,0.000,1.553,-0.299,0.000,0.999,-0.001
2025-07-14 15:49:42.203452,4886,126.62400630,45.80128560,84.243,-1.108,69.119,-0.094,120.746,0.622,81.870,1.200,0.000,-3.676,2.869,-0.000,0.626,-3.556,0.000,0.000,0.427,-0.406,0.000,1.553,-0.299,0.000,0.999,-0.001
2025-07-14 15:49:42.313555,5675,126.62400710,45.80128550,84.113,-1.180,69.108,-0.097,120.808,0.609,81.760,0.710,0.000,-3.578,2.967,-0.000,0.634,-3.556,0.000,0.000,0.429,-0.404,0.000,1.553,-0.299,0.000,0.999,-0.001
2025-07-14 15:49:42.423741,6464,126.62400790,45.80128540,83.964,-1.350,69.097,-0.091,120.870,0.629,81.650,0.710,0.000,-3.509,2.980,-0.000,0.627,-3.556,0.000,0.000,0.431,-0.402,0.000,1.553,-0.299,0.000,0.999,-0.001
2025-07-14 15:49:42.533770,7253,126.62400870,45.80128530,83.763,-1.834,69.085,-0.091,120.932,0.606,81.540,0.710,0.000,-3.434,2.994,-0.000,0.622,-3.556,0.000,0.000,0.433,-0.400,0.000,1.553,-0.299,0.000,0.999,-0.001
2025-07-14 15:49:42.643868,7942,126.62400940,45.80128520,83.569,-1.757,69.074,-0.095,120.986,0.587,81.430,0.710,0.000,-3.299,3.010,-0.000,0.614,-3.556,0.000,0.000,0.437,-0.397,0.000,1.553,-0.299,0.000,0.999,-0.001
2025-07-14 15:49:42.753974,8831,126.62401030,45.80128510,83.367,-1.840,69.063,-0.096,121.056,0.646,81.320,0.710,0.000,-3.154,3.026,-0.000,0.620,-3.556,0.000,0.000,0.440,-0.393,0.000,1.553,-0.299,0.000,0.999,-0.001
2025-07-14 15:49:42.864079,9820,126.62401130,45.80128500,83.199,-1.528,69.052,-0.078,121.133,0.645,81.200,0.730,0.000,-2.999,3.041,-0.000,0.632,-3.556,0.000,0.000,0.443,-0.390,0.000,1.553,-0.299,0.000,0.999,-0.001
2025-07-14 15:49:42.974260,908,126.62401240,45.80128490,83.028,-1.541,69.041,-0.079,121.218,0.627,81.090,0.730,0.000,-2.891,3.058,-0.000,0.645,-3.556,0.000,0.000,0.444,-0.388,0.000,1.553,-0.299,0.000,0.999,-0.001
2025-07-14 15:49:43.084304,2007,126.62401350,45.80128480,82.848,-1.636,69.030,-0.084,121.304,0.634,80.980,0.730,0.000,-2.791,3.073,-0.000,0.640,-3.345,0.000,0.000,0.446,-0.387,0.000,1.553,-0.299,0.000,0.999,-0.001
2025-07-14 15:49:43.194400,2886,126.62401440,45.80128470,82.680,-1.522,69.019,-0.094,121.374,0.672,80.860,0.730,0.000,-2.684,3.088,-0.000,0.650,-3.345,0.000,0.000,0.447,-0.386,0.000,1.553,-0.299,0.000,0.999,-0.001
2025-07-14 15:49:43.304508,3885,126.62401540,45.80128460,82.501,-1.632,69.008,-0.094,121.451,0.660,80.750,0.720,0.000,-2.599,3.102,-0.000,0.662,-3.345,0.000,0.000,0.448,-0.385,0.000,1.553,-0.299,0.000,0.999,-0.001
2025-07-14 15:49:43.414681,4774,126.62401630,45.80128450,82.320,-1.643,68.996,-0.083,121.521,0.662,80.630,0.720,0.000,-2.500,3.112,-0.000,0.671,-3.345,0.000,0.000,0.449,-0.383,0.000,1.553,-0.299,0.000,0.999,-0.001
2025-07-14 15:49:43.524776,5653,126.62401720,45.80128430,82.080,-2.185,68.974,-0.082,121.591,0.635,80.510,0.720,0.000,-2.405,3.120,-0.000,0.658,-3.345,0.000,0.000,0.450,-0.382,0.000,1.553,-0.299,0.000,0.999,-0.001
2025-07-14 15:49:43.634810,6442,126.62401800,45.80128420,81.855,-2.039,68.963,-0.088,121.653,0.606,80.400,0.720,0.000,-2.250,3.131,-0.000,0.640,-3.187,0.000,0.000,0.453,-0.380,0.000,1.553,-0.299,0.000,0.999,-0.001
2025-07-14 15:49:43.744923,7420,126.62401900,45.80128410,81.662,-1.757,68.952,-0.082,121.730,0.645,80.220,0.720,0.000,-2.082,3.144,-0.000,0.634,-3.187,0.000,0.000,0.455,-0.377,0.000,1.553,-0.299,0.000,0.999,-0.001
2025-07-14 15:49:43.855026,8419,126.62402000,45.80128410,81.495,-1.522,68.952,-0.042,121.808,0.679,80.100,0.740,0.000,-2.009,3.159,-0.000,0.648,-3.187,0.000,0.000,0.457,-0.375,0.000,1.553,-0.299,0.000,0.999,-0.001
2025-07-14 15:49:43.965229,9527,126.62402110,45.80128400,81.318,-1.592,68.941,-0.057,121.893,0.664,79.980,0.740,0.000,-1.940,3.175,-0.000,0.666,-3.187,0.000,0.000,0.457,-0.375,0.000,1.553,-0.299,0.000,0.999,-0.001
2025-07-14 15:49:44.075343,417,126.62402200,45.80128390,81.179,-1.263,68.930,-0.051,121.963,0.649,79.930,0.740,0.000,-1.862,3.188,-0.000,0.666,-3.345,0.000,0.000,0.458,-0.374,0.000,1.553,-0.299,0.000,0.999,-0.001
2025-07-14 15:49:44.195361,1506,126.62402310,45.80128380,81.041,-1.152,68.919,-0.021,122.048,0.692,79.810,0.730,0.000,-1.754,3.200,-0.000,0.670,-3.345,0.000,0.000,0.458,-0.374,0.000,1.553,-0.299,0.000,0.999,-0.001
2025-07-14 15:49:44.305450,2504,126.62402410,45.80128380,80.859,-1.657,68.919,-0.019,122.125,0.670,79.690,0.730,0.000,-1.701,3.211,-0.000,0.671,-3.345,0.000,0.000,0.459,-0.373,0.000,1.553,-0.299,0.000,0.999,-0.001
2025-07-14 15:49:44.415648,3493,126.62402510,45.80128370,80.670,-1.715,68.907,-0.040,122.203,0.694,79.570,0.730,0.000,-1.623,3.221,-0.000,0.686,-3.345,0.000,0.000,0.460,-0.372,0.000,1.553,-0.299,0.000,0.999,-0.001
2025-07-14 15:49:44.525660,4283,126.62402590,45.80128360,80.505,-1.498,68.896,-0.039,122.265,0.675,79.510,0.730,0.000,-1.532,3.228,-0.000,0.681,-3.292,0.000,0.000,0.461,-0.371,0.000,1.553,-0.299,0.000,0.999,-0.001
2025-07-14 15:49:44.635774,5261,126.62402690,45.80128350,80.344,-1.462,68.885,-0.047,122.343,0.652,79.390,0.730,0.000,-1.403,3.237,-0.000,0.675,-3.292,0.000,0.000,0.462,-0.370,0.000,1.553,-0.299,0.000,0.999,-0.001
2025-07-14 15:49:44.745878,6160,126.62402780,45.80128350,80.154,-1.734,68.885,-0.043,122.412,0.700,79.270,0.730,0.000,-1.322,3.246,-0.000,0.677,-3.292,0.000,0.000,0.463,-0.369,0.000,1.553,-0.299,0.000,0.999,-0.001
2025-07-14 15:49:44.855985,7359,126.62402900,45.80128350,79.994,-1.454,68.885,-0.021,122.505,0.700,79.150,0.730,0.000,-1.228,3.255,-0.000,0.685,-3.292,0.000,0.000,0.464,-0.368,0.000,1.553,-0.299,0.000,0.999,-0.001
2025-07-14 15:49:44.966162,8358,126.62403000,45.80128350,79.878,-1.043,68.885,-0.023,122.583,0.678,79.090,0.740,0.000,-1.160,3.263,-0.000,0.693,-3.292,0.000,0.000,0.465,-0.367,0.000,1.553,-0.299,0.000,0.999,-0.001
2025-07-14 15:49:45.076291,9558,126.62403120,45.80128350,79.810,-0.622,68.885,0.005,122.676,0.700,79.030,0.740,0.000,-1.087,3.271,-0.000,0.693,0.655,0.000,0.000,0.465,-0.366,0.000,1.553,-0.299,0.000,0.999,-0.001
2025-07-14 15:49:45.186294,567,126.62403220,45.80128350,79.769,-0.367,68.885,0.004,122.753,0.690,78.970,0.740,0.000,-1.057,3.279,-0.000,0.689,0.655,0.000,0.000,0.465,-0.366,0.000,1.553,-0.299,0.000,0.999,-0.001
2025-07-14 15:49:45.296410,1667,126.62403330,45.80128350,79.716,-0.482,68.885,0.010,122.839,0.693,78.910,0.740,0.000,-1.067,3.288,-0.000,0.694,0.655,0.000,0.000,0.465,-0.367,0.000,1.553,-0.299,0.000,0.999,-0.001
2025-07-14 15:49:45.406650,2569,126.62403420,45.80128350,79.636,-0.730,68.885,-0.009,122.908,0.718,78.850,0.740,0.000,-1.078,3.296,-0.000,0.700,0.655,0.000,0.000,0.464,-0.368,0.000,1.553,-0.299,0.000,0.999,-0.001
2025-07-14 15:49:45.516618,3568,126.62403520,45.80128340,79.560,-0.692,68.874,-0.018,122.986,0.696,78.790,0.740,0.000,-1.063,3.302,-0.000,0.702,0.655,0.000,0.000,0.464,-0.368,0.000,1.553,-0.299,0.000,0.999,-0.001
2025-07-14 15:49:45.626718,4465,126.62403610,45.80128340,79.503,-0.520,68.874,-0.019,123.056,0.669,78.730,0.740,0.000,-1.044,3.309,-0.000,0.695,0.760,0.000,0.000,0.464,-0.368,0.000,1.553,-0.299,0.000,0.999,-0.001
2025-07-14 15:49:45.736814,5464,126.62403710,45.80128340,79.467,-0.323,68.874,-0.002,123.133,0.729,78.610,0.740,0.000,-1.041,3.317,-0.000,0.698,0.760,0.000,0.000,0.463,-0.368,0.000,1.553,-0.299,0.000,0.999,-0.001
2025-07-14 15:49:45.846927,6666,126.62403830,45.80128350,79.447,-0.187,68.885,-0.003,123.226,0.734,78.550,0.740,0.000,-1.121,3.324,-0.000,0.711,0.760,0.000,0.000,0.463,-0.369,0.000,1.553,-0.299,0.000,0.999,-0.001
2025-07-14 15:49:45.957015,7865,126.62403950,45.80128350,79.448,0.015,68.885,0.003,123.319,0.719,78.490,0.740,0.000,-1.185,3.329,-0.000,0.727,0.760,0.000,0.000,0.461,-0.370,0.000,1.553,-0.299,0.000,0.999,-0.001
2025-07-14 15:49:46.067148,8966,126.62404060,45.80128350,79.451,0.027,68.885,0.032,123.405,0.708,78.500,0.740,0.000,-1.265,3.331,-0.000,0.721,0.760,0.000,0.000,0.460,-0.372,0.000,1.553,-0.299,0.000,0.999,-0.001
2025-07-14 15:49:46.177411,185,126.62404180,45.80128360,79.472,0.186,68.896,0.042,123.498,0.693,78.440,0.740,0.000,-1.288,3.334,0.000,0.707,0.760,0.000,0.000,0.458,-0.373,0.000,1.553,-0.299,0.000,0.999,-0.001
2025-07-14 15:49:46.287354,1384,126.62404300,45.80128360,79.490,0.167,68.896,-0.024,123.591,0.719,78.380,0.740,0.000,-1.375,3.340,-0.000,0.707,0.760,0.000,0.000,0.456,-0.375,0.000,1.553,-0.299,0.000,0.999,-0.001
2025-07-14 15:49:46.397450,2294,126.62404390,45.80128370,79.520,0.275,68.907,0.041,123.660,0.697,78.380,0.740,0.000,-1.482,3.345,-0.000,0.704,0.760,0.000,0.000,0.454,-0.377,0.000,1.553,-0.299,0.000,0.999,-0.001
2025-07-14 15:49:46.507563,3394,126.62404500,45.80128370,79.580,0.541,68.907,0.042,123.746,0.685,78.320,0.730,0.000,-1.551,3.352,0.000,0.701,0.760,0.000,0.000,0.452,-0.379,0.000,1.553,-0.299,0.000,0.999,-0.001
2025-07-14 15:49:46.617661,4401,126.62404600,45.80128380,79.604,0.218,68.919,0.046,123.823,0.671,78.330,0.730,0.000,-1.695,3.357,-0.000,0.686,0.813,0.000,0.000,0.449,-0.382,0.000,1.553,-0.299,0.000,0.999,-0.001
2025-07-14 15:49:46.727775,5400,126.62404700,45.80128380,79.748,1.313,68.919,-0.021,123.901,0.661,78.270,0.730,0.000,-1.765,3.364,0.000,0.673,0.813,0.000,0.000,0.446,-0.385,0.000,1.553,-0.299,0.000,0.999,-0.001
2025-07-14 15:49:46.837867,6400,126.62404800,45.80128380,79.749,0.008,68.919,0.031,123.978,0.689,78.270,0.730,0.000,-1.998,3.374,-0.000,0.675,0.813,0.000,0.000,0.441,-0.390,0.000,1.553,-0.299,0.000,0.999,-0.001
2025-07-14 15:49:46.947985,7500,126.62404910,45.80128380,79.765,0.146,68.919,0.036,124.063,0.668,78.220,0.730,0.000,-2.090,3.383,0.000,0.673,0.813,0.000,0.000,0.437,-0.393,0.000,1.553,-0.299,0.000,0.999,-0.001
2025-07-14 15:49:47.058151,8399,126.62405000,45.80128380,79.777,0.111,68.919,0.050,124.133,0.725,78.160,0.730,0.000,-2.196,3.393,-0.000,0.695,0.760,0.000,0.000,0.434,-0.395,0.000,1.553,-0.299,0.000,0.999,-0.001
2025-07-14 15:49:47.168198,9502,126.62405110,45.80128380,79.790,0.116,68.919,0.051,124.219,0.707,78.100,0.740,0.000,-2.313,3.399,-0.000,0.702,0.760,0.000,0.000,0.432,-0.398,0.000,1.553,-0.299,0.000,0.999,-0.001
2025-07-14 15:49:47.278373,401,126.62405200,45.80128380,79.787,-0.030,68.919,0.036,124.288,0.706,78.050,0.740,0.000,-2.437,3.406,-0.000,0.714,0.760,0.000,0.000,0.429,-0.401,0.000,1.553,-0.299,0.000,0.999,-0.001
2025-07-14 15:49:47.388390,1410,126.62405300,45.80128380,79.797,0.086,68.919,0.013,124.366,0.777,77.990,0.740,0.000,-2.536,3.410,-0.000,0.731,0.760,0.000,0.000,0.426,-0.403,0.000,1.553,-0.299,0.000,0.999,-0.001
2025-07-14 15:49:47.498504,2210,126.62405380,45.80128380,79.814,0.161,68.919,0.015,124.428,0.762,77.930,0.740,0.000,-2.651,3.412,-0.000,0.749,0.760,0.000,0.000,0.424,-0.406,0.000,1.553,-0.299,0.000,0.999,-0.001
2025-07-14 15:49:47.608678,3209,126.62405480,45.80128380,79.869,0.498,68.919,0.019,124.505,0.746,77.880,0.740,0.000,-2.780,3.410,-0.000,0.762,0.760,0.000,0.000,0.421,-0.408,0.000,1.553,-0.299,0.000,0.999,-0.001
2025-07-14 15:49:47.718721,4019,126.62405560,45.80128390,79.907,0.341,68.930,0.020,124.567,0.738,77.820,0.740,0.000,-2.948,3.406,-0.000,0.749,0.760,0.000,0.000,0.418,-0.411,0.000,1.553,-0.299,0.000,0.999,-0.001
2025-07-14 15:49:47.828818,5318,126.62405690,45.80128390,79.907,0.008,68.930,0.036,124.668,0.728,77.760,0.740,0.000,-3.122,3.405,-0.000,0.738,0.760,0.000,0.000,0.415,-0.414,0.000,1.553,-0.299,0.000,0.999,-0.001
2025-07-14 15:49:47.938923,6428,126.62405800,45.80128400,79.894,-0.119,68.941,0.037,124.753,0.694,77.770,0.740,0.000,-3.257,3.405,-0.000,0.721,0.760,0.000,0.000,0.413,-0.416,0.000,1.553,-0.299,0.000,0.999,-0.001
2025-07-14 15:49:48.049013,7728,126.62405930,45.80128410,79.916,0.199,68.952,0.042,124.854,0.759,77.710,0.740,0.000,-3.289,3.409,0.000,0.728,0.813,0.000,0.000,0.412,-0.417,0.000,1.553,-0.299,0.000,0.999,-0.001
2025-07-14 15:49:48.159135,8728,126.62406030,45.80128410,79.921,0.040,68.952,0.045,124.932,0.740,77.720,0.740,0.000,-3.384,3.411,-0.000,0.732,0.813,0.000,0.000,0.411,-0.418,0.000,1.553,-0.299,0.000,0.999,-0.001
2025-07-14 15:49:48.279300,9948,126.62406150,45.80128420,79.964,0.357,68.963,0.056,125.025,0.826,77.720,0.740,0.000,-3.418,3.412,0.000,0.776,0.813,0.000,0.000,0.411,-0.418,0.000,1.553,-0.299,0.000,0.999,-0.001
2025-07-14 15:49:48.399370,1157,126.62406270,45.80128430,80.003,0.333,68.974,0.067,125.118,0.828,77.670,0.740,0.000,-3.479,3.406,0.000,0.800,0.813,0.000,0.000,0.410,-0.419,0.000,1.553,-0.299,0.000,0.999,-0.001
2025-07-14 15:49:48.519486,2370,126.62406390,45.80128440,80.039,0.295,68.985,0.065,125.211,0.808,77.680,0.740,0.000,-3.597,3.395,-0.000,0.823,0.813,0.000,0.000,0.409,-0.420,0.000,1.553,-0.299,0.000,0.999,-0.001
2025-07-14 15:49:48.639598,3680,126.62406520,45.80128450,80.060,0.177,68.996,0.073,125.312,0.780,77.680,0.740,0.000,-3.675,3.381,0.000,0.808,0.813,0.000,0.000,0.408,-0.421,0.000,1.553,-0.299,0.000,0.999,-0.001
2025-07-14 15:49:48.759720,4887,126.62406640,45.80128460,80.050,-0.082,69.008,0.030,125.405,0.789,77.690,0.730,0.000,-3.725,3.370,0.000,0.795,0.813,0.000,0.000,0.407,-0.421,0.000,1.553,-0.299,0.000,0.999,-0.001
2025-07-14 15:49:48.879836,6288,126.62406780,45.80128460,80.088,0.317,69.008,0.031,125.513,0.805,77.700,0.730,0.000,-3.716,3.358,0.000,0.793,0.813,0.000,0.000,0.409,-0.420,0.000,1.553,-0.299,0.000,0.999,-0.001
2025-07-14 15:49:48.999944,7791,126.62406930,45.80128460,80.079,-0.074,69.008,0.039,125.629,0.810,77.710,0.740,0.000,-3.738,3.348,0.000,0.802,0.813,0.000,0.000,0.409,-0.420,0.000,1.553,-0.299,0.000,0.999,-0.001
2025-07-14 15:49:49.120048,9190,126.62407070,45.80128470,79.992,-0.728,69.019,0.057,125.738,0.818,77.660,0.730,0.000,-3.719,3.337,0.000,0.812,-3.766,0.000,0.000,0.410,-0.419,0.000,1.553,-0.299,0.000,0.999,-0.001
2025-07-14 15:49:49.240174,790,126.62407230,45.80128470,79.802,-1.570,69.019,0.050,125.862,0.865,77.600,0.730,0.000,-3.648,3.323,-0.000,0.832,-3.766,0.000,0.000,0.414,-0.415,0.000,1.553,-0.299,0.000,0.999,-0.001
2025-07-14 15:49:49.360287,2210,126.62407370,45.80128480,79.576,-1.883,69.030,0.063,125.970,0.863,77.610,0.720,0.000,-3.449,3.305,-0.000,0.851,-3.766,0.000,0.000,0.420,-0.408,0.000,1.553,-0.299,0.000,0.999,-0.001
2025-07-14 15:49:49.470409,3519,126.62407500,45.80128490,79.388,-1.710,69.041,-0.024,126.071,0.812,77.560,0.710,0.000,-3.100,3.283,0.000,0.848,-3.766,0.000,0.000,0.428,-0.401,0.000,1.553,-0.299,0.000,0.999,-0.001
2025-07-14 15:49:49.580505,4929,126.62407640,45.80128500,79.196,-1.746,69.052,-0.021,126.180,0.800,77.570,0.720,0.000,-2.807,3.259,-0.000,0.826,-3.556,0.000,0.000,0.434,-0.394,0.000,1.553,-0.299,0.000,0.999,-0.001
2025-07-14 15:49:49.690604,6129,126.62407760,45.80128500,79.052,-1.309,69.052,-0.020,126.273,0.800,77.580,0.720,0.000,-2.489,3.241,0.000,0.804,-3.556,0.000,0.000,0.438,-0.389,0.000,1.553,-0.299,0.000,0.999,-0.001
2025-07-14 15:49:49.800712,7440,126.62407890,45.80128510,78.846,-1.875,69.063,-0.012,126.374,0.839,77.600,0.710,0.000,-2.221,3.227,0.000,0.813,-3.556,0.000,0.000,0.442,-0.385,0.000,1.553,-0.299,0.000,0.999,-0.001
2025-07-14 15:49:49.910808,8539,126.62408000,45.80128510,78.652,-1.759,69.063,-0.007,126.459,0.830,77.550,0.710,0.000,-1.902,3.209,0.000,0.823,-3.556,0.000,0.000,0.445,-0.381,0.000,1.553,-0.299,0.000,0.999,-0.001
2025-07-14 15:49:50.020928,9839,126.62408130,45.80128510,78.401,-2.281,69.063,-0.011,126.560,0.784,77.560,0.700,0.000,-1.650,3.190,-0.000,0.818,-3.556,0.000,0.000,0.449,-0.377,0.000,1.553,-0.299,0.000,0.999,-0.001
2025-07-14 15:49:50.131104,946,126.62408240,45.80128520,78.208,-1.755,69.074,-0.012,126.645,0.768,77.510,0.700,0.000,-1.312,3.170,0.000,0.794,-3.345,0.000,0.000,0.452,-0.373,0.000,1.553,-0.299,0.000,0.999,-0.001
2025-07-14 15:49:50.241148,2145,126.62408360,45.80128520,77.996,-1.914,69.074,0.011,126.738,0.780,77.460,0.700,0.000,-1.064,3.153,-0.000,0.777,-3.345,0.000,0.000,0.455,-0.369,0.000,1.553,-0.299,0.000,0.999,-0.001
2025-07-14 15:49:50.351236,3245,126.62408470,45.80128520,77.772,-2.033,69.074,0.014,126.823,0.775,77.470,0.700,0.000,-0.830,3.140,-0.000,0.774,-3.345,0.000,0.000,0.457,-0.367,0.000,1.553,-0.299,0.000,0.999,-0.001
2025-07-14 15:49:50.461414,4455,126.62408590,45.80128530,77.543,-2.085,69.085,0.052,126.916,0.801,77.430,0.690,0.000,-0.536,3.127,0.000,0.786,-3.345,0.000,0.000,0.459,-0.364,0.000,1.553,-0.299,0.000,0.999,-0.001
2025-07-14 15:49:50.571529,5454,126.62408690,45.80128530,77.327,-1.961,69.085,0.056,126.994,0.794,77.380,0.690,0.000,-0.267,3.111,-0.000,0.791,0.971,0.000,0.000,0.460,-0.362,0.000,1.553,-0.299,0.000,0.999,-0.001
2025-07-14 15:49:50.681540,6654,126.62408810,45.80128530,77.097,-2.090,69.085,0.057,127.087,0.774,77.390,0.700,0.000,-0.031,3.094,-0.000,0.792,0.971,0.000,0.000,0.461,-0.360,0.000,1.553,-0.299,0.000,0.999,-0.001
2025-07-14 15:49:50.791658,7754,126.62408920,45.80128530,76.944,-1.392,69.085,0.006,127.172,0.769,77.340,0.700,0.000,0.265,3.078,0.000,0.780,0.971,0.000,0.000,0.461,-0.360,0.000,1.553,-0.299,0.000,0.999,-0.001
2025-07-14 15:49:50.901748,8954,126.62409040,45.80128530,76.800,-1.307,69.085,0.033,127.265,0.761,77.300,0.700,0.000,0.450,3.064,-0.000,0.769,0.971,0.000,0.000,0.461,-0.360,0.000,1.553,-0.299,0.000,0.999,-0.001
2025-07-14 15:49:51.011870,9953,126.62409140,45.80128530,76.692,-0.981,69.085,0.057,127.343,0.769,77.250,0.700,0.000,0.604,3.052,-0.000,0.767,0.971,0.000,0.000,0.459,-0.360,0.000,1.553,-0.299,0.000,0.999,-0.001
2025-07-14 15:49:51.121970,1143,126.62409260,45.80128520,76.605,-0.798,69.074,0.053,127.436,0.752,77.200,0.690,0.000,0.706,3.041,-0.000,0.762,1.287,0.000,0.000,0.458,-0.361,0.000,1.553,-0.299,0.000,0.999,-0.001
2025-07-14 15:49:51.232082,2342,126.62409380,45.80128520,76.513,-0.830,69.074,0.092,127.529,0.743,77.150,0.690,0.000,0.774,3.028,-0.000,0.758,1.287,0.000,0.000,0.457,-0.362,0.000,1.553,-0.299,0.000,0.999,-0.001
2025-07-14 15:49:51.342186,3341,126.62409480,45.80128520,76.428,-0.772,69.074,0.103,127.606,0.733,77.040,0.690,0.000,0.836,3.017,-0.000,0.748,1.287,0.000,0.000,0.455,-0.364,0.000,1.553,-0.299,0.000,0.999,-0.001
2025-07-14 15:49:51.452288,4441,126.62409590,45.80128520,76.346,-0.739,69.074,0.085,127.691,0.726,77.000,0.690,0.000,0.834,3.007,-0.000,0.740,1.287,0.000,0.000,0.454,-0.365,0.000,1.553,-0.299,0.000,0.999,-0.001
2025-07-14 15:49:51.562454,5350,126.62409680,45.80128520,76.322,-0.224,69.074,0.086,127.761,0.724,76.950,0.690,0.000,0.874,2.998,-0.000,0.733,1.287,0.000,0.000,0.452,-0.366,0.000,1.553,-0.299,0.000,0.999,-0.001
2025-07-14 15:49:51.672512,6460,126.62409790,45.80128530,76.405,0.755,69.085,0.096,127.846,0.728,76.900,0.700,0.000,0.864,2.991,-0.000,0.731,1.287,0.000,0.000,0.451,-0.367,0.000,1.553,-0.299,0.000,0.999,-0.001
2025-07-14 15:49:51.782604,7459,126.62409890,45.80128530,76.371,-0.308,69.085,0.101,127.924,0.731,76.850,0.700,0.000,0.735,2.985,-0.000,0.734,1.287,0.000,0.000,0.452,-0.367,0.000,1.553,-0.299,0.000,0.999,-0.001
2025-07-14 15:49:51.892706,8679,126.62410010,45.80128550,76.314,-0.518,69.108,0.060,128.017,0.715,76.870,0.690,0.000,0.681,2.980,-0.000,0.730,1.287,0.000,0.000,0.451,-0.368,0.000,1.553,-0.299,0.000,0.999,-0.001
2025-07-14 15:49:52.002816,9689,126.62410110,45.80128560,76.267,-0.429,69.119,0.051,128.095,0.705,76.820,0.690,0.000,0.738,2.973,0.000,0.721,1.287,0.000,0.000,0.451,-0.368,0.000,1.553,-0.299,0.000,0.999,-0.001
2025-07-14 15:49:52.112907,899,126.62410230,45.80128570,76.211,-0.505,69.130,0.044,128.188,0.678,76.890,0.690,0.000,0.754,2.968,-0.000,0.701,1.287,0.000,0.000,0.450,-0.369,0.000,1.553,-0.299,0.000,0.999,-0.001
2025-07-14 15:49:52.223098,1807,126.62410320,45.80128580,76.244,0.296,69.141,0.070,128.257,0.686,76.910,0.690,0.000,0.879,2.966,0.000,0.692,1.287,0.000,0.000,0.449,-0.370,0.000,1.553,-0.299,0.000,0.999,-0.001
2025-07-14 15:49:52.333112,2917,126.62410430,45.80128590,76.298,0.487,69.152,0.072,128.343,0.675,76.930,0.690,0.000,0.907,2.965,0.000,0.683,1.287,0.000,0.000,0.448,-0.371,0.000,1.553,-0.299,0.000,0.999,-0.001
2025-07-14 15:49:52.443232,3827,126.62410520,45.80128600,76.343,0.417,69.163,0.114,128.412,0.670,76.940,0.690,0.000,0.885,2.967,0.000,0.683,1.287,0.000,0.000,0.448,-0.371,0.000,1.553,-0.299,0.000,0.999,-0.001
2025-07-14 15:49:52.553308,4837,126.62410620,45.80128610,76.368,0.225,69.174,0.125,128.490,0.661,76.960,0.690,0.000,0.844,2.968,0.000,0.677,1.287,0.000,0.000,0.448,-0.371,0.000,1.553,-0.299,0.000,0.999,-0.001
2025-07-14 15:49:52.663438,5747,126.62410710,45.80128620,76.382,0.125,69.185,0.137,128.560,0.655,76.980,0.690,0.000,0.827,2.970,0.000,0.674,1.287,0.000,0.000,0.447,-0.371,0.000,1.553,-0.299,0.000,0.999,-0.001
2025-07-14 15:49:52.773535,6757,126.62410810,45.80128630,76.402,0.182,69.197,0.078,128.637,0.646,76.990,1.200,0.000,0.828,2.973,0.000,0.664,1.287,0.000,0.000,0.447,-0.372,0.000,1.553,-0.299,0.000,0.999,-0.001
2025-07-14 15:49:52.883652,7658,126.62410900,45.80128640,76.445,0.396,69.208,0.050,128.707,0.670,77.010,1.200,0.000,0.819,3.065,0.000,0.664,1.287,0.000,0.000,0.447,-0.372,0.000,1.553,-0.299,0.000,0.999,-0.001
2025-07-14 15:49:52.993782,8658,126.62411000,45.80128640,76.538,0.844,69.208,0.088,128.784,0.647,77.030,0.700,0.000,0.794,3.156,0.000,0.659,1.287,0.000,0.000,0.447,-0.372,0.000,1.553,-0.299,0.000,0.999,-0.001
2025-07-14 15:49:53.103853,9468,126.62411080,45.80128650,76.611,0.665,69.219,0.092,128.846,0.632,77.050,0.700,0.000,0.717,3.164,0.000,0.654,1.287,0.000,0.000,0.447,-0.372,0.000,1.553,-0.299,0.000,0.999,-0.001
2025-07-14 15:49:53.213958,368,126.62411170,45.80128650,76.627,0.144,69.219,0.066,128.916,0.638,77.010,0.700,0.000,0.641,3.171,0.000,0.644,1.287,0.000,0.000,0.447,-0.371,0.000,1.553,-0.299,0.000,0.999,-0.001
2025-07-14 15:49:53.324069,1278,126.62411260,45.80128660,76.641,0.126,69.230,0.070,128.986,0.608,77.030,0.700,0.000,0.565,3.181,-0.000,0.631,1.287,0.000,0.000,0.447,-0.371,0.000,1.553,-0.299,0.000,0.999,-0.001
2025-07-14 15:49:53.434167,2097,126.62411340,45.80128670,76.700,0.533,69.241,0.075,129.048,0.656,76.990,0.700,0.000,0.547,3.193,0.000,0.638,1.287,0.000,0.000,0.447,-0.371,0.000,1.553,-0.299,0.000,0.999,-0.001
2025-07-14 15:49:53.544266,2888,126.62411420,45.80128670,76.770,0.629,69.241,0.074,129.110,0.626,77.010,0.700,0.000,0.447,3.203,-0.000,0.634,1.287,0.000,0.000,0.447,-0.371,0.000,1.553,-0.299,0.000,0.999,-0.001
2025-07-14 15:49:53.654366,3598,126.62411490,45.80128680,76.879,0.996,69.252,0.070,129.164,0.612,77.030,0.700,0.000,0.368,3.215,0.000,0.636,1.287,0.000,0.000,0.448,-0.371,0.000,1.553,-0.299,0.000,0.999,-0.001
2025-07-14 15:49:53.764561,4617,126.62411590,45.80128690,76.866,-0.124,69.263,0.101,129.242,0.636,76.990,0.700,0.000,0.258,3.226,0.000,0.630,1.287,0.000,0.000,0.448,-0.370,0.000,1.553,-0.299,0.000,0.999,-0.001
2025-07-14 15:49:53.874606,5618,126.62411690,45.80128700,76.920,0.495,69.274,0.078,129.319,0.682,77.010,0.720,0.000,0.199,3.238,-0.000,0.649,1.287,0.000,0.000,0.448,-0.370,0.000,1.553,-0.299,0.000,0.999,-0.001
2025-07-14 15:49:53.984760,6628,126.62411790,45.80128710,76.946,0.233,69.286,0.077,129.397,0.700,77.040,0.720,0.000,0.148,3.250,0.000,0.678,1.287,0.000,0.000,0.448,-0.370,0.000,1.553,-0.299,0.000,0.999,-0.001
2025-07-14 15:49:54.094782,7538,126.62411880,45.80128720,76.974,0.260,69.297,0.083,129.467,0.676,77.060,0.710,0.000,0.136,3.257,0.000,0.691,1.287,0.000,0.000,0.448,-0.370,0.000,1.553,-0.299,0.000,0.999,-0.001
2025-07-14 15:49:54.204922,8648,126.62411990,45.80128730,77.038,0.576,69.308,0.052,129.552,0.702,77.080,0.710,0.000,0.124,3.260,0.000,0.696,1.287,0.000,0.000,0.448,-0.370,0.000,1.553,-0.299,0.000,0.999,-0.001
2025-07-14 15:49:54.315575,9459,126.62412070,45.80128740,77.118,0.729,69.319,0.051,129.614,0.678,77.110,0.710,0.000,0.079,3.263,0.000,0.688,1.287,0.000,0.000,0.448,-0.370,0.000,1.553,-0.299,0.000,0.999,-0.001
2025-07-14 15:49:54.425482,469,126.62412170,45.80128750,77.240,1.106,69.330,0.080,129.691,0.698,77.130,0.710,0.000,0.017,3.267,0.000,0.695,1.287,0.000,0.000,0.449,-0.370,0.000,1.553,-0.299,0.000,0.999,-0.001
2025-07-14 15:49:54.535601,1278,126.62412250,45.80128760,77.341,0.914,69.341,0.090,129.753,0.692,77.090,0.720,0.000,-0.099,3.269,0.000,0.693,1.287,0.000,0.000,0.449,-0.370,0.000,1.553,-0.299,0.000,0.999,-0.001
2025-07-14 15:49:54.645680,2189,126.62412340,45.80128770,77.422,0.737,69.352,0.101,129.823,0.679,77.120,0.720,0.000,-0.269,3.274,-0.000,0.696,1.287,0.000,0.000,0.448,-0.370,0.000,1.553,-0.299,0.000,0.999,-0.001
2025-07-14 15:49:54.755787,3099,126.62412430,45.80128780,77.547,1.138,69.363,0.136,129.893,0.660,77.150,0.720,0.000,-0.370,3.278,0.000,0.686,1.287,0.000,0.000,0.448,-0.370,0.000,1.553,-0.299,0.000,0.999,-0.001
2025-07-14 15:49:54.865895,4209,126.62412540,45.80128790,77.686,1.265,69.375,0.066,129.978,0.671,77.170,0.730,0.000,-0.493,3.284,0.000,0.678,1.287,0.000,0.000,0.447,-0.370,0.000,1.553,-0.299,0.000,0.999,-0.001
2025-07-14 15:49:54.976000,5220,126.62412640,45.80128800,77.783,0.882,69.386,0.069,130.056,0.653,77.200,0.730,0.000,-0.646,3.292,0.000,0.668,1.287,0.000,0.000,0.446,-0.371,0.000,1.553,-0.299,0.000,0.999,-0.001
2025-07-14 15:49:55.086307,6330,126.62412750,45.80128810,77.904,1.090,69.397,0.079,130.141,0.699,77.230,1.200,0.000,-0.759,3.303,0.000,0.678,1.287,0.000,0.000,0.445,-0.372,0.000,1.553,-0.299,0.000,0.999,-0.001
2025-07-14 15:49:55.196209,7440,126.62412860,45.80128820,78.007,0.935,69.408,0.096,130.226,0.700,77.260,0.730,0.000,-0.884,3.392,0.000,0.689,1.287,0.000,0.000,0.443,-0.374,0.000,1.553,-0.299,0.000,0.999,-0.001
2025-07-14 15:49:55.306331,8453,126.62412960,45.80128830,78.080,0.661,69.419,0.099,130.304,0.685,77.280,0.720,0.000,-0.996,3.400,0.000,0.701,1.287,0.000,0.000,0.441,-0.375,0.000,1.553,-0.299,0.000,0.999,-0.001
2025-07-14 15:49:55.416471,9471,126.62413060,45.80128850,78.171,0.831,69.441,0.068,130.381,0.698,77.310,0.720,0.000,-1.085,3.403,0.000,0.700,1.287,0.000,0.000,0.440,-0.377,0.000,1.553,-0.299,0.000,0.999,-0.001
2025-07-14 15:49:55.526532,281,126.62413140,45.80128860,78.280,0.985,69.452,0.069,130.443,0.667,77.340,0.730,0.000,-1.177,3.406,0.000,0.688,1.287,0.000,0.000,0.438,-0.379,0.000,1.553,-0.299,0.000,0.999,-0.001
2025-07-14 15:49:55.636630,1291,126.62413240,45.80128870,78.427,1.342,69.463,0.075,130.521,0.638,77.370,0.730,0.000,-1.288,3.413,0.000,0.671,1.287,0.000,0.000,0.435,-0.381,0.000,1.553,-0.299,0.000,0.999,-0.001
2025-07-14 15:49:55.746732,2202,126.62413330,45.80128880,78.471,0.400,69.475,0.075,130.591,0.729,77.470,0.730,0.000,-1.445,3.423,0.000,0.682,1.287,0.000,0.000,0.432,-0.384,0.000,1.553,-0.299,0.000,0.999,-0.001
2025-07-14 15:49:55.856847,3406,126.62413450,45.80128880,78.631,1.450,69.475,0.055,130.684,0.727,77.500,0.730,0.000,-1.450,3.432,0.000,0.701,1.287,0.000,0.000,0.429,-0.386,0.000,1.553,-0.299,0.000,0.999,-0.001
2025-07-14 15:49:55.967022,4506,126.62413560,45.80128880,78.745,1.036,69.475,0.061,130.769,0.717,77.530,0.730,0.000,-1.586,3.437,0.000,0.727,1.287,0.000,0.000,0.426,-0.389,0.000,1.553,-0.299,0.000,0.999,-0.001
2025-07-14 15:49:56.077120,5706,126.62413680,45.80128880,78.843,0.896,69.475,0.088,130.862,0.709,77.560,0.730,0.000,-1.724,3.437,0.000,0.721,1.287,0.000,0.000,0.423,-0.392,0.000,1.553,-0.299,0.000,0.999,-0.001
2025-07-14 15:49:56.187201,6716,126.62413780,45.80128890,78.933,0.813,69.486,0.097,130.940,0.695,77.540,0.730,0.000,-1.849,3.439,0.000,0.712,1.287,0.000,0.000,0.420,-0.395,0.000,1.553,-0.299,0.000,0.999,-0.001
2025-07-14 15:49:56.306923,7916,126.62413900,45.80128890,79.035,0.850,69.486,0.074,131.033,0.737,77.510,0.730,0.000,-2.011,3.442,-0.000,0.719,1.287,0.000,0.000,0.416,-0.398,0.000,1.553,-0.299,0.000,0.999,-0.001
2025-07-14 15:49:56.417028,9025,126.62414010,45.80128900,79.130,0.866,69.497,0.059,131.118,0.761,77.480,0.730,0.000,-2.212,3.444,-0.000,0.735,1.287,0.000,0.000,0.413,-0.402,0.000,1.553,-0.299,0.000,0.999,-0.001
2025-07-14 15:49:56.527115,26,126.62414110,45.80128900,79.180,0.449,69.497,0.064,131.195,0.740,77.520,0.720,0.000,-2.424,3.443,-0.000,0.749,1.287,0.000,0.000,0.409,-0.405,0.000,1.553,-0.299,0.000,0.999,-0.001
2025-07-14 15:49:56.637226,1035,126.62414210,45.80128910,79.281,0.924,69.508,0.067,131.273,0.711,77.490,0.730,0.000,-2.524,3.438,0.000,0.740,1.287,0.000,0.000,0.405,-0.408,0.000,1.553,-0.299,0.000,0.999,-0.001
2025-07-14 15:49:56.747450,2236,126.62414330,45.80128910,79.388,0.968,69.508,0.044,131.366,0.779,77.520,0.730,0.000,-2.707,3.436,-0.000,0.746,1.287,0.000,0.000,0.402,-0.411,0.000,1.553,-0.299,0.000,0.999,-0.001
2025-07-14 15:49:56.857426,3436,126.62414450,45.80128910,79.479,0.826,69.508,0.064,131.459,0.773,77.500,0.730,0.000,-2.870,3.433,0.000,0.757,1.287,0.000,0.000,0.399,-0.415,0.000,1.553,-0.299,0.000,0.999,-0.001
2025-07-14 15:49:56.967545,4736,126.62414580,45.80128910,79.565,0.785,69.508,0.070,131.560,0.756,77.530,0.730,0.000,-3.058,3.429,-0.000,0.772,1.287,0.000,0.000,0.396,-0.417,0.000,1.553,-0.299,0.000,0.999,-0.001
2025-07-14 15:49:57.077654,5846,126.62414690,45.80128920,79.644,0.718,69.519,0.077,131.645,0.798,77.510,0.730,0.000,-3.200,3.422,0.000,0.779,0.918,0.000,0.000,0.393,-0.420,0.000,1.553,-0.299,0.000,0.999,-0.001
2025-07-14 15:49:57.187766,7145,126.62414820,45.80128920,79.671,0.245,69.519,0.027,131.746,0.794,77.480,0.720,0.000,-3.363,3.413,-0.000,0.785,0.918,0.000,0.000,0.392,-0.421,0.000,1.553,-0.299,0.000,0.999,-0.001
2025-07-14 15:49:57.297872,8245,126.62414930,45.80128920,79.694,0.211,69.519,0.033,131.831,0.784,77.460,0.720,0.000,-3.481,3.402,-0.000,0.794,0.918,0.000,0.000,0.392,-0.421,0.000,1.553,-0.299,0.000,0.999,-0.001
2025-07-14 15:49:57.407970,9555,126.62415060,45.80128930,79.715,0.194,69.530,0.058,131.932,0.798,77.490,0.720,0.000,-3.563,3.389,-0.000,0.793,0.918,0.000,0.000,0.393,-0.420,0.000,1.553,-0.299,0.000,0.999,-0.001
2025-07-14 15:49:57.518071,555,126.62415160,45.80128930,79.771,0.502,69.530,0.068,132.009,0.781,77.470,0.710,0.000,-3.577,3.377,0.000,0.790,0.918,0.000,0.000,0.394,-0.419,0.000,1.553,-0.299,0.000,0.999,-0.001
2025-07-14 15:49:57.628190,1765,126.62415280,45.80128940,79.804,0.305,69.541,0.075,132.102,0.776,77.440,0.710,0.000,-3.652,3.363,-0.000,0.788,0.865,0.000,0.000,0.395,-0.418,0.000,1.553,-0.299,0.000,0.999,-0.001
2025-07-14 15:49:57.738328,2865,126.62415390,45.80128940,79.831,0.243,69.541,0.042,132.188,0.814,77.480,0.720,0.000,-3.740,3.350,-0.000,0.793,0.865,0.000,0.000,0.395,-0.418,0.000,1.553,-0.299,0.000,0.999,-0.001
2025-07-14 15:49:57.848395,4268,126.62415530,45.80128940,79.791,-0.362,69.541,0.041,132.296,0.831,77.450,0.720,0.000,-3.755,3.337,0.000,0.809,0.865,0.000,0.000,0.396,-0.417,0.000,1.553,-0.299,0.000,0.999,-0.001
2025-07-14 15:49:57.958490,5478,126.62415650,45.80128950,79.686,-0.960,69.552,0.050,132.389,0.818,77.490,0.720,0.000,-3.726,3.322,-0.000,0.822,0.865,0.000,0.000,0.399,-0.414,0.000,1.553,-0.299,0.000,0.999,-0.001
2025-07-14 15:49:58.068593,6778,126.62415780,45.80128950,79.565,-1.100,69.552,0.035,132.490,0.817,77.470,0.710,0.000,-3.533,3.305,0.000,0.823,-3.503,0.000,0.000,0.404,-0.409,0.000,1.553,-0.299,0.000,0.999,-0.001
2025-07-14 15:49:58.178705,7978,126.62415900,45.80128950,79.440,-1.136,69.552,0.033,132.583,0.811,77.440,0.710,0.000,-3.321,3.285,-0.000,0.816,-3.503,0.000,0.000,0.410,-0.402,0.000,1.553,-0.299,0.000,0.999,-0.001
2025-07-14 15:49:58.288821,9178,126.62416020,45.80128950,79.271,-1.539,69.552,0.024,132.676,0.831,77.480,0.710,0.000,-3.119,3.267,-0.000,0.820,-3.503,0.000,0.000,0.415,-0.397,0.000,1.553,-0.299,0.000,0.999,-0.001
2025-07-14 15:49:58.398912,378,126.62416140,45.80128960,79.107,-1.488,69.564,0.015,132.769,0.828,77.460,0.700,0.000,-2.814,3.248,0.000,0.824,-3.503,0.000,0.000,0.420,-0.392,0.000,1.553,-0.299,0.000,0.999,-0.001
2025-07-14 15:49:58.509104,1678,126.62416270,45.80128960,78.873,-2.129,69.564,0.030,132.870,0.831,77.430,0.700,0.000,-2.542,3.227,-0.000,0.830,-3.503,0.000,0.000,0.425,-0.386,0.000,1.553,-0.299,0.000,0.999,-0.001
2025-07-14 15:49:58.619128,2798,126.62416380,45.80128970,78.633,-2.156,69.575,0.036,132.955,0.833,77.410,0.700,0.000,-2.227,3.205,-0.000,0.831,-3.345,0.000,0.000,0.430,-0.381,0.000,1.553,-0.299,0.000,0.999,-0.001
2025-07-14 15:49:58.739229,4098,126.62416510,45.80128970,78.374,-2.162,69.575,-0.017,133.056,0.810,77.450,0.700,0.000,-1.891,3.182,-0.000,0.825,-3.345,0.000,0.000,0.435,-0.375,0.000,1.553,-0.299,0.000,0.999,-0.001
2025-07-14 15:49:58.859336,5378,126.62416640,45.80128960,78.148,-1.883,69.564,0.018,133.157,0.773,77.430,0.700,0.000,-1.479,3.161,0.000,0.806,-3.345,0.000,0.000,0.440,-0.369,0.000,1.553,-0.299,0.000,0.999,-0.001
2025-07-14 15:49:58.979455,6575,126.62416760,45.80128960,77.884,-2.197,69.564,0.022,133.250,0.755,77.460,0.700,0.000,-1.141,3.143,-0.000,0.780,-3.345,0.000,0.000,0.444,-0.364,0.000,1.553,-0.299,0.000,0.999,-0.001
2025-07-14 15:49:59.099576,7975,126.62416900,45.80128950,77.598,-2.387,69.552,0.020,133.358,0.819,77.440,0.700,0.000,-0.750,3.129,0.000,0.783,-1.029,0.000,0.000,0.447,-0.360,0.000,1.553,-0.299,0.000,0.999,-0.001
2025-07-14 15:49:59.219687,9174,126.62417020,45.80128950,77.307,-2.424,69.552,0.035,133.451,0.819,77.360,0.690,0.000,-0.375,3.115,-0.000,0.798,-1.029,0.000,0.000,0.450,-0.356,0.000,1.553,-0.299,0.000,0.999,-0.001
2025-07-14 15:49:59.339862,366,126.62417140,45.80128940,77.004,-2.522,69.541,0.043,133.544,0.803,77.250,0.690,0.000,-0.061,3.096,-0.000,0.814,-1.029,0.000,0.000,0.451,-0.353,0.000,1.553,-0.299,0.000,0.999,-0.001
2025-07-14 15:49:59.460009,1563,126.62417260,45.80128940,76.763,-2.013,69.541,0.041,133.637,0.774,77.230,0.680,0.000,0.214,3.075,-0.000,0.800,-1.029,0.000,0.000,0.452,-0.352,0.000,1.553,-0.299,0.000,0.999,-0.001
2025-07-14 15:49:59.580024,2862,126.62417390,45.80128940,76.564,-1.654,69.541,0.035,133.738,0.757,77.140,0.680,0.000,0.506,3.055,-0.000,0.779,1.129,0.000,0.000,0.451,-0.351,0.000,1.553,-0.299,0.000,0.999,-0.001
2025-07-14 15:49:59.700147,4062,126.62417510,45.80128940,76.454,-0.912,69.541,0.031,133.831,0.738,77.120,0.680,0.000,0.696,3.038,-0.000,0.757,1.129,0.000,0.000,0.449,-0.352,0.000,1.553,-0.299,0.000,0.999,-0.001
2025-07-14 15:49:59.820256,5262,126.62417630,45.80128940,76.314,-1.170,69.541,0.092,133.924,0.753,77.100,0.680,0.000,0.840,3.024,-0.000,0.752,1.129,0.000,0.000,0.447,-0.353,0.000,1.553,-0.299,0.000,0.999,-0.001
2025-07-14 15:49:59.930356,6471,126.62417750,45.80128950,76.173,-1.283,69.552,0.099,134.017,0.746,77.070,0.680,0.000,1.002,3.012,-0.000,0.750,1.129,0.000,0.000,0.445,-0.355,0.000,1.553,-0.299,0.000,0.999,-0.001
2025-07-14 15:50:00.040461,7671,126.62417870,45.80128960,76.056,-1.055,69.564,0.087,134.110,0.757,77.050,0.680,0.000,1.161,3.000,-0.000,0.758,1.129,0.000,0.000,0.442,-0.358,0.000,1.553,-0.299,0.000,0.999,-0.001
2025-07-14 15:50:00.150565,8771,126.62417980,45.80128960,75.990,-0.602,69.564,0.087,134.195,0.747,77.090,0.680,0.000,1.309,2.987,-0.000,0.756,1.129,0.000,0.000,0.439,-0.360,0.000,1.553,-0.299,0.000,0.999,-0.001
2025-07-14 15:50:00.260752,9992,126.62418100,45.80128970,75.951,-0.355,69.575,0.048,134.288,0.741,77.130,0.670,0.000,1.463,2.974,0.000,0.752,1.129,0.000,0.000,0.436,-0.363,0.000,1.553,-0.299,0.000,0.999,-0.001
2025-07-14 15:50:00.370838,1002,126.62418200,45.80128980,75.929,-0.203,69.586,0.050,134.366,0.732,77.100,0.670,0.000,1.595,2.960,0.000,0.743,1.129,0.000,0.000,0.434,-0.365,0.000,1.553,-0.299,0.000,0.999,-0.001
2025-07-14 15:50:00.480901,2112,126.62418310,45.80128990,75.885,-0.394,69.597,0.069,134.451,0.713,77.140,0.670,0.000,1.637,2.947,-0.000,0.731,1.129,0.000,0.000,0.431,-0.368,0.000,1.553,-0.299,0.000,0.999,-0.001
2025-07-14 15:50:00.590977,3112,126.62418410,45.80128990,75.895,0.090,69.597,0.071,134.529,0.710,77.180,0.670,0.000,1.739,2.937,0.000,0.721,1.392,0.000,0.000,0.428,-0.370,0.000,1.553,-0.299,0.000,0.999,-0.001
2025-07-14 15:50:00.701096,4223,126.62418520,45.80129000,75.915,0.177,69.608,0.084,134.614,0.717,77.220,0.680,0.000,1.808,2.928,0.000,0.717,1.392,0.000,0.000,0.426,-0.372,0.000,1.553,-0.299,0.000,0.999,-0.001
2025-07-14 15:50:00.811197,5233,126.62418620,45.80129010,75.919,0.039,69.619,0.078,134.692,0.697,77.200,0.680,0.000,1.856,2.922,0.000,0.712,1.392,0.000,0.000,0.424,-0.374,0.000,1.553,-0.299,0.000,0.999,-0.001
2025-07-14 15:50:00.921386,6233,126.62418720,45.80129020,75.932,0.117,69.630,0.082,134.769,0.682,77.240,0.670,0.000,1.854,2.916,-0.000,0.703,1.392,0.000,0.000,0.423,-0.376,0.000,1.553,-0.299,0.000,0.999,-0.001
2025-07-14 15:50:01.031398,7150,126.62418810,45.80129030,75.991,0.529,69.641,0.055,134.839,0.652,77.280,0.670,0.000,1.885,2.910,0.000,0.681,2.023,0.000,0.000,0.421,-0.377,0.000,1.553,-0.299,0.000,0.999,-0.001
2025-07-14 15:50:01.141522,8051,126.62418900,45.80129030,76.098,0.975,69.641,0.057,134.909,0.632,77.320,0.670,0.000,1.879,2.909,0.000,0.659,2.023,0.000,0.000,0.421,-0.378,0.000,1.553,-0.299,0.000,0.999,-0.001
2025-07-14 15:50:01.251611,8961,126.62418990,45.80129040,76.205,0.975,69.653,0.082,134.978,0.644,77.360,0.670,0.000,1.810,2.910,0.000,0.646,2.023,0.000,0.000,0.421,-0.377,0.000,1.553,-0.299,0.000,0.999,-0.001
2025-07-14 15:50:01.361909,9871,126.62419080,45.80129050,76.308,0.936,69.664,0.091,135.048,0.638,77.350,0.670,0.000,1.718,2.915,0.000,0.643,2.023,0.000,0.000,0.422,-0.376,0.000,1.553,-0.299,0.000,0.999,-0.001
2025-07-14 15:50:01.471826,781,126.62419170,45.80129060,76.410,0.927,69.675,0.060,135.118,0.664,77.390,0.670,0.000,1.575,2.919,-0.000,0.653,2.023,0.000,0.000,0.423,-0.375,0.000,1.553,-0.299,0.000,0.999,-0.001
2025-07-14 15:50:01.581930,1592,126.62419250,45.80129070,76.527,1.064,69.686,0.070,135.180,0.660,77.430,0.680,0.000,1.464,2.922,0.000,0.658,2.076,0.000,0.000,0.424,-0.374,0.000,1.553,-0.299,0.000,0.999,-0.001
2025-07-14 15:50:01.692049,2492,126.62419340,45.80129080,76.731,1.853,69.697,0.074,135.250,0.647,77.470,0.680,0.000,1.350,2.926,0.000,0.661,2.076,0.000,0.000,0.425,-0.373,0.000,1.553,-0.299,0.000,0.999,-0.001
2025-07-14 15:50:01.802126,3393,126.62419430,45.80129080,76.853,1.098,69.697,0.047,135.319,0.576,77.520,0.690,0.000,1.148,2.929,0.000,0.631,2.076,0.000,0.000,0.428,-0.370,0.000,1.553,-0.299,0.000,0.999,-0.001
2025-07-14 15:50:01.912337,4310,126.62419520,45.80129090,76.983,1.186,69.708,0.053,135.389,0.559,77.560,0.690,0.000,1.011,2.939,0.000,0.597,2.076,0.000,0.000,0.429,-0.369,0.000,1.553,-0.299,0.000,0.999,-0.001
2025-07-14 15:50:02.022350,5110,126.62419600,45.80129090,77.084,0.917,69.708,0.067,135.451,0.620,77.550,0.690,0.000,0.877,2.955,0.000,0.588,2.076,0.000,0.000,0.430,-0.367,0.000,1.553,-0.299,0.000,0.999,-0.001
2025-07-14 15:50:02.132466,6020,126.62419690,45.80129100,77.182,0.889,69.719,0.070,135.521,0.607,77.590,0.690,0.000,0.726,2.973,-0.000,0.599,1.971,0.000,0.000,0.431,-0.366,0.000,1.553,-0.299,0.000,0.999,-0.001
2025-07-14 15:50:02.242577,6823,126.62419770,45.80129100,77.274,0.835,69.719,0.060,135.583,0.634,77.580,0.690,0.000,0.622,2.988,0.000,0.624,1.971,0.000,0.000,0.432,-0.365,0.000,1.553,-0.299,0.000,0.999,-0.001
2025-07-14 15:50:02.352674,7734,126.62419860,45.80129110,77.368,0.857,69.730,0.066,135.653,0.613,77.620,0.690,0.000,0.490,3.000,-0.000,0.621,1.971,0.000,0.000,0.432,-0.365,0.000,1.553,-0.299,0.000,0.999,-0.001
2025-07-14 15:50:02.462849,8434,126.62419930,45.80129110,77.483,1.051,69.730,0.068,135.707,0.620,77.610,0.690,0.000,0.396,3.011,0.000,0.626,1.971,0.000,0.000,0.433,-0.364,0.000,1.553,-0.299,0.000,0.999,-0.001
2025-07-14 15:50:02.572882,9344,126.62420020,45.80129120,77.609,1.137,69.741,0.074,135.777,0.607,77.660,0.690,0.000,0.245,3.022,-0.000,0.617,1.918,0.000,0.000,0.433,-0.363,0.000,1.553,-0.299,0.000,0.999,-0.001
2025-07-14 15:50:02.682993,44,126.62420090,45.80129120,77.725,1.059,69.741,0.080,135.831,0.605,77.640,0.700,0.000,0.126,3.035,0.000,0.615,1.918,0.000,0.000,0.434,-0.363,0.000,1.553,-0.299,0.000,0.999,-0.001
2025-07-14 15:50:02.793094,954,126.62420180,45.80129130,77.828,0.923,69.753,0.047,135.901,0.626,77.690,0.700,0.000,-0.043,3.050,-0.000,0.617,1.918,0.000,0.000,0.434,-0.362,0.000,1.553,-0.299,0.000,0.999,-0.001
2025-07-14 15:50:02.903191,1854,126.62420270,45.80129130,77.930,0.932,69.753,0.057,135.971,0.618,77.680,0.710,0.000,-0.146,3.064,0.000,0.620,1.918,0.000,0.000,0.434,-0.362,0.000,1.553,-0.299,0.000,0.999,-0.001
2025-07-14 15:50:03.013384,2855,126.62420370,45.80129130,78.043,1.023,69.753,0.032,136.048,0.621,77.720,0.710,0.000,-0.286,3.079,-0.000,0.623,1.918,0.000,0.000,0.434,-0.362,0.000,1.553,-0.299,0.000,0.999,-0.001
2025-07-14 15:50:03.123402,3655,126.62420450,45.80129130,78.179,1.242,69.753,0.028,136.110,0.589,77.710,0.710,0.000,-0.400,3.094,0.000,0.611,1.971,0.000,0.000,0.433,-0.363,0.000,1.553,-0.299,0.000,0.998,-0.001
2025-07-14 15:50:03.233514,4555,126.62420540,45.80129140,78.346,1.519,69.764,0.021,136.180,0.621,77.700,0.710,0.000,-0.578,3.111,-0.000,0.611,1.971,0.000,0.000,0.432,-0.363,0.000,1.553,-0.299,0.000,0.998,-0.001
2025-07-14 15:50:03.343612,5354,126.62420620,45.80129140,78.485,1.265,69.764,0.027,136.242,0.603,77.690,0.710,0.000,-0.806,3.128,-0.000,0.605,1.971,0.000,0.000,0.431,-0.364,0.000,1.553,-0.299,0.000,0.998,-0.001
2025-07-14 15:50:03.453792,6155,126.62420700,45.80129140,78.632,1.335,69.764,0.052,136.304,0.623,77.730,0.710,0.000,-1.025,3.146,-0.000,0.617,1.971,0.000,0.000,0.429,-0.366,0.000,1.553,-0.299,0.000,0.998,-0.001
2025-07-14 15:50:03.563905,7075,126.62420790,45.80129150,78.795,1.484,69.775,0.063,136.374,0.607,77.720,0.710,0.000,-1.203,3.162,0.000,0.613,1.971,0.000,0.000,0.426,-0.368,0.000,1.553,-0.299,0.000,0.998,-0.001
2025-07-14 15:50:03.673932,7775,126.62420860,45.80129150,78.922,1.150,69.775,0.069,136.428,0.594,77.710,0.720,0.000,-1.437,3.179,-0.000,0.611,1.971,0.000,0.000,0.422,-0.371,0.000,1.553,-0.299,0.000,0.998,-0.001
2025-07-14 15:50:03.784037,8675,126.62420950,45.80129150,79.064,1.296,69.775,0.027,136.498,0.653,77.760,0.720,0.000,-1.657,3.197,-0.000,0.621,1.971,0.000,0.000,0.418,-0.374,0.000,1.553,-0.299,0.000,0.998,-0.001
2025-07-14 15:50:03.894139,9575,126.62421040,45.80129150,79.207,1.283,69.775,0.035,136.568,0.635,77.750,0.720,0.000,-1.834,3.214,0.000,0.629,1.971,0.000,0.000,0.414,-0.378,0.000,1.553,-0.299,0.000,0.998,-0.001
2025-07-14 15:50:04.004250,685,126.62421150,45.80129160,79.350,1.296,69.786,0.030,136.653,0.656,77.730,0.730,0.000,-2.061,3.230,-0.000,0.649,1.971,0.000,0.000,0.409,-0.383,0.000,1.553,-0.299,0.000,0.998,-0.001
2025-07-14 15:50:04.114334,1485,126.62421230,45.80129160,79.478,1.167,69.786,0.032,136.715,0.635,77.720,0.730,0.000,-2.321,3.244,-0.000,0.643,1.392,0.000,0.000,0.403,-0.388,0.000,1.553,-0.299,0.000,0.998,-0.001
2025-07-14 15:50:04.224468,2485,126.62421330,45.80129160,79.628,1.360,69.786,0.034,136.792,0.645,77.770,0.730,0.000,-2.574,3.259,-0.000,0.646,1.392,0.000,0.000,0.398,-0.393,0.000,1.553,-0.299,0.000,0.998,-0.001
2025-07-14 15:50:04.334561,3285,126.62421410,45.80129160,79.745,1.072,69.786,0.041,136.854,0.636,77.760,0.730,0.000,-2.794,3.273,0.000,0.640,1.392,0.000,0.000,0.392,-0.398,0.000,1.553,-0.299,0.000,0.998,-0.001
2025-07-14 15:50:04.444671,4195,126.62421500,45.80129170,79.831,0.775,69.797,0.006,136.924,0.690,77.750,0.730,0.000,-3.028,3.289,-0.000,0.658,1.392,0.000,0.000,0.387,-0.402,0.000,1.553,-0.299,0.000,0.998,-0.001
2025-07-14 15:50:04.554750,4995,126.62421580,45.80129170,79.912,0.736,69.797,0.003,136.986,0.677,77.740,0.730,0.000,-3.230,3.301,-0.000,0.668,0.971,0.000,0.000,0.384,-0.405,0.000,1.553,-0.299,0.000,0.998,-0.001
2025-07-14 15:50:04.664959,5905,126.62421670,45.80129180,79.974,0.565,69.808,0.006,137.056,0.661,77.790,0.730,0.000,-3.414,3.312,-0.000,0.676,0.971,0.000,0.000,0.381,-0.408,0.000,1.553,-0.299,0.000,0.998,-0.001
2025-07-14 15:50:04.774983,6805,126.62421760,45.80129180,79.898,-0.685,69.808,0.004,137.126,0.656,77.780,0.730,0.000,-3.503,3.321,0.000,0.665,0.971,0.000,0.000,0.380,-0.409,0.000,1.553,-0.299,0.000,0.998,-0.001
2025-07-14 15:50:04.885084,7996,126.62421880,45.80129170,79.958,0.545,69.797,0.022,137.219,0.712,77.830,0.730,0.000,-3.442,3.332,-0.000,0.676,0.971,0.000,0.000,0.384,-0.405,0.000,1.553,-0.299,0.000,0.998,-0.001
2025-07-14 15:50:04.995190,9096,126.62421990,45.80129170,80.008,0.450,69.797,0.010,137.304,0.704,77.820,0.730,0.000,-3.422,3.341,0.000,0.691,0.971,0.000,0.000,0.385,-0.404,0.000,1.553,-0.299,0.000,0.998,-0.001
2025-07-14 15:50:05.105279,198,126.62422100,45.80129170,80.059,0.456,69.797,0.010,137.389,0.685,77.750,0.740,0.000,-3.471,3.348,-0.000,0.700,1.550,0.000,0.000,0.386,-0.403,0.000,1.553,-0.299,0.000,0.998,-0.001
2025-07-14 15:50:05.215482,1195,126.62422200,45.80129170,80.119,0.554,69.797,0.005,137.467,0.704,77.740,0.740,0.000,-3.613,3.355,-0.000,0.698,1.550,0.000,0.000,0.385,-0.404,0.000,1.553,-0.299,0.000,0.998,-0.001
2025-07-14 15:50:05.335515,2295,126.62422310,45.80129170,80.203,0.692,69.797,0.008,137.552,0.688,77.730,0.740,0.000,-3.748,3.362,-0.000,0.692,1.550,0.000,0.000,0.384,-0.405,0.000,1.553,-0.299,0.000,0.998,-0.001
2025-07-14 15:50:05.445632,3395,126.62422420,45.80129170,80.245,0.386,69.797,0.023,137.637,0.689,77.720,0.740,0.000,-3.905,3.370,-0.000,0.694,1.550,0.000,0.000,0.382,-0.407,0.000,1.553,-0.299,0.000,0.998,-0.001
2025-07-14 15:50:05.555804,4395,126.62422520,45.80129170,80.255,0.094,69.797,0.024,137.715,0.666,77.710,0.740,0.000,-4.019,3.378,-0.000,0.681,-1.924,0.000,0.000,0.382,-0.407,0.000,1.553,-0.299,0.000,0.998,-0.001
2025-07-14 15:50:05.665902,5295,126.62422610,45.80129170,80.247,-0.072,69.797,0.025,137.785,0.648,77.700,0.740,0.000,-4.071,3.388,-0.000,0.668,-1.924,0.000,0.000,0.383,-0.406,0.000,1.553,-0.299,0.000,0.998,-0.001
2025-07-14 15:50:05.775947,6394,126.62422720,45.80129170,80.214,-0.301,69.797,-0.025,137.870,0.711,77.680,0.730,0.000,-4.072,3.401,-0.000,0.675,-1.924,0.000,0.000,0.386,-0.403,0.000,1.553,-0.299,0.000,0.998,-0.001
2025-07-14 15:50:05.886122,7587,126.62422840,45.80129160,80.171,-0.395,69.786,0.014,137.963,0.762,77.670,0.740,0.000,-4.033,3.410,-0.000,0.707,-1.924,0.000,0.000,0.389,-0.400,0.000,1.553,-0.299,0.000,0.998,-0.001
2025-07-14 15:50:05.996142,8877,126.62422970,45.80129150,80.108,-0.568,69.775,-0.015,138.064,0.773,77.660,0.730,0.000,-3.959,3.416,-0.000,0.749,-1.924,0.000,0.000,0.392,-0.397,0.000,1.553,-0.299,0.000,0.998,-0.001
2025-07-14 15:50:06.106242,9976,126.62423080,45.80129150,80.017,-0.829,69.775,-0.014,138.149,0.763,77.590,0.740,0.000,-3.853,3.412,-0.000,0.766,-1.924,0.000,0.000,0.395,-0.393,0.000,1.553,-0.299,0.000,0.998,-0.001
2025-07-14 15:50:06.216367,1176,126.62423200,45.80129150,79.889,-1.165,69.775,-0.002,138.242,0.748,77.520,0.740,0.000,-3.765,3.408,-0.000,0.761,-1.924,0.000,0.000,0.399,-0.390,0.000,1.553,-0.299,0.000,0.998,-0.001
2025-07-14 15:50:06.326457,2156,126.62423300,45.80129140,79.745,-1.305,69.764,-0.004,138.319,0.725,77.510,0.740,0.000,-3.649,3.404,-0.000,0.745,-1.924,0.000,0.000,0.403,-0.386,0.000,1.553,-0.299,0.000,0.998,-0.001
2025-07-14 15:50:06.436561,3356,126.62423420,45.80129140,79.605,-1.275,69.764,-0.032,138.412,0.816,77.500,0.730,0.000,-3.450,3.403,-0.000,0.763,-1.924,0.000,0.000,0.406,-0.382,0.000,1.553,-0.299,0.000,0.998,-0.001
2025-07-14 15:50:06.546646,4255,126.62423510,45.80129140,79.499,-0.963,69.764,-0.035,138.482,0.809,77.420,0.730,0.000,-3.229,3.398,-0.000,0.784,-1.924,0.000,0.000,0.410,-0.378,0.000,1.553,-0.299,0.000,0.998,-0.001
2025-07-14 15:50:06.656855,5458,126.62423630,45.80129130,79.320,-1.631,69.753,-0.028,138.575,0.802,77.410,0.730,0.000,-3.115,3.388,-0.000,0.810,-1.924,0.000,0.000,0.412,-0.376,0.000,1.553,-0.299,0.000,0.998,-0.001
2025-07-14 15:50:06.766954,6455,126.62423730,45.80129130,79.208,-1.014,69.753,0.021,138.653,0.777,77.400,0.730,0.000,-2.894,3.375,-0.000,0.797,-1.924,0.000,0.000,0.415,-0.373,0.000,1.553,-0.299,0.000,0.998,-0.001
2025-07-14 15:50:06.876984,7854,126.62423870,45.80129130,79.004,-1.860,69.753,-0.002,138.761,0.796,77.320,0.730,0.000,-2.712,3.363,-0.000,0.792,-1.924,0.000,0.000,0.417,-0.371,0.000,1.553,-0.299,0.000,0.998,-0.001
2025-07-14 15:50:06.987091,9257,126.62424010,45.80129140,78.775,-2.058,69.764,-0.042,138.870,0.849,77.310,0.730,0.000,-2.512,3.353,-0.000,0.808,-1.924,0.000,0.000,0.420,-0.367,0.000,1.553,-0.299,0.000,0.998,-0.001
2025-07-14 15:50:07.097188,357,126.62424120,45.80129140,78.616,-1.446,69.764,-0.045,138.955,0.832,77.300,0.720,0.000,-2.217,3.339,-0.000,0.826,-1.924,0.000,0.000,0.424,-0.363,0.000,1.553,-0.299,0.000,0.998,-0.001
2025-07-14 15:50:07.207311,1757,126.62424260,45.80129140,78.425,-1.739,69.764,0.040,139.064,0.853,77.350,0.730,0.000,-1.968,3.321,-0.000,0.846,-1.924,0.000,0.000,0.427,-0.360,0.000,1.553,-0.299,0.000,0.998,-0.001
2025-07-14 15:50:07.317411,2857,126.62424370,45.80129140,78.231,-1.760,69.764,0.049,139.149,0.852,77.330,0.730,0.000,-1.646,3.301,0.000,0.847,-1.924,0.000,0.000,0.429,-0.357,0.000,1.553,-0.299,0.000,0.998,-0.001
2025-07-14 15:50:07.427516,4157,126.62424500,45.80129140,77.981,-2.275,69.764,0.011,139.250,0.841,77.320,0.720,0.000,-1.370,3.281,-0.000,0.849,-1.924,0.000,0.000,0.432,-0.354,0.000,1.553,-0.299,0.000,0.998,-0.001
2025-07-14 15:50:07.537593,5257,126.62424610,45.80129140,77.810,-1.555,69.764,0.012,139.335,0.828,77.310,0.720,0.000,-1.046,3.259,-0.000,0.841,-1.556,0.000,0.000,0.435,-0.350,0.000,1.553,-0.299,0.000,0.998,-0.001
2025-07-14 15:50:07.647721,6557,126.62424740,45.80129140,77.612,-1.803,69.764,0.011,139.436,0.821,77.300,0.720,0.000,-0.790,3.238,-0.000,0.830,-1.556,0.000,0.000,0.437,-0.347,0.000,1.553,-0.299,0.000,0.998,-0.001
2025-07-14 15:50:07.757899,7656,126.62424850,45.80129140,77.448,-1.491,69.764,0.013,139.521,0.811,77.290,0.710,0.000,-0.531,3.219,-0.000,0.820,-1.556,0.000,0.000,0.439,-0.345,0.000,1.553,-0.299,0.000,0.998,-0.001
2025-07-14 15:50:07.868012,9056,126.62424990,45.80129140,77.280,-1.529,69.764,0.013,139.630,0.822,77.270,0.710,0.000,-0.306,3.201,-0.000,0.818,-1.556,0.000,0.000,0.440,-0.344,0.000,1.553,-0.299,0.000,0.998,-0.001
2025-07-14 15:50:07.978093,256,126.62425110,45.80129140,77.139,-1.276,69.764,0.021,139.723,0.822,77.260,0.710,0.000,-0.098,3.182,-0.000,0.818,-1.556,0.000,0.000,0.441,-0.342,0.000,1.553,-0.299,0.000,0.998,-0.001
2025-07-14 15:50:08.088189,1656,126.62425250,45.80129140,76.970,-1.522,69.764,0.030,139.831,0.778,77.250,0.700,0.000,0.087,3.163,-0.000,0.808,-0.345,0.000,0.000,0.441,-0.342,0.000,1.553,-0.299,0.000,0.998,-0.001
2025-07-14 15:50:08.198247,2753,126.62425360,45.80129140,76.831,-1.262,69.764,0.028,139.916,0.791,77.240,0.700,0.000,0.293,3.145,-0.000,0.797,-0.345,0.000,0.000,0.441,-0.342,0.000,1.553,-0.299,0.000,0.998,-0.001
2025-07-14 15:50:08.308346,4073,126.62425490,45.80129150,76.695,-1.236,69.775,0.032,140.017,0.784,77.220,0.710,0.000,0.476,3.128,-0.000,0.785,-0.345,0.000,0.000,0.440,-0.342,0.000,1.553,-0.299,0.000,0.998,-0.001
2025-07-14 15:50:08.418543,5273,126.62425610,45.80129150,76.575,-1.092,69.775,0.026,140.110,0.770,77.210,0.700,0.000,0.642,3.115,-0.000,0.782,-0.345,0.000,0.000,0.439,-0.342,0.000,1.553,-0.299,0.000,0.998,-0.001
2025-07-14 15:50:08.528555,6473,126.62425730,45.80129150,76.469,-0.963,69.775,0.025,140.203,0.755,77.260,0.700,0.000,0.798,3.101,-0.000,0.770,-0.135,0.000,0.000,0.437,-0.344,0.000,1.553,-0.299,0.000,0.998,-0.001
2025-07-14 15:50:08.638661,7573,126.62425840,45.80129150,76.417,-0.475,69.775,0.018,140.288,0.743,77.250,0.700,0.000,0.996,3.089,0.000,0.756,-0.135,0.000,0.000,0.436,-0.345,0.000,1.553,-0.299,0.000,0.998,-0.001
2025-07-14 15:50:08.748765,8783,126.62425960,45.80129160,76.330,-0.791,69.786,0.098,140.382,0.748,77.240,0.700,0.000,1.099,3.080,-0.000,0.751,-0.135,0.000,0.000,0.434,-0.347,0.000,1.553,-0.299,0.000,0.998,-0.001
2025-07-14 15:50:08.858956,9793,126.62426060,45.80129170,76.243,-0.797,69.797,0.057,140.459,0.723,77.230,0.690,0.000,1.209,3.071,-0.000,0.741,-0.135,0.000,0.000,0.431,-0.349,0.000,1.553,-0.299,0.000,0.998,-0.001
2025-07-14 15:50:08.969058,903,126.62426170,45.80129180,76.166,-0.695,69.808,0.058,140.544,0.719,77.280,0.690,0.000,1.323,3.062,-0.000,0.734,-0.135,0.000,0.000,0.429,-0.351,0.000,1.553,-0.299,0.000,0.998,-0.001
2025-07-14 15:50:09.089109,2114,126.62426290,45.80129190,76.103,-0.518,69.819,0.089,140.637,0.726,77.330,0.690,0.000,1.488,3.055,0.000,0.726,-0.135,0.000,0.000,0.426,-0.354,0.000,1.553,-0.299,0.000,0.998,-0.001
2025-07-14 15:50:09.209218,3314,126.62426410,45.80129200,76.070,-0.278,69.830,0.081,140.730,0.749,77.380,0.690,0.000,1.657,3.049,0.000,0.735,-0.135,0.000,0.000,0.422,-0.357,0.000,1.553,-0.299,0.000,0.998,-0.001
2025-07-14 15:50:09.329330,4435,126.62426520,45.80129210,76.022,-0.400,69.842,0.090,140.816,0.743,77.430,0.690,0.000,1.801,3.041,0.000,0.744,-0.135,0.000,0.000,0.419,-0.360,0.000,1.553,-0.299,0.000,0.998,-0.001
2025-07-14 15:50:09.449442,5545,126.62426630,45.80129220,75.982,-0.336,69.853,0.068,140.901,0.702,77.480,0.690,0.000,1.955,3.031,0.000,0.736,-0.135,0.000,0.000,0.416,-0.363,0.000,1.553,-0.299,0.000,0.998,-0.001
2025-07-14 15:50:09.569543,6656,126.62426740,45.80129230,75.990,0.072,69.864,0.064,140.986,0.682,77.530,0.680,0.000,2.106,3.024,0.000,0.713,2.865,0.000,0.000,0.412,-0.366,0.000,1.553,-0.299,0.000,0.998,-0.001
2025-07-14 15:50:09.689759,7863,126.62426860,45.80129240,76.011,0.172,69.875,0.061,141.079,0.659,77.590,0.690,0.000,2.207,3.018,0.000,0.684,2.865,0.000,0.000,0.409,-0.369,0.000,1.553,-0.299,0.000,0.998,-0.001
2025-07-14 15:50:09.809789,8874,126.62426960,45.80129250,76.063,0.430,69.886,0.077,141.157,0.677,77.640,0.690,0.000,2.288,3.019,0.000,0.676,2.865,0.000,0.000,0.407,-0.371,0.000,1.553,-0.299,0.000,0.998,-0.001
2025-07-14 15:50:09.929910,9974,126.62427070,45.80129250,76.147,0.702,69.886,0.083,141.242,0.676,77.690,0.690,0.000,2.319,3.021,0.000,0.675,2.865,0.000,0.000,0.406,-0.372,0.000,1.553,-0.299,0.000,0.998,-0.001
2025-07-14 15:50:10.050040,975,126.62427170,45.80129260,76.229,0.685,69.897,0.079,141.320,0.647,77.750,0.690,0.000,2.296,3.024,0.000,0.671,2.865,0.000,0.000,0.406,-0.372,0.000,1.553,-0.299,0.000,0.998,-0.001
2025-07-14 15:50:10.170138,1975,126.62427270,45.80129260,76.287,0.479,69.897,0.089,141.397,0.643,77.740,0.680,0.000,2.264,3.027,0.000,0.661,2.865,0.000,0.000,0.406,-0.372,0.000,1.553,-0.299,0.000,0.998,-0.001
2025-07-14 15:50:10.290265,3096,126.62427380,45.80129270,76.357,0.587,69.908,0.097,141.482,0.618,77.800,0.680,0.000,2.188,3.031,-0.000,0.642,2.865,0.000,0.000,0.406,-0.372,0.000,1.553,-0.299,0.000,0.998,-0.001
2025-07-14 15:50:10.400351,4105,126.62427480,45.80129280,76.438,0.736,69.919,0.039,141.560,0.672,77.790,0.690,0.000,2.150,3.037,0.000,0.649,2.865,0.000,0.000,0.406,-0.372,0.000,1.553,-0.299,0.000,0.998,-0.001
2025-07-14 15:50:10.510461,4906,126.62427560,45.80129280,76.512,0.666,69.919,0.039,141.622,0.652,77.850,0.690,0.000,2.045,3.044,-0.000,0.651,2.865,0.000,0.000,0.407,-0.371,0.000,1.553,-0.299,0.000,0.998,-0.001
2025-07-14 15:50:10.620640,5917,126.62427660,45.80129290,76.645,1.207,69.930,0.043,141.699,0.634,77.900,0.690,0.000,1.995,3.051,0.000,0.654,2.865,0.000,0.000,0.408,-0.370,0.000,1.553,-0.299,0.000,0.998,-0.001
2025-07-14 15:50:10.730677,6627,126.62427730,45.80129300,76.799,1.403,69.942,0.059,141.754,0.633,77.900,0.690,0.000,1.891,3.057,0.000,0.641,2.865,0.000,0.000,0.409,-0.369,0.000,1.553,-0.299,0.000,0.998,-0.001
2025-07-14 15:50:10.840772,7627,126.62427830,45.80129300,76.890,0.827,69.942,0.047,141.831,0.648,77.960,0.690,0.000,1.697,3.065,0.000,0.640,2.865,0.000,0.000,0.411,-0.367,0.000,1.553,-0.299,0.000,0.998,-0.001
2025-07-14 15:50:10.950878,8418,126.62427910,45.80129300,77.010,1.093,69.942,0.048,141.893,0.635,78.020,0.690,0.000,1.599,3.074,0.000,0.641,2.865,0.000,0.000,0.412,-0.365,0.000,1.553,-0.299,0.000,0.998,-0.001
2025-07-14 15:50:11.060958,9418,126.62428010,45.80129300,77.170,1.449,69.942,0.058,141.971,0.629,78.010,0.690,0.000,1.504,3.082,0.000,0.639,2.865,0.000,0.000,0.414,-0.364,0.000,1.553,-0.299,0.000,0.998,-0.001
2025-07-14 15:50:11.171096,328,126.62428100,45.80129310,77.298,1.159,69.953,0.061,142.040,0.621,78.010,0.700,0.000,1.302,3.091,-0.000,0.631,2.865,0.000,0.000,0.415,-0.362,0.000,1.553,-0.299,0.000,0.998,-0.001
2025-07-14 15:50:11.281192,1128,126.62428180,45.80129310,77.410,1.018,69.953,0.074,142.102,0.623,78.010,0.710,0.000,1.108,3.103,0.000,0.628,2.865,0.000,0.000,0.417,-0.360,0.000,1.553,-0.299,0.000,0.998,-0.001
2025-07-14 15:50:11.391768,2038,126.62428270,45.80129320,77.575,1.495,69.964,0.041,142.172,0.670,78.070,0.710,0.000,0.934,3.117,0.000,0.641,2.865,0.000,0.000,0.418,-0.359,0.000,1.553,-0.299,0.000,0.998,-0.001
2025-07-14 15:50:11.501879,2848,126.62428350,45.80129330,77.763,1.710,69.975,0.046,142.234,0.653,78.060,0.710,0.000,0.775,3.129,0.000,0.651,2.865,0.000,0.000,0.420,-0.357,0.000,1.553,-0.299,0.000,0.998,-0.001
2025-07-14 15:50:11.611997,3648,126.62428430,45.80129330,77.921,1.443,69.975,0.054,142.296,0.634,78.060,0.720,0.000,0.529,3.139,-0.000,0.654,2.865,0.000,0.000,0.421,-0.355,0.000,1.553,-0.299,0.000,0.998,-0.001
2025-07-14 15:50:11.722154,4359,126.62428500,45.80129340,78.080,1.425,69.986,0.073,142.351,0.611,78.120,0.720,0.000,0.297,3.150,0.000,0.635,2.865,0.000,0.000,0.422,-0.353,0.000,1.553,-0.299,0.000,0.998,-0.001
2025-07-14 15:50:11.832199,5359,126.62428600,45.80129340,78.320,2.181,69.986,0.036,142.428,0.665,78.180,0.720,0.000,0.130,3.165,0.000,0.639,2.865,0.000,0.000,0.423,-0.352,0.000,1.553,-0.299,0.000,0.998,-0.001
2025-07-14 15:50:11.942385,6269,126.62428690,45.80129350,78.556,2.149,69.997,0.035,142.498,0.649,78.180,0.720,0.000,-0.096,3.178,0.000,0.644,2.865,0.000,0.000,0.423,-0.351,0.000,1.553,-0.299,0.000,0.998,-0.001
2025-07-14 15:50:12.052404,7270,126.62428790,45.80129350,78.767,1.915,69.997,0.074,142.575,0.620,78.240,0.720,0.000,-0.396,3.191,0.000,0.647,2.865,0.000,0.000,0.423,-0.351,0.000,1.553,-0.299,0.000,0.998,-0.001
2025-07-14 15:50:12.162726,8081,126.62428870,45.80129360,78.934,1.519,70.008,0.094,142.637,0.614,78.300,0.720,0.000,-0.635,3.204,0.000,0.632,2.865,0.000,0.000,0.422,-0.351,0.000,1.553,-0.299,0.000,0.998,-0.001
2025-07-14 15:50:12.272617,9091,126.62428970,45.80129370,79.141,1.882,70.019,0.073,142.715,0.635,78.300,0.720,0.000,-0.815,3.219,0.000,0.628,2.865,0.000,0.000,0.420,-0.352,0.000,1.553,-0.299,0.000,0.998,-0.001
2025-07-14 15:50:12.382716,9891,126.62429050,45.80129370,79.342,1.826,70.019,0.075,142.777,0.614,78.300,0.730,0.000,-1.077,3.235,0.000,0.626,2.865,0.000,0.000,0.417,-0.354,0.000,1.553,-0.299,0.000,0.998,-0.001
2025-07-14 15:50:12.492823,801,126.62429140,45.80129380,79.574,2.113,70.031,0.040,142.847,0.649,78.360,0.740,0.000,-1.363,3.253,0.000,0.636,2.865,0.000,0.000,0.414,-0.357,0.000,1.553,-0.299,0.000,0.998,-0.001
2025-07-14 15:50:12.602930,1612,126.62429220,45.80129390,79.814,2.181,70.042,0.043,142.909,0.625,78.420,0.740,0.000,-1.638,3.270,0.000,0.632,2.865,0.000,0.000,0.408,-0.362,0.000,1.553,-0.299,0.000,0.998,-0.001
2025-07-14 15:50:12.713012,2422,126.62429300,45.80129400,79.939,1.137,70.053,0.057,142.971,0.600,78.420,0.740,0.000,-1.925,3.289,0.000,0.626,2.865,0.000,0.000,0.402,-0.367,0.000,1.553,-0.299,0.000,0.998,-0.001
2025-07-14 15:50:12.823132,3422,126.62429400,45.80129400,80.129,1.709,70.053,0.037,143.048,0.674,78.490,0.740,0.000,-2.164,3.308,0.000,0.635,2.865,0.000,0.000,0.396,-0.372,0.000,1.553,-0.299,0.000,0.998,-0.001
2025-07-14 15:50:12.933443,4624,126.62429520,45.80129400,80.348,1.992,70.053,0.049,143.141,0.669,78.610,0.740,0.000,-2.393,3.326,0.000,0.650,2.865,0.000,0.000,0.390,-0.378,0.000,1.553,-0.299,0.000,0.998,-0.001
2025-07-14 15:50:13.043366,5724,126.62429630,45.80129400,80.534,1.689,70.053,0.035,143.227,0.675,78.610,0.740,0.000,-2.606,3.342,0.000,0.674,-0.345,0.000,0.000,0.382,-0.384,0.000,1.553,-0.299,0.000,0.998,-0.001
2025-07-14 15:50:13.153450,6724,126.62429730,45.80129400,80.645,1.012,70.053,0.041,143.304,0.668,78.620,0.740,0.000,-2.903,3.353,0.000,0.672,-0.345,0.000,0.000,0.376,-0.390,0.000,1.553,-0.299,0.000,0.998,-0.001
2025-07-14 15:50:13.263557,7724,126.62429830,45.80129400,80.772,1.154,70.053,0.022,143.382,0.670,78.620,0.740,0.000,-3.141,3.365,0.000,0.672,-0.345,0.000,0.000,0.371,-0.394,0.000,1.553,-0.299,0.000,0.998,-0.001
2025-07-14 15:50:13.373666,8734,126.62429930,45.80129410,80.882,1.005,70.064,0.028,143.459,0.651,78.620,0.740,0.000,-3.384,3.377,0.000,0.664,-0.345,0.000,0.000,0.368,-0.398,0.000,1.553,-0.299,0.000,0.998,-0.001
2025-07-14 15:50:13.483774,9734,126.62430030,45.80129410,80.964,0.738,70.064,0.042,143.537,0.681,78.620,0.750,0.000,-3.609,3.390,0.000,0.668,-0.345,0.000,0.000,0.365,-0.400,0.000,1.553,-0.299,0.000,0.998,-0.001
2025-07-14 15:50:13.593864,544,126.62430110,45.80129420,81.013,0.445,70.075,0.046,143.599,0.653,78.630,0.750,0.000,-3.786,3.404,0.000,0.663,-0.135,0.000,0.000,0.363,-0.402,0.000,1.553,-0.299,0.000,0.998,-0.001
2025-07-14 15:50:13.703990,1544,126.62430210,45.80129420,81.075,0.568,70.075,0.044,143.676,0.622,78.690,0.740,0.000,-3.886,3.419,0.000,0.653,-0.135,0.000,0.000,0.364,-0.401,0.000,1.553,-0.299,0.000,0.998,-0.001
2025-07-14 15:50:13.814146,2634,126.62430320,45.80129410,81.155,0.717,70.064,-0.005,143.761,0.773,78.690,0.740,0.000,-3.917,3.434,0.000,0.684,-0.135,0.000,0.000,0.365,-0.400,0.000,1.553,-0.299,0.000,0.998,-0.001
2025-07-14 15:50:13.924195,3828,126.62430440,45.80129400,81.204,0.452,70.053,0.002,143.854,0.764,78.760,0.750,0.000,-4.000,3.443,0.000,0.720,-0.135,0.000,0.000,0.367,-0.398,0.000,1.553,-0.299,0.000,0.998,-0.001
2025-07-14 15:50:14.034386,4928,126.62430550,45.80129400,81.226,0.197,70.053,-0.007,143.940,0.796,78.760,0.750,0.000,-3.999,3.448,0.000,0.778,-1.924,0.000,0.000,0.368,-0.397,0.000,1.553,-0.299,0.000,0.998,-0.001
2025-07-14 15:50:14.144379,6218,126.62430680,45.80129390,81.191,-0.318,70.042,0.005,144.040,0.802,78.710,0.740,0.000,-3.997,3.444,0.000,0.787,-1.924,0.000,0.000,0.371,-0.394,0.000,1.553,-0.299,0.000,0.998,-0.001
2025-07-14 15:50:14.254689,7307,126.62430790,45.80129380,81.107,-0.760,70.031,-0.026,144.126,0.780,78.650,0.740,0.000,-3.979,3.435,-0.000,0.793,-1.924,0.000,0.000,0.375,-0.390,0.000,1.553,-0.299,0.000,0.998,-0.001
2025-07-14 15:50:14.364575,8507,126.62430910,45.80129380,80.989,-1.080,70.031,-0.016,144.219,0.767,78.650,0.740,0.000,-3.911,3.426,-0.000,0.783,-1.924,0.000,0.000,0.379,-0.386,0.000,1.553,-0.299,0.000,0.998,-0.001
2025-07-14 15:50:14.474724,9606,126.62431020,45.80129380,80.867,-1.107,70.031,0.007,144.304,0.776,78.590,0.740,0.000,-3.726,3.419,0.000,0.775,-1.924,0.000,0.000,0.384,-0.380,0.000,1.553,-0.299,0.000,0.998,-0.001
2025-07-14 15:50:14.584855,696,126.62431130,45.80129370,80.702,-1.500,70.019,0.001,144.389,0.749,78.530,0.740,0.000,-3.561,3.413,-0.000,0.764,-1.924,0.000,0.000,0.389,-0.375,0.000,1.553,-0.299,0.000,0.998,-0.001
2025-07-14 15:50:14.694926,1696,126.62431230,45.80129370,80.607,-0.864,70.019,0.001,144.467,0.732,78.530,0.740,0.000,-3.364,3.409,-0.000,0.752,-1.924,0.000,0.000,0.394,-0.370,0.000,1.553,-0.299,0.000,0.998,-0.001
2025-07-14 15:50:14.805036,2996,126.62431360,45.80129370,80.498,-0.993,70.019,-0.016,144.568,0.790,78.540,0.740,0.000,-3.187,3.407,0.000,0.757,-1.924,0.000,0.000,0.397,-0.367,0.000,1.553,-0.299,0.000,0.998,-0.001
2025-07-14 15:50:14.915205,4195,126.62431480,45.80129370,80.356,-1.272,70.019,-0.013,144.661,0.788,78.470,0.740,0.000,-2.996,3.404,0.000,0.770,-1.924,0.000,0.000,0.399,-0.365,0.000,1.553,-0.299,0.000,0.998,-0.001
2025-07-14 15:50:15.025553,5598,126.62431620,45.80129370,80.157,-1.814,70.019,0.013,144.769,0.837,78.480,0.730,0.000,-2.846,3.399,-0.000,0.805,-1.977,0.000,0.000,0.402,-0.362,0.000,1.553,-0.299,0.000,0.998,-0.001
2025-07-14 15:50:15.135342,6998,126.62431760,45.80129370,79.942,-1.958,70.019,0.021,144.878,0.833,78.480,0.730,0.000,-2.570,3.386,0.000,0.819,-1.977,0.000,0.000,0.405,-0.359,0.000,1.553,-0.299,0.000,0.998,-0.001
2025-07-14 15:50:15.245454,8198,126.62431880,45.80129370,79.754,-1.705,70.019,-0.013,144.971,0.804,78.480,0.730,0.000,-2.246,3.371,0.000,0.825,-1.977,0.000,0.000,0.409,-0.354,0.000,1.553,-0.299,0.000,0.998,-0.001
2025-07-14 15:50:15.355556,9498,126.62432010,45.80129370,79.538,-1.966,70.019,-0.015,145.071,0.785,78.480,0.730,0.000,-1.944,3.354,0.000,0.808,-1.977,0.000,0.000,0.413,-0.350,0.000,1.553,-0.299,0.000,0.998,-0.001
2025-07-14 15:50:15.465717,595,126.62432120,45.80129370,79.326,-1.928,70.019,-0.017,145.157,0.810,78.480,0.720,0.000,-1.625,3.341,0.000,0.800,-1.977,0.000,0.000,0.417,-0.346,0.000,1.553,-0.299,0.000,0.998,-0.001
2025-07-14 15:50:15.575756,1795,126.62432240,45.80129370,79.112,-1.941,70.019,-0.016,145.250,0.802,78.480,0.730,0.000,-1.311,3.327,0.000,0.799,-2.135,0.000,0.000,0.420,-0.342,0.000,1.553,-0.299,0.000,0.998,-0.001
2025-07-14 15:50:15.685871,2898,126.62432350,45.80129370,78.887,-2.049,70.019,-0.009,145.335,0.804,78.480,0.730,0.000,-1.001,3.315,0.000,0.805,-2.135,0.000,0.000,0.422,-0.338,0.000,1.553,-0.299,0.000,0.998,-0.001
2025-07-14 15:50:15.795952,4298,126.62432490,45.80129370,78.645,-2.202,70.019,-0.027,145.444,0.835,78.480,0.720,0.000,-0.686,3.303,0.000,0.814,-2.135,0.000,0.000,0.425,-0.335,0.000,1.553,-0.299,0.000,0.998,-0.001
2025-07-14 15:50:15.906072,5498,126.62432610,45.80129370,78.443,-1.833,70.019,-0.028,145.537,0.825,78.480,0.720,0.000,-0.357,3.286,0.000,0.822,-2.135,0.000,0.000,0.427,-0.332,0.000,1.553,-0.299,0.000,0.998,-0.001
2025-07-14 15:50:16.016244,6798,126.62432740,45.80129370,78.239,-1.841,70.019,0.007,145.637,0.784,78.490,0.720,0.000,-0.066,3.269,0.000,0.815,-2.135,0.000,0.000,0.428,-0.331,0.000,1.553,-0.299,0.000,0.998,-0.001
2025-07-14 15:50:16.126564,7895,126.62432850,45.80129370,78.064,-1.589,70.019,0.002,145.723,0.770,78.490,0.710,0.000,0.225,3.253,0.000,0.793,-0.135,0.000,0.000,0.428,-0.330,0.000,1.553,-0.299,0.000,0.998,-0.001
2025-07-14 15:50:16.236405,9195,126.62432980,45.80129370,77.899,-1.495,70.019,0.004,145.823,0.808,78.490,0.710,0.000,0.478,3.239,0.000,0.787,-0.135,0.000,0.000,0.427,-0.329,0.000,1.553,-0.299,0.000,0.998,-0.001
2025-07-14 15:50:16.346519,295,126.62433090,45.80129370,77.745,-1.400,70.019,0.002,145.909,0.807,78.490,0.710,0.000,0.710,3.225,0.000,0.795,-0.135,0.000,0.000,0.426,-0.330,0.000,1.553,-0.299,0.000,0.998,-0.001
2025-07-14 15:50:16.456596,1498,126.62433210,45.80129370,77.578,-1.521,70.019,0.041,146.002,0.786,78.490,0.710,0.000,0.929,3.211,0.000,0.801,-0.135,0.000,0.000,0.424,-0.331,0.000,1.553,-0.299,0.000,0.998,-0.001
2025-07-14 15:50:16.566769,2595,126.62433320,45.80129370,77.442,-1.235,70.019,0.042,146.087,0.771,78.490,0.700,0.000,1.161,3.195,0.000,0.789,0.076,0.000,0.000,0.421,-0.334,0.000,1.553,-0.299,0.000,0.998,-0.001
2025-07-14 15:50:16.676812,3795,126.62433440,45.80129370,77.325,-1.069,70.019,0.038,146.180,0.749,78.490,0.710,0.000,1.369,3.180,0.000,0.770,0.076,0.000,0.000,0.417,-0.337,0.000,1.553,-0.299,0.000,0.998,-0.001
2025-07-14 15:50:16.786928,4795,126.62433540,45.80129370,77.241,-0.764,70.019,0.020,146.258,0.741,78.490,0.710,0.000,1.556,3.170,0.000,0.754,0.076,0.000,0.000,0.413,-0.340,0.000,1.553,-0.299,0.000,0.998,-0.001
2025-07-14 15:50:16.897025,6005,126.62433660,45.80129380,77.143,-0.885,70.031,0.046,146.351,0.792,78.490,0.710,0.000,1.707,3.162,0.000,0.762,0.076,0.000,0.000,0.409,-0.343,0.000,1.553,-0.299,0.000,0.998,-0.001
2025-07-14 15:50:17.007122,7005,126.62433760,45.80129380,77.054,-0.807,70.031,0.098,146.428,0.769,78.490,0.700,0.000,1.863,3.153,0.000,0.770,0.076,0.000,0.000,0.405,-0.347,0.000,1.553,-0.299,0.000,0.998,-0.001
2025-07-14 15:50:17.117503,8106,126.62433870,45.80129380,76.999,-0.496,70.031,0.098,146.513,0.764,78.560,0.700,0.000,2.016,3.141,0.000,0.780,1.708,0.000,0.000,0.401,-0.351,0.000,1.553,-0.299,0.000,0.998,-0.001
2025-07-14 15:50:17.227399,9316,126.62433990,45.80129390,76.971,-0.255,70.042,0.050,146.606,0.736,78.560,0.700,0.000,2.205,3.128,0.000,0.761,1.708,0.000,0.000,0.397,-0.355,0.000,1.553,-0.299,0.000,0.998,-0.001
2025-07-14 15:50:17.337445,316,126.62434090,45.80129390,76.930,-0.375,70.042,0.044,146.684,0.728,78.560,0.700,0.000,2.309,3.117,0.000,0.746,1.708,0.000,0.000,0.393,-0.358,0.000,1.553,-0.299,0.000,0.998,-0.001
2025-07-14 15:50:17.447525,1416,126.62434200,45.80129390,76.904,-0.235,70.042,0.062,146.769,0.747,78.560,0.700,0.000,2.400,3.109,0.000,0.739,1.708,0.000,0.000,0.390,-0.362,0.000,1.553,-0.299,0.000,0.998,-0.001
2025-07-14 15:50:17.557641,2327,126.62434290,45.80129400,76.930,0.242,70.053,0.065,146.839,0.733,78.620,0.700,0.000,2.469,3.103,0.000,0.738,2.655,0.000,0.000,0.387,-0.364,0.000,1.553,-0.299,0.000,0.998,-0.001
2025-07-14 15:50:17.667754,3427,126.62434400,45.80129400,77.042,1.016,70.053,0.066,146.924,0.716,78.630,0.700,0.000,2.531,3.096,0.000,0.735,2.655,0.000,0.000,0.386,-0.365,0.000,1.553,-0.299,0.000,0.998,-0.001
2025-07-14 15:50:17.777863,4437,126.62434500,45.80129410,77.082,0.358,70.064,0.091,147.002,0.743,78.630,0.700,0.000,2.444,3.090,0.000,0.734,2.655,0.000,0.000,0.387,-0.365,0.000,1.553,-0.299,0.000,0.998,-0.001
2025-07-14 15:50:17.887958,5647,126.62434620,45.80129420,77.114,0.293,70.075,0.044,147.095,0.739,78.690,0.700,0.000,2.374,3.084,0.000,0.736,2.655,0.000,0.000,0.387,-0.364,0.000,1.553,-0.299,0.000,0.998,-0.001
2025-07-14 15:50:17.998058,6658,126.62434720,45.80129430,77.186,0.660,70.086,0.107,147.172,0.703,78.700,0.700,0.000,2.379,3.078,0.000,0.733,2.655,0.000,0.000,0.387,-0.364,0.000,1.553,-0.299,0.000,0.998,-0.001
2025-07-14 15:50:18.108178,7868,126.62434840,45.80129440,77.219,0.298,70.097,0.114,147.265,0.697,78.760,0.700,0.000,2.315,3.072,0.000,0.719,-1.766,0.000,0.000,0.387,-0.364,0.000,1.553,-0.299,0.000,0.998,-0.001
2025-07-14 15:50:18.218549,8889,126.62434940,45.80129460,77.275,0.507,70.120,0.000,147.343,0.740,78.890,0.700,0.000,2.321,3.069,0.000,0.719,-1.766,0.000,0.000,0.387,-0.364,0.000,1.553,-0.299,0.000,0.998,-0.001
2025-07-14 15:50:18.328449,9999,126.62435050,45.80129470,77.432,1.424,70.131,-0.010,147.428,0.717,78.890,0.700,0.000,2.399,3.066,0.000,0.721,-1.766,0.000,0.000,0.387,-0.364,0.000,1.553,-0.299,0.000,0.998,-0.001
2025-07-14 15:50:18.438496,1010,126.62435150,45.80129480,77.577,1.324,70.142,0.090,147.506,0.712,78.960,0.700,0.000,2.258,3.062,0.000,0.725,-1.766,0.000,0.000,0.389,-0.362,0.000,1.553,-0.299,0.000,0.998,-0.001
2025-07-14 15:50:18.548584,2011,126.62435250,45.80129490,77.739,1.464,70.153,0.098,147.583,0.711,79.090,0.700,0.000,2.123,3.058,0.000,0.717,5.076,0.000,0.000,0.392,-0.359,0.000,1.553,-0.299,0.000,0.998,-0.001
2025-07-14 15:50:18.658694,3022,126.62435350,45.80129500,77.927,1.716,70.164,0.101,147.661,0.697,79.160,0.690,0.000,2.037,3.055,0.000,0.713,5.076,0.000,0.000,0.394,-0.356,0.000,1.553,-0.299,0.000,0.998,-0.001
2025-07-14 15:50:18.768876,4030,126.62435450,45.80129510,78.132,1.865,70.175,0.080,147.738,0.664,79.230,0.690,0.000,1.879,3.051,0.000,0.697,5.076,0.000,0.000,0.397,-0.354,0.000,1.553,-0.299,0.000,0.998,-0.001
2025-07-14 15:50:18.878891,4930,126.62435540,45.80129510,78.298,1.502,70.175,0.099,147.808,0.683,79.290,0.700,0.000,1.682,3.050,0.000,0.688,5.076,0.000,0.000,0.400,-0.350,0.000,1.553,-0.299,0.000,0.998,-0.001
2025-07-14 15:50:18.989110,6041,126.62435650,45.80129520,78.507,1.890,70.186,0.065,147.893,0.717,79.370,0.700,0.000,1.508,3.052,0.000,0.693,5.076,0.000,0.000,0.403,-0.348,0.000,1.553,-0.299,0.000,0.998,-0.001
2025-07-14 15:50:19.099115,7055,126.62435750,45.80129530,78.765,2.337,70.197,0.070,147.971,0.702,79.440,0.700,0.000,1.317,3.053,0.000,0.705,5.129,0.000,0.000,0.405,-0.345,0.000,1.553,-0.299,0.000,0.998,-0.001
2025-07-14 15:50:19.218774,7956,126.62435840,45.80129530,78.994,1.929,70.197,0.091,148.041,0.680,79.520,0.700,0.000,1.065,3.052,0.000,0.704,5.129,0.000,0.000,0.408,-0.341,0.000,1.553,-0.299,0.000,0.998,-0.001
2025-07-14 15:50:19.328871,8963,126.62435940,45.80129540,79.248,2.305,70.208,0.103,148.118,0.670,79.590,0.700,0.000,0.836,3.051,0.000,0.690,5.129,0.000,0.000,0.411,-0.338,0.000,1.553,-0.299,0.000,0.998,-0.001
2025-07-14 15:50:19.438992,9974,126.62436040,45.80129550,79.478,2.094,70.220,0.048,148.196,0.679,79.600,0.700,0.000,0.583,3.053,0.000,0.682,5.129,0.000,0.000,0.413,-0.335,0.000,1.553,-0.299,0.000,0.998,-0.001
2025-07-14 15:50:19.549081,784,126.62436120,45.80129560,79.673,1.771,70.231,0.055,148.258,0.656,79.670,0.700,0.000,0.290,3.056,0.000,0.672,3.287,0.000,0.000,0.415,-0.333,0.000,1.553,-0.299,0.000,0.998,-0.001
2025-07-14 15:50:19.669185,1695,126.62436210,45.80129570,79.935,2.164,70.242,0.064,148.327,0.645,79.750,0.700,0.000,0.081,3.061,0.000,0.662,3.287,0.000,0.000,0.415,-0.331,0.000,1.553,-0.299,0.000,0.998,-0.001
2025-07-14 15:50:19.789290,2806,126.62436320,45.80129580,80.154,1.827,70.253,0.105,148.413,0.691,79.820,0.700,0.000,-0.158,3.068,0.000,0.668,3.287,0.000,0.000,0.416,-0.330,0.000,1.553,-0.299,0.000,0.998,-0.001
2025-07-14 15:50:19.909405,3916,126.62436430,45.80129590,80.396,2.018,70.264,0.097,148.498,0.672,79.890,0.710,0.000,-0.374,3.073,0.000,0.675,3.287,0.000,0.000,0.415,-0.330,0.000,1.553,-0.299,0.000,0.998,-0.001
2025-07-14 15:50:20.029527,5127,126.62436550,45.80129600,80.579,1.528,70.275,0.050,148.591,0.680,79.970,0.710,0.000,-0.607,3.079,0.000,0.687,3.287,0.000,0.000,0.414,-0.331,0.000,1.553,-0.299,0.000,0.998,-0.001
2025-07-14 15:50:20.149645,6328,126.62436670,45.80129610,80.776,1.635,70.286,0.063,148.684,0.653,80.050,0.710,0.000,-0.778,3.083,0.000,0.672,3.287,0.000,0.000,0.412,-0.332,0.000,1.553,-0.299,0.000,0.998,-0.001
2025-07-14 15:50:20.269829,7339,126.62436770,45.80129620,81.001,1.874,70.297,0.069,148.761,0.734,80.120,0.710,0.000,-0.946,3.089,0.000,0.692,3.287,0.000,0.000,0.410,-0.334,0.000,1.553,-0.299,0.000,0.998,-0.001
2025-07-14 15:50:20.389870,8453,126.62436880,45.80129630,81.248,2.059,70.309,0.076,148.847,0.722,80.200,0.700,0.000,-1.155,3.093,0.000,0.706,3.287,0.000,0.000,0.406,-0.336,0.000,1.553,-0.299,0.000,0.998,-0.001
2025-07-14 15:50:20.509982,9463,126.62436980,45.80129640,81.512,2.207,70.320,0.071,148.924,0.716,80.280,0.700,0.000,-1.394,3.091,0.000,0.728,3.287,0.000,0.000,0.402,-0.340,0.000,1.553,-0.299,0.000,0.998,-0.001
2025-07-14 15:50:20.630106,474,126.62437080,45.80129650,81.770,2.125,70.331,0.087,149.002,0.708,80.360,0.700,0.000,-1.667,3.087,0.000,0.720,3.234,0.000,0.000,0.396,-0.345,0.000,1.553,-0.299,0.000,0.998,-0.001
2025-07-14 15:50:20.750206,1682,126.62437200,45.80129660,82.012,2.020,70.342,0.064,149.095,0.646,80.440,0.700,0.000,-1.953,3.083,0.000,0.694,3.234,0.000,0.000,0.389,-0.351,0.000,1.553,-0.299,0.000,0.998,-0.001
2025-07-14 15:50:20.870401,2683,126.62437300,45.80129660,82.189,1.472,70.342,0.013,149.172,0.709,80.520,0.710,0.000,-2.239,3.084,0.000,0.691,3.234,0.000,0.000,0.381,-0.357,0.000,1.553,-0.299,0.000,0.998,-0.001
2025-07-14 15:50:20.980436,3784,126.62437410,45.80129660,82.351,1.478,70.342,0.021,149.258,0.688,80.600,0.710,0.000,-2.461,3.088,0.000,0.682,3.234,0.000,0.000,0.375,-0.363,0.000,1.553,-0.299,0.000,0.998,-0.001
2025-07-14 15:50:21.090536,4787,126.62437510,45.80129660,82.487,1.230,70.342,0.025,149.335,0.709,80.620,0.710,0.000,-2.650,3.092,0.000,0.702,-0.556,0.000,0.000,0.369,-0.369,0.000,1.553,-0.299,0.000,0.998,-0.001
2025-07-14 15:50:21.200648,5697,126.62437600,45.80129670,82.547,0.551,70.353,0.005,149.405,0.743,80.630,0.710,0.000,-2.861,3.094,0.000,0.714,-0.556,0.000,0.000,0.364,-0.373,0.000,1.553,-0.299,0.000,0.998,-0.001
2025-07-14 15:50:21.310837,6697,126.62437700,45.80129670,82.595,0.435,70.353,0.012,149.482,0.734,80.650,0.710,0.000,-3.003,3.093,0.000,0.729,-0.556,0.000,0.000,0.361,-0.376,0.000,1.553,-0.299,0.000,0.998,-0.001
2025-07-14 15:50:21.420850,7598,126.62437790,45.80129670,82.660,0.589,70.353,0.010,149.552,0.760,80.730,0.710,0.000,-3.091,3.090,0.000,0.746,-0.556,0.000,0.000,0.360,-0.377,0.000,1.553,-0.299,0.000,0.998,-0.001
2025-07-14 15:50:21.530978,8608,126.62437890,45.80129680,82.750,0.823,70.364,0.016,149.630,0.756,80.750,0.710,0.000,-3.113,3.084,0.000,0.750,-0.556,0.000,0.000,0.358,-0.378,0.000,1.553,-0.299,0.000,0.998,-0.001
2025-07-14 15:50:21.641130,9508,126.62437980,45.80129680,82.781,0.284,70.364,0.027,149.699,0.740,80.770,0.710,0.000,-3.201,3.077,0.000,0.752,-0.556,0.000,0.000,0.357,-0.379,0.000,1.553,-0.299,0.000,0.998,-0.001
2025-07-14 15:50:21.751178,608,126.62438090,45.80129680,82.953,1.549,70.364,-0.010,149.785,0.717,80.770,0.710,0.000,0.000,0.000,0.000,0.738,-0.556,0.000,0.000,0.358,-0.379,0.000,1.553,-0.299,0.000,0.998,-0.001
2025-07-14 15:50:21.861266,1698,126.62438200,45.80129670,82.967,0.127,70.353,-0.024,149.870,0.752,80.770,0.710,0.000,0.000,0.000,0.000,0.737,-0.556,0.000,0.000,0.358,-0.379,0.000,1.553,-0.299,0.000,0.998,-0.001
2025-07-14 15:50:21.971376,2988,126.62438330,45.80129660,82.946,-0.191,70.342,-0.016,149.971,0.750,80.770,0.710,0.000,0.000,0.000,0.000,0.740,-0.556,0.000,0.000,0.358,-0.379,0.000,1.553,-0.299,0.000,0.998,-0.001
2025-07-14 15:50:22.081470,4088,126.62438440,45.80129660,82.917,-0.267,70.342,-0.009,150.056,0.786,80.770,0.710,0.000,0.000,0.000,0.000,0.763,-0.556,0.000,0.000,0.358,-0.379,0.000,1.553,-0.299,0.000,0.998,-0.001
2025-07-14 15:50:22.191579,5378,126.62438570,45.80129650,82.887,-0.274,70.331,0.003,150.157,0.732,80.770,0.710,0.000,0.000,0.000,0.000,0.756,-0.556,0.000,0.000,0.358,-0.379,0.000,1.553,-0.299,0.000,0.998,-0.001
2025-07-14 15:50:22.301706,6478,126.62438680,45.80129650,82.869,-0.165,70.331,0.014,150.242,0.756,80.770,0.710,0.000,0.000,0.000,0.000,0.758,-0.556,0.000,0.000,0.358,-0.379,0.000,1.553,-0.299,0.000,0.998,-0.001
2025-07-14 15:50:22.411799,7778,126.62438810,45.80129650,82.839,-0.267,70.331,-0.001,150.343,0.655,80.770,0.710,0.000,0.000,0.000,0.000,0.714,-0.556,0.000,0.000,0.358,-0.379,0.000,1.553,-0.299,0.000,0.998,-0.001
2025-07-14 15:50:22.521902,8975,126.62438930,45.80129650,82.809,-0.274,70.331,0.011,150.436,0.662,80.770,0.710,0.000,0.000,0.000,0.000,0.691,-0.556,0.000,0.000,0.358,-0.379,0.000,1.553,-0.299,0.000,0.998,-0.001
2025-07-14 15:50:22.632000,275,126.62439060,45.80129650,82.784,-0.229,70.331,0.017,150.537,0.658,80.770,0.710,0.000,0.000,0.000,0.000,0.658,-0.556,0.000,0.000,0.358,-0.379,0.000,1.553,-0.299,0.000,0.998,-0.001
2025-07-14 15:50:22.742123,1465,126.62439180,45.80129640,82.813,0.259,70.320,-0.029,150.630,0.633,80.770,0.710,0.000,0.000,0.000,0.000,0.651,-0.556,0.000,0.000,0.358,-0.379,0.000,1.553,-0.299,0.000,0.998,-0.001
2025-07-14 15:50:22.852212,2265,126.62439260,45.80129640,82.822,0.083,70.320,-0.013,150.692,0.551,80.770,0.710,0.000,0.000,0.000,0.000,0.614,-0.556,0.000,0.000,0.358,-0.379,0.000,1.553,-0.299,0.000,0.998,-0.001
2025-07-14 15:50:22.962322,3152,126.62439350,45.80129630,82.799,-0.210,70.309,-0.008,150.761,0.557,80.770,0.710,0.000,0.000,0.000,0.000,0.581,-0.556,0.000,0.000,0.358,-0.379,0.000,1.553,-0.299,0.000,0.998,-0.001
2025-07-14 15:50:23.072399,3942,126.62439430,45.80129620,82.781,-0.159,70.297,-0.090,150.823,0.594,80.770,0.710,0.000,0.000,0.000,0.000,0.570,-0.556,0.000,0.000,0.358,-0.379,0.000,1.553,-0.299,0.000,0.998,-0.001
2025-07-14 15:50:23.182532,4932,126.62439530,45.80129610,82.743,-0.344,70.286,-0.078,150.901,0.590,80.770,0.710,0.000,0.000,0.000,0.000,0.584,-0.556,0.000,0.000,0.358,-0.379,0.000,1.553,-0.299,0.000,0.998,-0.001
2025-07-14 15:50:23.292635,5632,126.62439600,45.80129610,82.692,-0.465,70.286,-0.021,150.955,0.546,80.770,0.710,0.000,0.000,0.000,0.000,0.581,-0.556,0.000,0.000,0.358,-0.379,0.000,1.553,-0.299,0.000,0.998,-0.001
2025-07-14 15:50:23.412749,6522,126.62439690,45.80129600,82.693,0.006,70.275,-0.050,151.025,0.531,80.770,0.710,0.000,0.000,0.000,0.000,0.558,-0.556,0.000,0.000,0.358,-0.379,0.000,1.553,-0.299,0.000,0.998,-0.001
2025-07-14 15:50:23.522856,7422,126.62439780,45.80129600,82.713,0.185,70.275,-0.043,151.095,0.542,80.770,0.710,0.000,0.000,0.000,0.000,0.541,-0.556,0.000,0.000,0.358,-0.379,0.000,1.553,-0.299,0.000,0.998,-0.001
2025-07-14 15:50:23.632939,8212,126.62439860,45.80129590,82.657,-0.515,70.264,-0.030,151.157,0.552,80.770,0.710,0.000,0.000,0.000,0.000,0.543,-0.556,0.000,0.000,0.358,-0.379,0.000,1.553,-0.299,0.000,0.998,-0.001
2025-07-14 15:50:23.743069,9012,126.62439940,45.80129590,82.495,-1.470,70.264,-0.038,151.219,0.501,80.770,0.710,0.000,0.000,0.000,0.000,0.533,-0.556,0.000,0.000,0.358,-0.379,0.000,1.553,-0.299,0.000,0.998,-0.001
2025-07-14 15:50:23.853172,9602,126.62440000,45.80129580,82.468,-0.240,70.253,-0.042,151.265,0.456,80.770,0.710,0.000,0.000,0.000,0.000,0.504,-0.556,0.000,0.000,0.358,-0.379,0.000,1.553,-0.299,0.000,0.998,-0.001
2025-07-14 15:50:23.963276,189,126.62440060,45.80129570,82.431,-0.337,70.242,-0.039,151.312,0.449,80.770,0.710,0.000,0.000,0.000,0.000,0.470,-0.556,0.000,0.000,0.358,-0.379,0.000,1.553,-0.299,0.000,0.998,-0.001
2025-07-14 15:50:24.073366,779,126.62440120,45.80129560,82.368,-0.573,70.231,-0.069,151.358,0.482,80.770,0.710,0.000,0.000,0.000,0.000,0.465,-0.556,0.000,0.000,0.358,-0.379,0.000,1.553,-0.299,0.000,0.998,-0.001
2025-07-14 15:50:24.183489,1369,126.62440180,45.80129550,82.326,-0.382,70.220,-0.065,151.405,0.482,80.770,0.710,0.000,0.000,0.000,0.000,0.475,-0.556,0.000,0.000,0.358,-0.379,0.000,1.553,-0.299,0.000,0.998,-0.001
2025-07-14 15:50:24.293593,1969,126.62440240,45.80129550,82.289,-0.337,70.220,-0.031,151.451,0.465,80.770,0.710,0.000,0.000,0.000,0.000,0.480,-0.556,0.000,0.000,0.358,-0.379,0.000,1.553,-0.299,0.000,0.998,-0.001
2025-07-14 15:50:24.403698,2559,126.62440300,45.80129540,82.237,-0.477,70.208,-0.033,151.498,0.445,80.770,0.710,0.000,0.000,0.000,0.000,0.466,-0.556,0.000,0.000,0.358,-0.379,0.000,1.553,-0.299,0.000,0.998,-0.001
2025-07-14 15:50:24.513807,3259,126.62440370,45.80129540,82.194,-0.388,70.208,-0.025,151.552,0.437,80.770,0.710,0.000,0.000,0.000,0.000,0.450,-0.556,0.000,0.000,0.358,-0.379,0.000,1.553,-0.299,0.000,0.998,-0.001
2025-07-14 15:50:24.623900,3749,126.62440420,45.80129530,82.186,-0.070,70.197,-0.023,151.591,0.423,80.770,0.710,0.000,0.000,0.000,0.000,0.436,-0.556,0.000,0.000,0.358,-0.379,0.000,1.553,-0.299,0.000,0.998,-0.001
2025-07-14 15:50:24.734030,4349,126.62440480,45.80129530,82.187,0.006,70.197,-0.068,151.637,0.411,80.770,0.710,0.000,0.000,0.000,0.000,0.426,-0.556,0.000,0.000,0.358,-0.379,0.000,1.553,-0.299,0.000,0.998,-0.001
2025-07-14 15:50:24.844113,4839,126.62440530,45.80129520,82.183,-0.032,70.186,-0.068,151.676,0.391,80.770,0.710,0.000,0.000,0.000,0.000,0.412,-0.556,0.000,0.000,0.358,-0.379,0.000,1.553,-0.299,0.000,0.998,-0.001
2025-07-14 15:50:24.954228,5319,126.62440580,45.80129500,82.171,-0.115,70.164,-0.066,151.715,0.388,80.770,0.710,0.000,0.000,0.000,0.000,0.402,-0.556,0.000,0.000,0.358,-0.379,0.000,1.553,-0.299,0.000,0.998,-0.001
2025-07-14 15:50:25.064369,5806,126.62440630,45.80129490,82.147,-0.216,70.153,-0.048,151.754,0.354,80.770,0.710,0.000,0.000,0.000,0.000,0.383,-0.345,0.000,0.000,0.358,-0.379,0.000,1.553,-0.299,0.000,0.998,-0.001
2025-07-14 15:50:25.174423,6296,126.62440680,45.80129480,82.099,-0.439,70.142,-0.040,151.792,0.351,80.770,0.710,0.000,0.000,0.000,0.000,0.368,-0.345,0.000,0.000,0.358,-0.379,0.000,1.553,-0.299,0.000,0.998,-0.001
2025-07-14 15:50:25.284526,6786,126.62440730,45.80129470,82.048,-0.458,70.131,-0.077,151.831,0.378,80.770,0.710,0.000,0.000,0.000,0.000,0.365,-0.345,0.000,0.000,0.358,-0.379,0.000,1.553,-0.299,0.000,0.998,-0.001
2025-07-14 15:50:25.394642,7286,126.62440780,45.80129470,81.984,-0.585,70.131,-0.083,151.870,0.359,80.770,0.710,0.000,0.000,0.000,0.000,0.369,-0.345,0.000,0.000,0.358,-0.379,0.000,1.553,-0.299,0.000,0.998,-0.001
2025-07-14 15:50:25.504754,7776,126.62440830,45.80129460,81.922,-0.560,70.120,-0.083,151.909,0.352,80.770,0.710,0.000,0.000,0.000,0.000,0.372,-0.345,0.000,0.000,0.358,-0.379,0.000,1.553,-0.299,0.000,0.998,-0.001
2025-07-14 15:50:25.614827,8266,126.62440880,45.80129450,81.858,-0.579,70.108,-0.086,151.948,0.338,80.770,0.710,0.000,0.000,0.000,0.000,0.360,-0.345,0.000,0.000,0.358,-0.379,0.000,1.553,-0.299,0.000,0.998,-0.001
2025-07-14 15:50:25.724968,8656,126.62440920,45.80129440,81.747,-1.012,70.097,-0.085,151.979,0.319,80.770,0.710,0.000,0.000,0.000,0.000,0.347,-0.345,0.000,0.000,0.358,-0.379,0.000,1.553,-0.299,0.000,0.998,-0.001
2025-07-14 15:50:25.835059,9146,126.62440970,45.80129430,81.743,-0.038,70.086,-0.048,152.017,0.301,80.770,0.710,0.000,0.000,0.000,0.000,0.328,-0.345,0.000,0.000,0.358,-0.379,0.000,1.553,-0.299,0.000,0.998,-0.001
2025-07-14 15:50:25.945162,9546,126.62441010,45.80129430,81.735,-0.069,70.086,-0.040,152.048,0.291,80.770,0.710,0.000,0.000,0.000,0.000,0.310,-0.345,0.000,0.000,0.358,-0.379,0.000,1.553,-0.299,0.000,0.998,-0.001
2025-07-14 15:50:26.055247,36,126.62441060,45.80129420,81.712,-0.216,70.075,-0.076,152.087,0.336,80.770,0.710,0.000,0.000,0.000,0.000,0.314,-0.345,0.000,0.000,0.358,-0.379,0.000,1.553,-0.299,0.000,0.998,-0.001
2025-07-14 15:50:26.165391,426,126.62441100,45.80129410,81.648,-0.573,70.064,-0.072,152.118,0.335,80.770,0.710,0.000,0.000,0.000,0.000,0.327,-0.345,0.000,0.000,0.358,-0.379,0.000,1.553,-0.299,0.000,0.998,-0.001
2025-07-14 15:50:26.275483,816,126.62441140,45.80129400,81.578,-0.643,70.053,-0.111,152.149,0.330,80.770,0.710,0.000,0.000,0.000,0.000,0.345,-0.345,0.000,0.000,0.358,-0.379,0.000,1.553,-0.299,0.000,0.998,-0.001
2025-07-14 15:50:26.385598,1316,126.62441190,45.80129400,81.502,-0.687,70.053,-0.060,152.188,0.288,80.770,0.710,0.000,0.000,0.000,0.000,0.328,-0.345,0.000,0.000,0.358,-0.379,0.000,1.553,-0.299,0.000,0.998,-0.001
2025-07-14 15:50:26.495686,1706,126.62441230,45.80129390,81.440,-0.566,70.042,-0.054,152.219,0.278,80.770,0.710,0.000,0.000,0.000,0.000,0.309,-0.345,0.000,0.000,0.358,-0.379,0.000,1.553,-0.299,0.000,0.998,-0.001
2025-07-14 15:50:26.605774,2093,126.62441270,45.80129380,81.382,-0.528,70.031,-0.050,152.250,0.261,80.770,0.710,0.000,0.000,0.000,0.000,0.281,-0.345,0.000,0.000,0.358,-0.379,0.000,1.553,-0.299,0.000,0.998,-0.001
2025-07-14 15:50:26.715890,2393,126.62441300,45.80129380,81.348,-0.305,70.031,-0.046,152.273,0.250,80.770,0.710,0.000,0.000,0.000,0.000,0.268,-0.345,0.000,0.000,0.358,-0.379,0.000,1.553,-0.299,0.000,0.998,-0.001
2025-07-14 15:50:26.826014,2773,126.62441340,45.80129360,81.307,-0.375,70.008,-0.114,152.304,0.267,80.770,0.710,0.000,0.000,0.000,0.000,0.270,-0.345,0.000,0.000,0.358,-0.379,0.000,1.553,-0.299,0.000,0.998,-0.001
2025-07-14 15:50:26.936105,3063,126.62441370,45.80129350,81.277,-0.265,69.997,-0.112,152.327,0.256,80.770,0.710,0.000,0.000,0.000,0.000,0.275,-0.345,0.000,0.000,0.358,-0.379,0.000,1.553,-0.299,0.000,0.998,-0.001
2025-07-14 15:50:27.046205,3443,126.62441410,45.80129330,81.257,-0.185,69.975,-0.088,152.358,0.255,80.770,0.710,0.000,0.000,0.000,0.000,0.280,-0.345,0.000,0.000,0.358,-0.379,0.000,1.553,-0.299,0.000,0.998,-0.001
2025-07-14 15:50:27.156338,3733,126.62441440,45.80129320,81.223,-0.312,69.964,-0.079,152.382,0.255,80.770,0.710,0.000,0.000,0.000,0.000,0.272,-0.345,0.000,0.000,0.358,-0.379,0.000,1.553,-0.299,0.000,0.998,-0.001
2025-07-14 15:50:27.266422,4123,126.62441480,45.80129310,81.147,-0.694,69.953,-0.069,152.413,0.255,80.770,0.710,0.000,0.000,0.000,0.000,0.267,-0.345,0.000,0.000,0.358,-0.379,0.000,1.553,-0.299,0.000,0.998,-0.001
2025-07-14 15:50:27.376530,4413,126.62441510,45.80129300,81.061,-0.776,69.942,-0.064,152.436,0.240,80.770,0.710,0.000,0.000,0.000,0.000,0.260,-0.345,0.000,0.000,0.358,-0.379,0.000,1.553,-0.299,0.000,0.998,-0.001
2025-07-14 15:50:27.486630,4703,126.62441540,45.80129290,80.967,-0.859,69.930,-0.118,152.459,0.221,80.770,0.710,0.000,0.000,0.000,0.000,0.254,-0.345,0.000,0.000,0.358,-0.379,0.000,1.553,-0.299,0.000,0.998,-0.001
2025-07-14 15:50:27.596722,4993,126.62441570,45.80129280,80.904,-0.573,69.919,-0.120,152.482,0.207,80.770,0.710,0.000,0.000,0.000,0.000,0.246,-0.345,0.000,0.000,0.358,-0.379,0.000,1.553,-0.299,0.000,0.998,-0.001
2025-07-14 15:50:27.706852,5183,126.62441590,45.80129270,80.986,0.745,69.908,-0.117,152.498,0.201,80.770,0.710,0.000,0.000,0.000,0.000,0.241,-0.345,0.000,0.000,0.358,-0.379,0.000,1.553,-0.299,0.000,0.998,-0.001
2025-07-14 15:50:27.816963,5463,126.62441620,45.80129250,80.936,-0.452,69.886,-0.080,152.521,0.238,80.770,0.710,0.000,0.000,0.000,0.000,0.241,-0.345,0.000,0.000,0.358,-0.379,0.000,1.553,-0.299,0.000,0.998,-0.001
2025-07-14 15:50:27.927141,5953,126.62441670,45.80129240,80.869,-0.599,69.875,-0.071,152.560,0.229,80.770,0.710,0.000,0.000,0.000,0.000,0.241,-0.345,0.000,0.000,0.358,-0.379,0.000,1.553,-0.299,0.000,0.998,-0.001
2025-07-14 15:50:28.037147,6243,126.62441700,45.80129230,80.825,-0.401,69.864,-0.128,152.583,0.236,80.770,0.710,0.000,0.000,0.000,0.000,0.253,-0.345,0.000,0.000,0.358,-0.379,0.000,1.553,-0.299,0.000,0.998,-0.001
2025-07-14 15:50:28.147259,6523,126.62441730,45.80129210,80.791,-0.312,69.842,-0.129,152.606,0.224,80.770,0.710,0.000,0.000,0.000,0.000,0.256,-0.345,0.000,0.000,0.358,-0.379,0.000,1.553,-0.299,0.000,0.998,-0.001
2025-07-14 15:50:28.257381,6903,126.62441770,45.80129200,80.733,-0.528,69.830,-0.075,152.637,0.197,80.770,0.710,0.000,0.000,0.000,0.000,0.246,-0.345,0.000,0.000,0.358,-0.379,0.000,1.553,-0.299,0.000,0.998,-0.001
2025-07-14 15:50:28.367471,7103,126.62441790,45.80129190,80.670,-0.573,69.819,-0.070,152.653,0.181,80.770,0.710,0.000,0.000,0.000,0.000,0.221,-0.345,0.000,0.000,0.358,-0.379,0.000,1.553,-0.299,0.000,0.998,-0.001
2025-07-14 15:50:28.477587,7393,126.62441820,45.80129180,80.608,-0.560,69.808,-0.107,152.676,0.225,80.770,0.710,0.000,0.000,0.000,0.000,0.218,-0.345,0.000,0.000,0.358,-0.379,0.000,1.553,-0.299,0.000,0.998,-0.001
2025-07-14 15:50:28.587692,7683,126.62441850,45.80129170,80.559,-0.445,69.797,-0.107,152.699,0.216,80.770,0.710,0.000,0.000,0.000,0.000,0.228,-0.345,0.000,0.000,0.358,-0.379,0.000,1.553,-0.299,0.000,0.998,-0.001
2025-07-14 15:50:28.697802,7873,126.62441870,45.80129160,80.497,-0.566,69.786,-0.098,152.715,0.217,80.770,0.710,0.000,0.000,0.000,0.000,0.243,-0.345,0.000,0.000,0.358,-0.379,0.000,1.553,-0.299,0.000,0.998,-0.001
2025-07-14 15:50:28.807896,8163,126.62441900,45.80129150,80.450,-0.426,69.775,-0.099,152.738,0.176,80.770,0.710,0.000,0.000,0.000,0.000,0.227,-0.345,0.000,0.000,0.358,-0.379,0.000,1.553,-0.299,0.000,0.998,-0.001
2025-07-14 15:50:28.918008,8543,126.62441940,45.80129130,80.422,-0.255,69.753,-0.093,152.769,0.161,80.770,0.710,0.000,0.000,0.000,0.000,0.209,-0.345,0.000,0.000,0.358,-0.379,0.000,1.553,-0.299,0.000,0.998,-0.001
2025-07-14 15:50:29.028096,8833,126.62441970,45.80129120,80.396,-0.233,69.741,-0.136,152.793,0.169,80.770,0.710,0.000,0.000,0.000,0.000,0.202,-0.345,0.000,0.000,0.358,-0.379,0.000,1.553,-0.299,0.000,0.998,-0.001
2025-07-14 15:50:29.138205,9123,126.62442000,45.80129110,80.338,-0.528,69.730,-0.133,152.816,0.154,80.770,0.710,0.000,0.000,0.000,0.000,0.202,-0.345,0.000,0.000,0.358,-0.379,0.000,1.553,-0.299,0.000,0.998,-0.001
2025-07-14 15:50:29.248312,9313,126.62442020,45.80129100,80.280,-0.528,69.719,-0.117,152.831,0.165,80.770,0.710,0.000,0.000,0.000,0.000,0.208,-0.345,0.000,0.000,0.358,-0.379,0.000,1.553,-0.299,0.000,0.998,-0.001
2025-07-14 15:50:29.358435,9480,126.62442040,45.80129080,80.245,-0.318,69.697,-0.115,152.847,0.149,80.770,0.710,0.000,0.000,0.000,0.000,0.198,-0.345,0.000,0.000,0.358,-0.379,0.000,1.553,-0.299,0.000,0.998,-0.001
2025-07-14 15:50:29.468528,9680,126.62442060,45.80129070,80.247,0.019,69.686,-0.129,152.862,0.159,80.770,0.710,0.000,0.000,0.000,0.000,0.198,-0.345,0.000,0.000,0.358,-0.379,0.000,1.553,-0.299,0.000,0.998,-0.001
2025-07-14 15:50:29.578614,9970,126.62442090,45.80129060,80.235,-0.108,69.675,-0.123,152.886,0.152,80.770,0.710,0.000,0.000,0.000,0.000,0.196,-0.345,0.000,0.000,0.358,-0.379,0.000,1.553,-0.299,0.000,0.998,-0.001
2025-07-14 15:50:29.688738,60,126.62442100,45.80129050,80.172,-0.579,69.664,-0.119,152.893,0.145,80.770,0.710,0.000,0.000,0.000,0.000,0.196,-0.345,0.000,0.000,0.358,-0.379,0.000,1.553,-0.299,0.000,0.998,-0.001
2025-07-14 15:50:29.798827,340,126.62442130,45.80129030,80.097,-0.675,69.641,-0.137,152.917,0.156,80.770,0.710,0.000,0.000,0.000,0.000,0.197,-0.345,0.000,0.000,0.358,-0.379,0.000,1.553,-0.299,0.000,0.998,-0.001
2025-07-14 15:50:29.908951,520,126.62442150,45.80129020,80.043,-0.496,69.630,-0.135,152.932,0.139,80.770,0.710,0.000,0.000,0.000,0.000,0.196,-0.345,0.000,0.000,0.358,-0.379,0.000,1.553,-0.299,0.000,0.998,-0.001
2025-07-14 15:50:30.019114,710,126.62442170,45.80129000,79.996,-0.423,69.608,-0.111,152.948,0.132,80.770,0.710,0.000,0.000,0.000,0.000,0.191,-0.345,0.000,0.000,0.358,-0.379,0.000,1.553,-0.299,0.000,0.998,-0.001
2025-07-14 15:50:30.129163,800,126.62442180,45.80128990,79.952,-0.395,69.597,-0.106,152.955,0.109,80.770,0.710,0.000,0.000,0.000,0.000,0.173,-0.345,0.000,0.000,0.358,-0.379,0.000,1.553,-0.299,0.000,0.998,-0.001
2025-07-14 15:50:30.239266,990,126.62442200,45.80128980,79.931,-0.197,69.586,-0.123,152.971,0.148,80.770,0.710,0.000,0.000,0.000,0.000,0.172,-0.345,0.000,0.000,0.358,-0.379,0.000,1.553,-0.299,0.000,0.998,-0.001
2025-07-14 15:50:30.359390,1060,126.62442210,45.80128960,79.944,0.111,69.564,-0.123,152.979,0.129,80.770,0.710,0.000,0.000,0.000,0.000,0.174,-0.345,0.000,0.000,0.358,-0.379,0.000,1.553,-0.299,0.000,0.998,-0.001
2025-07-14 15:50:30.479499,1160,126.62442220,45.80128950,79.992,0.403,69.552,-0.117,152.986,0.142,80.770,0.710,0.000,0.000,0.000,0.000,0.185,-0.345,0.000,0.000,0.358,-0.379,0.000,1.553,-0.299,0.000,0.998,-0.001
2025-07-14 15:50:30.599589,1240,126.62442230,45.80128930,80.019,0.222,69.530,-0.110,152.994,0.127,80.770,0.710,0.000,0.000,0.000,0.000,0.177,-0.345,0.000,0.000,0.358,-0.379,0.000,1.553,-0.299,0.000,0.998,-0.001
2025-07-14 15:50:30.719736,1330,126.62442240,45.80128920,80.029,0.087,69.519,-0.112,153.002,0.113,80.770,0.710,0.000,0.000,0.000,0.000,0.170,-0.345,0.000,0.000,0.358,-0.379,0.000,1.553,-0.299,0.000,0.998,-0.001
2025-07-14 15:50:30.839824,1620,126.62442270,45.80128910,80.055,0.216,69.508,-0.121,153.025,0.127,80.770,0.710,0.000,0.000,0.000,0.000,0.168,-0.345,0.000,0.000,0.358,-0.379,0.000,1.553,-0.299,0.000,0.998,-0.001
2025-07-14 15:50:30.959957,1900,126.62442300,45.80128890,80.088,0.268,69.486,-0.109,153.048,0.116,80.770,0.710,0.000,0.000,0.000,0.000,0.165,-0.345,0.000,0.000,0.358,-0.379,0.000,1.553,-0.299,0.000,0.998,-0.001
2025-07-14 15:50:31.080052,2080,126.62442320,45.80128870,80.105,0.146,69.463,-0.135,153.064,0.114,80.770,0.710,0.000,0.000,0.000,0.000,0.170,-0.345,0.000,0.000,0.358,-0.379,0.000,1.553,-0.299,0.000,0.998,-0.001
2025-07-14 15:50:31.200176,2270,126.62442340,45.80128860,80.118,0.110,69.452,-0.153,153.079,0.118,80.770,0.710,0.000,0.000,0.000,0.000,0.176,-0.345,0.000,0.000,0.358,-0.379,0.000,1.553,-0.299,0.000,0.998,-0.001
2025-07-14 15:50:31.320302,2450,126.62442360,45.80128840,80.150,0.262,69.430,-0.158,153.095,0.105,80.770,0.710,0.000,0.000,0.000,0.000,0.187,-0.345,0.000,0.000,0.358,-0.379,0.000,1.553,-0.299,0.000,0.998,-0.001
2025-07-14 15:50:31.430400,2640,126.62442380,45.80128830,80.200,0.452,69.419,-0.120,153.110,0.085,80.770,0.710,0.000,0.000,0.000,0.000,0.177,-0.345,0.000,0.000,0.358,-0.379,0.000,1.553,-0.299,0.000,0.998,-0.001
2025-07-14 15:50:31.540982,2730,126.62442390,45.80128820,80.244,0.401,69.408,-0.109,153.118,0.073,80.770,0.710,0.000,0.000,0.000,0.000,0.156,-0.345,0.000,0.000,0.358,-0.379,0.000,1.553,-0.299,0.000,0.998,-0.001
2025-07-14 15:50:31.650955,2910,126.62442410,45.80128800,80.284,0.369,69.386,-0.104,153.134,0.055,80.770,0.710,0.000,0.000,0.000,0.000,0.132,-0.345,0.000,0.000,0.358,-0.379,0.000,1.553,-0.299,0.000,0.998,-0.001
2025-07-14 15:50:31.761077,3000,126.62442420,45.80128790,80.374,0.821,69.375,-0.158,153.141,0.076,80.770,0.710,0.000,0.000,0.000,0.000,0.141,-0.345,0.000,0.000,0.358,-0.379,0.000,1.553,-0.299,0.000,0.998,-0.001
2025-07-14 15:50:31.871178,3180,126.62442440,45.80128770,80.492,1.059,69.352,-0.144,153.157,0.037,80.770,0.710,0.000,0.000,0.000,0.000,0.147,-0.345,0.000,0.000,0.358,-0.379,0.000,1.553,-0.299,0.000,0.998,-0.001
2025-07-14 15:50:31.981284,3270,126.62442450,45.80128760,80.596,0.948,69.341,-0.143,153.165,0.030,80.770,0.710,0.000,0.000,0.000,0.000,0.157,-0.345,0.000,0.000,0.358,-0.379,0.000,1.553,-0.299,0.000,0.998,-0.001
2025-07-14 15:50:32.091398,3350,126.62442460,45.80128740,80.666,0.636,69.319,-0.143,153.172,0.051,80.770,0.710,0.000,0.000,0.000,0.000,0.149,-0.345,0.000,0.000,0.358,-0.379,0.000,1.553,-0.299,0.000,0.998,-0.001
2025-07-14 15:50:32.201520,3430,126.62442470,45.80128720,80.705,0.350,69.297,-0.156,153.180,0.064,80.770,0.710,0.000,0.000,0.000,0.000,0.156,-0.345,0.000,0.000,0.358,-0.379,0.000,1.553,-0.299,0.000,0.998,-0.001
2025-07-14 15:50:32.311619,3520,126.62442480,45.80128710,80.769,0.585,69.286,-0.153,153.188,0.036,80.770,0.710,0.000,0.000,0.000,0.000,0.159,-0.345,0.000,0.000,0.358,-0.379,0.000,1.553,-0.299,0.000,0.998,-0.001
2025-07-14 15:50:32.421738,3500,126.62442480,45.80128690,80.830,0.554,69.263,-0.135,153.188,0.058,80.770,0.710,0.000,0.000,0.000,0.000,0.158,-0.345,0.000,0.000,0.358,-0.379,0.000,1.553,-0.299,0.000,0.998,-0.001
2025-07-14 15:50:32.531835,3590,126.62442490,45.80128680,80.871,0.375,69.252,-0.132,153.196,0.050,80.770,0.710,0.000,0.000,0.000,0.000,0.148,-0.345,0.000,0.000,0.358,-0.379,0.000,1.553,-0.299,0.000,0.998,-0.001
2025-07-14 15:50:32.642002,3580,126.62442490,45.80128670,80.898,0.242,69.241,-0.129,153.196,0.044,80.770,0.710,0.000,0.000,0.000,0.000,0.141,-0.345,0.000,0.000,0.358,-0.379,0.000,1.553,-0.299,0.000,0.998,-0.001
2025-07-14 15:50:32.752024,3660,126.62442500,45.80128650,80.967,0.624,69.219,-0.142,153.203,0.047,80.770,0.710,0.000,0.000,0.000,0.000,0.142,-0.345,0.000,0.000,0.358,-0.379,0.000,1.553,-0.299,0.000,0.998,-0.001
2025-07-14 15:50:32.862120,3750,126.62442510,45.80128640,81.065,0.889,69.208,-0.151,153.211,0.040,80.770,0.710,0.000,0.000,0.000,0.000,0.147,-0.345,0.000,0.000,0.358,-0.379,0.000,1.553,-0.299,0.000,0.998,-0.001
2025-07-14 15:50:32.972236,3830,126.62442520,45.80128620,81.189,1.126,69.185,-0.147,153.219,0.025,80.770,0.710,0.000,0.000,0.000,0.000,0.152,-0.345,0.000,0.000,0.358,-0.379,0.000,1.553,-0.299,0.000,0.998,-0.001
2025-07-14 15:50:33.082355,3920,126.62442530,45.80128610,81.287,0.891,69.174,-0.147,153.227,0.085,80.770,0.710,0.000,0.000,0.000,0.000,0.158,-0.345,0.000,0.000,0.358,-0.379,0.000,1.553,-0.299,0.000,0.998,-0.001
2025-07-14 15:50:33.192450,4000,126.62442540,45.80128590,81.404,1.063,69.152,-0.121,153.234,0.061,80.770,0.710,0.000,0.000,0.000,0.000,0.151,-0.345,0.000,0.000,0.358,-0.379,0.000,1.553,-0.299,0.000,0.998,-0.001
2025-07-14 15:50:33.302526,4090,126.62442550,45.80128580,81.518,1.037,69.141,-0.116,153.242,0.043,80.770,0.710,0.000,0.000,0.000,0.000,0.143,-0.345,0.000,0.000,0.358,-0.379,0.000,1.553,-0.299,0.000,0.998,-0.001
2025-07-14 15:50:33.412654,4080,126.62442550,45.80128570,81.639,1.101,69.130,-0.187,153.242,0.042,80.770,0.710,0.000,0.000,0.000,0.000,0.150,-0.345,0.000,0.000,0.358,-0.379,0.000,1.553,-0.299,0.000,0.998,-0.001
2025-07-14 15:50:33.522760,4060,126.62442550,45.80128550,81.723,0.757,69.108,-0.182,153.242,0.031,80.770,0.710,0.000,0.000,0.000,0.000,0.167,-0.345,0.000,0.000,0.358,-0.379,0.000,1.553,-0.299,0.000,0.998,-0.001
2025-07-14 15:50:33.632872,4050,126.62442550,45.80128540,81.814,0.827,69.097,-0.179,153.242,0.022,80.770,0.710,0.000,0.000,0.000,0.000,0.186,-0.345,0.000,0.000,0.358,-0.379,0.000,1.553,-0.299,0.000,0.998,-0.001
2025-07-14 15:50:33.742984,4040,126.62442550,45.80128530,81.866,0.477,69.085,-0.174,153.242,0.056,80.770,0.710,0.000,0.000,0.000,0.000,0.183,-0.345,0.000,0.000,0.358,-0.379,0.000,1.553,-0.299,0.000,0.998,-0.001
2025-07-14 15:50:33.853066,4220,126.62442570,45.80128510,81.990,1.126,69.063,-0.135,153.258,0.007,80.770,0.710,0.000,0.000,0.000,0.000,0.166,-0.345,0.000,0.000,0.358,-0.379,0.000,1.553,-0.299,0.000,0.998,-0.001
2025-07-14 15:50:33.963182,4400,126.62442590,45.80128490,82.121,1.179,69.041,-0.129,153.273,-0.005,80.770,0.710,0.000,0.000,0.000,0.000,0.149,-0.345,0.000,0.000,0.358,-0.379,0.000,1.553,-0.299,0.000,0.998,-0.001
2025-07-14 15:50:34.073280,4470,126.62442600,45.80128470,82.213,0.840,69.019,-0.158,153.281,0.050,80.770,0.710,0.000,0.000,0.000,0.000,0.143,-0.345,0.000,0.000,0.358,-0.379,0.000,1.553,-0.299,0.000,0.998,-0.001
2025-07-14 15:50:34.183404,4560,126.62442610,45.80128450,82.317,0.942,68.996,-0.147,153.289,0.035,80.770,0.710,0.000,0.000,0.000,0.000,0.149,-0.345,0.000,0.000,0.358,-0.379,0.000,1.553,-0.299,0.000,0.998,-0.001
2025-07-14 15:50:34.293494,4640,126.62442620,45.80128430,82.434,1.063,68.974,-0.146,153.296,0.019,80.770,0.710,0.000,0.000,0.000,0.000,0.155,-0.345,0.000,0.000,0.358,-0.379,0.000,1.553,-0.299,0.000,0.998,-0.001
2025-07-14 15:50:34.403604,4610,126.62442620,45.80128410,82.605,1.553,68.952,-0.146,153.296,0.012,80.770,0.710,0.000,0.000,0.000,0.000,0.148,-0.345,0.000,0.000,0.358,-0.379,0.000,1.553,-0.299,0.000,0.998,-0.001
2025-07-14 15:50:34.513710,4610,126.62442620,45.80128400,82.759,1.400,68.941,-0.143,153.296,-0.001,80.770,0.710,0.000,0.000,0.000,0.000,0.146,-0.345,0.000,0.000,0.358,-0.379,0.000,1.553,-0.299,0.000,0.998,-0.001
2025-07-14 15:50:34.623805,4590,126.62442620,45.80128380,82.897,1.260,68.919,-0.135,153.296,-0.012,80.770,0.710,0.000,0.000,0.000,0.000,0.142,-0.345,0.000,0.000,0.358,-0.379,0.000,1.553,-0.299,0.000,0.998,-0.001
2025-07-14 15:50:34.734011,4570,126.62442620,45.80128360,82.973,0.687,68.896,-0.168,153.296,-0.015,80.770,0.710,0.000,0.000,0.000,0.000,0.149,-0.345,0.000,0.000,0.358,-0.379,0.000,1.553,-0.299,0.000,0.998,-0.001
2025-07-14 15:50:34.844034,4650,126.62442630,45.80128350,83.049,0.694,68.885,-0.177,153.304,0.024,80.770,0.710,0.000,0.000,0.000,0.000,0.161,-0.345,0.000,0.000,0.358,-0.379,0.000,1.553,-0.299,0.000,0.998,-0.001
2025-07-14 15:50:34.954109,4640,126.62442630,45.80128330,83.147,0.883,68.863,-0.180,153.304,0.008,80.770,0.710,0.000,0.000,0.000,0.000,0.176,-0.345,0.000,0.000,0.358,-0.379,0.000,1.553,-0.299,0.000,0.998,-0.001
2025-07-14 15:50:35.064227,4620,126.62442630,45.80128310,83.303,1.419,68.841,-0.168,153.304,0.035,80.770,0.710,0.000,0.000,0.000,0.000,0.177,-0.345,0.000,0.000,0.358,-0.379,0.000,1.553,-0.299,0.000,0.998,-0.001
2025-07-14 15:50:35.174346,4590,126.62442630,45.80128290,83.439,1.235,68.819,-0.160,153.304,0.023,80.770,0.710,0.000,0.000,0.000,0.000,0.171,-0.345,0.000,0.000,0.358,-0.379,0.000,1.553,-0.299,0.000,0.998,-0.001
2025-07-14 15:50:35.284434,4580,126.62442630,45.80128270,83.562,1.114,68.796,-0.148,153.304,-0.038,80.770,0.710,0.000,0.000,0.000,0.000,0.162,-0.345,0.000,0.000,0.358,-0.379,0.000,1.553,-0.299,0.000,0.998,-0.001
2025-07-14 15:50:35.394546,4570,126.62442630,45.80128260,83.669,0.974,68.785,-0.168,153.304,0.027,80.770,0.710,0.000,0.000,0.000,0.000,0.162,-0.345,0.000,0.000,0.358,-0.379,0.000,1.553,-0.299,0.000,0.998,-0.001
2025-07-14 15:50:35.514327,4450,126.62442620,45.80128240,83.822,1.278,68.763,-0.169,153.296,0.007,80.770,0.710,0.000,0.000,0.000,0.000,0.164,-0.345,0.000,0.000,0.358,-0.379,0.000,1.553,-0.299,0.000,0.998,-0.001
2025-07-14 15:50:35.624407,4330,126.62442610,45.80128220,83.999,1.610,68.741,-0.172,153.289,-0.005,80.770,0.710,0.000,0.000,0.000,0.000,0.170,-0.345,0.000,0.000,0.358,-0.379,0.000,1.553,-0.299,0.000,0.998,-0.001
2025-07-14 15:50:35.734526,4220,126.62442600,45.80128210,84.213,1.947,68.730,-0.183,153.281,0.022,80.770,0.710,0.000,0.000,0.000,0.000,0.175,-0.345,0.000,0.000,0.358,-0.379,0.000,1.553,-0.299,0.000,0.998,-0.001
2025-07-14 15:50:35.844626,4400,126.62442620,45.80128190,84.353,1.273,68.707,-0.166,153.296,-0.027,80.770,0.710,0.000,0.000,0.000,0.000,0.175,-0.345,0.000,0.000,0.358,-0.379,0.000,1.553,-0.299,0.000,0.998,-0.001
2025-07-14 15:50:35.954737,4470,126.62442630,45.80128170,84.473,1.088,68.685,-0.157,153.304,-0.038,80.770,0.710,0.000,0.000,0.000,0.000,0.171,-0.345,0.000,0.000,0.358,-0.379,0.000,1.553,-0.299,0.000,0.998,-0.001
2025-07-14 15:50:36.064827,4560,126.62442640,45.80128150,84.546,0.662,68.663,-0.147,153.312,-0.018,80.770,0.710,0.000,0.000,0.000,0.000,0.159,-0.345,0.000,0.000,0.358,-0.379,0.000,1.553,-0.299,0.000,0.998,-0.001
2025-07-14 15:50:36.174958,4650,126.62442650,45.80128140,84.631,0.776,68.652,-0.147,153.320,-0.031,80.770,0.710,0.000,0.000,0.000,0.000,0.153,-0.345,0.000,0.000,0.358,-0.379,0.000,1.553,-0.299,0.000,0.998,-0.001
2025-07-14 15:50:36.285044,4630,126.62442650,45.80128120,84.762,1.190,68.630,-0.177,153.320,-0.008,80.770,0.710,0.000,0.000,0.000,0.000,0.159,-0.345,0.000,0.000,0.358,-0.379,0.000,1.553,-0.299,0.000,0.998,-0.001
2025-07-14 15:50:36.395147,4610,126.62442650,45.80128100,84.951,1.703,68.607,-0.147,153.320,-0.003,80.770,0.710,0.000,0.000,0.000,0.000,0.158,-0.345,0.000,0.000,0.358,-0.379,0.000,1.553,-0.299,0.000,0.998,-0.001
2025-07-14 15:50:36.505244,4600,126.62442650,45.80128090,85.088,1.247,68.596,-0.144,153.320,-0.015,80.770,0.710,0.000,0.000,0.000,0.000,0.156,-0.345,0.000,0.000,0.358,-0.379,0.000,1.553,-0.299,0.000,0.998,-0.001
2025-07-14 15:50:36.615362,4580,126.62442650,45.80128070,85.202,1.037,68.574,-0.140,153.320,-0.028,80.770,0.710,0.000,0.000,0.000,0.000,0.145,-0.345,0.000,0.000,0.358,-0.379,0.000,1.553,-0.299,0.000,0.998,-0.001
2025-07-14 15:50:36.725464,4460,126.62442640,45.80128050,85.314,1.018,68.552,-0.172,153.312,-0.010,80.770,0.710,0.000,0.000,0.000,0.000,0.153,-0.345,0.000,0.000,0.358,-0.379,0.000,1.553,-0.299,0.000,0.998,-0.001
2025-07-14 15:50:36.835571,4540,126.62442650,45.80128030,85.484,1.546,68.529,-0.146,153.320,-0.003,80.770,0.710,0.000,0.000,0.000,0.000,0.154,-0.345,0.000,0.000,0.358,-0.379,0.000,1.553,-0.299,0.000,0.998,-0.001
2025-07-14 15:50:36.945671,4530,126.62442650,45.80128020,85.639,1.406,68.518,-0.143,153.320,-0.014,80.770,0.710,0.000,0.000,0.000,0.000,0.154,-0.345,0.000,0.000,0.358,-0.379,0.000,1.553,-0.299,0.000,0.998,-0.001
2025-07-14 15:50:37.055767,4610,126.62442660,45.80128000,85.802,1.483,68.496,-0.183,153.327,-0.015,80.770,0.710,0.000,0.000,0.000,0.000,0.158,-0.345,0.000,0.000,0.358,-0.379,0.000,1.553,-0.299,0.000,0.998,-0.001
2025-07-14 15:50:37.165892,4590,126.62442660,45.80127980,85.954,1.381,68.474,-0.176,153.327,-0.027,80.770,0.710,0.000,0.000,0.000,0.000,0.168,-0.345,0.000,0.000,0.358,-0.379,0.000,1.553,-0.299,0.000,0.998,-0.001
2025-07-14 15:50:37.275982,4580,126.62442660,45.80127970,86.089,1.228,68.463,-0.144,153.327,-0.012,80.770,0.710,0.000,0.000,0.000,0.000,0.169,-0.345,0.000,0.000,0.358,-0.379,0.000,1.553,-0.299,0.000,0.998,-0.001
2025-07-14 15:50:37.386102,4560,126.62442660,45.80127950,86.233,1.293,68.440,-0.165,153.327,-0.041,80.770,0.710,0.000,0.000,0.000,0.000,0.164,-0.345,0.000,0.000,0.358,-0.379,0.000,1.553,-0.299,0.000,0.998,-0.001
2025-07-14 15:50:37.496192,4450,126.62442650,45.80127940,86.335,0.929,68.429,-0.162,153.320,-0.048,80.770,0.710,0.000,0.000,0.000,0.000,0.161,-0.345,0.000,0.000,0.358,-0.379,0.000,1.553,-0.299,0.000,0.998,-0.001
2025-07-14 15:50:37.606310,4430,126.62442650,45.80127920,86.442,0.974,68.407,-0.158,153.320,-0.061,80.770,0.710,0.000,0.000,0.000,0.000,0.169,-0.345,0.000,0.000,0.358,-0.379,0.000,1.553,-0.299,0.000,0.998,-0.001
2025-07-14 15:50:37.716418,4310,126.62442640,45.80127900,86.525,0.751,68.385,-0.155,153.312,-0.077,80.770,0.710,0.000,0.000,0.000,0.000,0.170,-0.345,0.000,0.000,0.358,-0.379,0.000,1.553,-0.299,0.000,0.998,-0.001
2025-07-14 15:50:37.826516,4310,126.62442640,45.80127900,86.659,1.222,68.385,0.002,153.312,-0.035,80.770,0.710,0.000,0.000,0.000,0.000,0.126,-0.345,0.000,0.000,0.358,-0.379,0.000,1.553,-0.299,0.000,0.998,-0.001
2025-07-14 15:50:37.936617,4297,126.62442640,45.80127890,86.785,1.145,68.374,0.004,153.312,-0.053,80.770,0.710,0.000,0.000,0.000,0.000,0.087,-0.345,0.000,0.000,0.358,-0.379,0.000,1.553,-0.299,0.000,0.998,-0.001
2025-07-14 15:50:38.046724,4177,126.62442630,45.80127870,86.921,1.235,68.352,-0.181,153.304,-0.051,80.770,0.710,0.000,0.000,0.000,0.000,0.092,-0.345,0.000,0.000,0.358,-0.379,0.000,1.553,-0.299,0.000,0.998,-0.001
2025-07-14 15:50:38.156916,4060,126.62442620,45.80127850,87.055,1.215,68.329,-0.178,153.296,-0.073,80.770,0.710,0.000,0.000,0.000,0.000,0.145,-0.345,0.000,0.000,0.358,-0.379,0.000,1.553,-0.299,0.000,0.998,-0.001
2025-07-14 15:50:38.266935,3930,126.62442610,45.80127820,87.252,1.795,68.296,-0.160,153.289,-0.035,80.770,0.710,0.000,0.000,0.000,0.000,0.181,-0.345,0.000,0.000,0.358,-0.379,0.000,1.553,-0.299,0.000,0.998,-0.001
2025-07-14 15:50:38.377034,3720,126.62442590,45.80127810,87.428,1.604,68.285,-0.153,153.273,-0.045,80.770,0.710,0.000,0.000,0.000,0.000,0.172,-0.345,0.000,0.000,0.358,-0.379,0.000,1.553,-0.299,0.000,0.998,-0.001
2025-07-14 15:50:38.487149,3600,126.62442580,45.80127790,87.587,1.425,68.263,-0.161,153.265,-0.040,80.770,0.710,0.000,0.000,0.000,0.000,0.163,-0.345,0.000,0.000,0.358,-0.379,0.000,1.553,-0.299,0.000,0.998,-0.001
2025-07-14 15:50:38.597238,3480,126.62442570,45.80127770,87.690,0.942,68.240,-0.165,153.258,-0.048,80.770,0.710,0.000,0.000,0.000,0.000,0.166,-0.345,0.000,0.000,0.358,-0.379,0.000,1.553,-0.299,0.000,0.998,-0.001
2025-07-14 15:50:38.707367,3260,126.62442550,45.80127750,87.801,1.012,68.218,-0.167,153.242,-0.070,80.770,0.710,0.000,0.000,0.000,0.000,0.173,-0.345,0.000,0.000,0.358,-0.379,0.000,1.553,-0.299,0.000,0.998,-0.001
2025-07-14 15:50:38.817453,3240,126.62442550,45.80127730,87.909,0.974,68.196,-0.192,153.242,-0.033,80.770,0.710,0.000,0.000,0.000,0.000,0.183,-0.345,0.000,0.000,0.358,-0.379,0.000,1.553,-0.299,0.000,0.998,-0.001
2025-07-14 15:50:38.927564,3320,126.62442560,45.80127710,88.025,1.063,68.174,-0.180,153.250,-0.045,80.770,0.710,0.000,0.000,0.000,0.000,0.187,-0.345,0.000,0.000,0.358,-0.379,0.000,1.553,-0.299,0.000,0.998,-0.001
2025-07-14 15:50:39.037667,3410,126.62442570,45.80127700,88.124,0.897,68.162,-0.176,153.258,-0.024,80.770,0.710,0.000,0.000,0.000,0.000,0.186,-0.345,0.000,0.000,0.358,-0.379,0.000,1.553,-0.299,0.000,0.998,-0.001
2025-07-14 15:50:39.147770,3380,126.62442570,45.80127680,88.257,1.209,68.140,-0.179,153.258,-0.039,80.770,0.710,0.000,0.000,0.000,0.000,0.182,-0.345,0.000,0.000,0.358,-0.379,0.000,1.553,-0.299,0.000,0.998,-0.001
2025-07-14 15:50:39.257885,3370,126.62442570,45.80127660,88.434,1.604,68.118,-0.192,153.258,-0.028,80.770,0.710,0.000,0.000,0.000,0.000,0.185,-0.345,0.000,0.000,0.358,-0.379,0.000,1.553,-0.299,0.000,0.998,-0.001
2025-07-14 15:50:39.367981,3360,126.62442570,45.80127650,88.612,1.623,68.107,-0.183,153.258,-0.030,80.770,0.710,0.000,0.000,0.000,0.000,0.188,-0.345,0.000,0.000,0.358,-0.379,0.000,1.553,-0.299,0.000,0.998,-0.001
2025-07-14 15:50:39.478086,3240,126.62442560,45.80127630,88.803,1.722,68.085,-0.123,153.250,-0.063,80.770,0.710,0.000,0.000,0.000,0.000,0.173,-0.345,0.000,0.000,0.358,-0.379,0.000,1.553,-0.299,0.000,0.998,-0.001
2025-07-14 15:50:39.588222,3220,126.62442560,45.80127620,88.950,1.336,68.074,-0.116,153.250,-0.074,80.770,0.710,0.000,0.000,0.000,0.000,0.154,-0.292,0.000,0.000,0.358,-0.379,0.000,1.553,-0.299,0.000,0.998,-0.001
2025-07-14 15:50:39.698303,3120,126.62442550,45.80127610,89.087,1.241,68.062,-0.120,153.242,-0.094,80.770,0.710,0.000,0.000,0.000,0.000,0.143,-0.292,0.000,0.000,0.358,-0.379,0.000,1.553,-0.299,0.000,0.998,-0.001
2025-07-14 15:50:39.808404,3000,126.62442540,45.80127590,89.224,1.247,68.040,-0.158,153.234,-0.064,80.770,0.710,0.000,0.000,0.000,0.000,0.153,-0.292,0.000,0.000,0.358,-0.379,0.000,1.553,-0.299,0.000,0.998,-0.001
2025-07-14 15:50:39.918529,2980,126.62442540,45.80127570,89.396,1.565,68.018,-0.153,153.234,-0.076,80.770,0.710,0.000,0.000,0.000,0.000,0.165,-0.292,0.000,0.000,0.358,-0.379,0.000,1.553,-0.299,0.000,0.998,-0.001
2025-07-14 15:50:40.028603,2860,126.62442530,45.80127550,89.561,1.495,67.996,-0.175,153.227,-0.081,80.770,0.710,0.000,0.000,0.000,0.000,0.178,-0.240,0.000,0.000,0.358,-0.379,0.000,1.553,-0.299,0.000,0.998,-0.001
2025-07-14 15:50:40.138726,2740,126.62442520,45.80127530,89.748,1.705,67.973,-0.167,153.219,-0.096,80.770,0.710,0.000,0.000,0.000,0.000,0.185,-0.240,0.000,0.000,0.358,-0.379,0.000,1.553,-0.299,0.000,0.998,-0.001
2025-07-14 15:50:40.248958,2620,126.62442510,45.80127510,89.897,1.349,67.951,-0.174,153.211,-0.090,80.770,0.710,0.000,0.000,0.000,0.000,0.194,-0.240,0.000,0.000,0.358,-0.379,0.000,1.553,-0.299,0.000,0.998,-0.001
2025-07-14 15:50:40.358931,2400,126.62442490,45.80127490,90.057,1.457,67.929,-0.176,153.196,-0.110,80.770,0.710,0.000,0.000,0.000,0.000,0.199,-0.240,0.000,0.000,0.358,-0.379,0.000,1.553,-0.299,0.000,0.998,-0.001
2025-07-14 15:50:40.469026,2290,126.62442480,45.80127480,90.213,1.419,67.918,-0.154,153.188,-0.070,80.770,0.710,0.000,0.000,0.000,0.000,0.191,-0.240,0.000,0.000,0.358,-0.379,0.000,1.553,-0.299,0.000,0.998,-0.001
2025-07-14 15:50:40.579131,2070,126.62442460,45.80127460,90.429,1.942,67.896,-0.146,153.172,-0.087,80.770,0.710,0.000,0.000,0.000,0.000,0.182,-0.135,0.000,0.000,0.358,-0.379,0.000,1.553,-0.299,0.000,0.998,-0.001
2025-07-14 15:50:40.689240,1840,126.62442440,45.80127440,90.617,1.712,67.873,-0.138,153.157,-0.097,80.770,0.710,0.000,0.000,0.000,0.000,0.169,-0.135,0.000,0.000,0.358,-0.379,0.000,1.553,-0.299,0.000,0.998,-0.001
2025-07-14 15:50:40.809339,1740,126.62442430,45.80127430,90.801,1.534,67.862,-0.193,153.149,-0.070,80.770,0.710,0.000,0.000,0.000,0.000,0.181,-0.135,0.000,0.000,0.358,-0.379,0.000,1.553,-0.299,0.000,0.998,-0.001
2025-07-14 15:50:40.929451,1620,126.62442420,45.80127410,90.984,1.523,67.840,-0.193,153.141,-0.090,80.770,0.710,0.000,0.000,0.000,0.000,0.196,-0.135,0.000,0.000,0.358,-0.379,0.000,1.553,-0.299,0.000,0.998,-0.001
2025-07-14 15:50:41.049549,1500,126.62442410,45.80127390,91.224,2.001,67.818,-0.142,153.134,-0.053,80.770,0.710,0.000,0.000,0.000,0.000,0.190,-0.135,0.000,0.000,0.358,-0.379,0.000,1.553,-0.299,0.000,0.998,-0.001
2025-07-14 15:50:41.169686,1390,126.62442400,45.80127380,91.543,2.660,67.807,-0.132,153.126,-0.069,80.770,0.710,0.000,0.000,0.000,0.000,0.171,-0.135,0.000,0.000,0.358,-0.379,0.000,1.553,-0.299,0.000,0.998,-0.001
2025-07-14 15:50:41.289802,1170,126.62442380,45.80127360,91.793,2.082,67.784,-0.143,153.110,-0.121,80.770,0.710,0.000,0.000,0.000,0.000,0.163,-0.135,0.000,0.000,0.358,-0.379,0.000,1.553,-0.299,0.000,0.998,-0.001
2025-07-14 15:50:41.409919,1060,126.62442370,45.80127350,91.987,1.616,67.773,-0.192,153.103,-0.079,80.770,0.710,0.000,0.000,0.000,0.000,0.181,-0.135,0.000,0.000,0.358,-0.379,0.000,1.553,-0.299,0.000,0.998,-0.001
2025-07-14 15:50:41.530024,843,126.62442350,45.80127330,92.169,1.517,67.751,-0.189,153.087,-0.088,80.770,0.710,0.000,0.000,0.000,0.000,0.201,-0.135,0.000,0.000,0.358,-0.379,0.000,1.553,-0.299,0.000,0.998,-0.001
2025-07-14 15:50:41.650139,633,126.62442330,45.80127320,92.382,1.764,67.740,-0.186,153.072,-0.101,80.770,0.710,0.000,0.000,0.000,0.000,0.209,-0.135,0.000,0.000,0.358,-0.379,0.000,1.553,-0.299,0.000,0.998,-0.001
2025-07-14 15:50:41.770352,513,126.62442320,45.80127300,92.683,2.503,67.718,-0.164,153.064,-0.122,80.770,0.710,0.000,0.000,0.000,0.000,0.208,-0.135,0.000,0.000,0.358,-0.379,0.000,1.553,-0.299,0.000,0.998,-0.001
2025-07-14 15:50:41.880361,393,126.62442310,45.80127280,92.990,2.794,67.695,-0.161,153.056,-0.128,80.770,0.710,0.000,0.000,0.000,0.000,0.207,-0.135,0.000,0.000,0.358,-0.379,0.000,1.553,-0.299,0.000,0.998,-0.001
2025-07-14 15:50:41.990473,273,126.62442300,45.80127260,93.234,2.221,67.673,-0.151,153.048,-0.142,80.770,0.710,0.000,0.000,0.000,0.000,0.206,-0.135,0.000,0.000,0.358,-0.379,0.000,1.553,-0.299,0.000,0.998,-0.001
2025-07-14 15:50:42.100565,163,126.62442290,45.80127250,93.474,2.183,67.662,-0.162,153.041,-0.115,80.770,0.710,0.000,0.000,0.000,0.000,0.204,-0.135,0.000,0.000,0.358,-0.379,0.000,1.553,-0.299,0.000,0.998,-0.001
2025-07-14 15:50:42.210685,9943,126.62442270,45.80127230,93.682,1.890,67.640,-0.201,153.025,-0.139,80.770,0.710,0.000,0.000,0.000,0.000,0.217,-0.135,0.000,0.000,0.358,-0.379,0.000,1.553,-0.299,0.000,0.998,-0.001
2025-07-14 15:50:42.320787,9723,126.62442250,45.80127210,93.959,2.514,67.618,-0.203,153.010,-0.158,80.770,0.710,0.000,0.000,0.000,0.000,0.233,-0.135,0.000,0.000,0.358,-0.379,0.000,1.553,-0.299,0.000,0.998,-0.001
2025-07-14 15:50:42.430893,9503,126.62442230,45.80127190,94.244,2.596,67.595,-0.155,152.994,-0.121,80.770,0.710,0.000,0.000,0.000,0.000,0.233,-0.135,0.000,0.000,0.358,-0.379,0.000,1.553,-0.299,0.000,0.998,-0.001
2025-07-14 15:50:42.541066,9293,126.62442210,45.80127180,94.583,3.080,67.584,-0.141,152.979,-0.137,80.770,0.710,0.000,0.000,0.000,0.000,0.217,-0.135,0.000,0.000,0.358,-0.379,0.000,1.553,-0.299,0.000,0.998,-0.001
2025-07-14 15:50:42.651098,9070,126.62442190,45.80127160,94.879,2.661,67.562,-0.129,152.963,-0.136,80.770,0.710,0.000,0.000,0.000,0.000,0.194,-0.135,0.000,0.000,0.358,-0.379,0.000,1.553,-0.299,0.000,0.998,-0.001
2025-07-14 15:50:42.761201,8860,126.62442170,45.80127150,95.094,1.960,67.551,-0.141,152.948,-0.116,80.770,0.710,0.000,0.000,0.000,0.000,0.189,-0.135,0.000,0.000,0.358,-0.379,0.000,1.553,-0.299,0.000,0.998,-0.001
2025-07-14 15:50:42.871315,8740,126.62442160,45.80127130,95.345,2.278,67.529,-0.176,152.940,-0.140,80.770,0.710,0.000,0.000,0.000,0.000,0.198,-0.135,0.000,0.000,0.358,-0.379,0.000,1.553,-0.299,0.000,0.998,-0.001
2025-07-14 15:50:42.981399,8723,126.62442160,45.80127110,95.608,2.393,67.506,-0.176,152.940,-0.164,80.770,0.710,0.000,0.000,0.000,0.000,0.216,-0.135,0.000,0.000,0.358,-0.379,0.000,1.553,-0.299,0.000,0.998,-0.001
2025-07-14 15:50:43.091509,8513,126.62442140,45.80127100,95.953,3.137,67.495,-0.160,152.924,-0.186,80.770,0.710,0.000,0.000,0.000,0.000,0.237,-0.135,0.000,0.000,0.358,-0.379,0.000,1.553,-0.299,0.000,0.998,-0.001
2025-07-14 15:50:43.201623,8293,126.62442120,45.80127080,96.243,2.641,67.473,-0.156,152.909,-0.126,80.770,0.710,0.000,0.000,0.000,0.000,0.229,-0.135,0.000,0.000,0.358,-0.379,0.000,1.553,-0.299,0.000,0.998,-0.001
2025-07-14 15:50:43.311730,8183,126.62442110,45.80127070,96.539,2.685,67.462,-0.145,152.901,-0.125,80.770,0.710,0.000,0.000,0.000,0.000,0.212,-0.135,0.000,0.000,0.358,-0.379,0.000,1.553,-0.299,0.000,0.998,-0.001
2025-07-14 15:50:43.421834,7963,126.62442090,45.80127050,96.785,2.240,67.440,-0.169,152.886,-0.161,80.770,0.710,0.000,0.000,0.000,0.000,0.208,-0.135,0.000,0.000,0.358,-0.379,0.000,1.553,-0.299,0.000,0.998,-0.001
2025-07-14 15:50:43.531939,7753,126.62442070,45.80127040,97.112,2.972,67.429,-0.166,152.870,-0.185,80.770,0.710,0.000,0.000,0.000,0.000,0.224,-0.135,0.000,0.000,0.358,-0.379,0.000,1.553,-0.299,0.000,0.998,-0.001
2025-07-14 15:50:43.642041,7533,126.62442050,45.80127020,97.459,3.156,67.406,-0.168,152.855,-0.212,80.770,0.710,0.000,0.000,0.000,0.000,0.251,-0.135,0.000,0.000,0.358,-0.379,0.000,1.553,-0.299,0.000,0.998,-0.001
2025-07-14 15:50:43.752155,7223,126.62442020,45.80127010,97.832,3.355,67.395,-0.182,152.831,-0.179,80.770,0.710,0.000,0.000,0.000,0.000,0.258,-0.135,0.000,0.000,0.358,-0.379,0.000,1.553,-0.299,0.000,0.998,-0.001
2025-07-14 15:50:43.862251,7103,126.62442010,45.80126990,98.161,2.997,67.373,-0.116,152.824,-0.126,80.770,0.710,0.000,0.000,0.000,0.000,0.232,-0.135,0.000,0.000,0.358,-0.379,0.000,1.553,-0.299,0.000,0.998,-0.001
2025-07-14 15:50:43.972358,6880,126.62441990,45.80126970,98.456,2.679,67.351,-0.098,152.808,-0.124,80.770,0.710,0.000,0.000,0.000,0.000,0.195,-0.135,0.000,0.000,0.358,-0.379,0.000,1.553,-0.299,0.000,0.998,-0.001
2025-07-14 15:50:44.082473,6750,126.62441980,45.80126950,98.687,2.094,67.329,-0.156,152.800,-0.138,80.770,0.710,0.000,0.000,0.000,0.000,0.179,-0.135,0.000,0.000,0.358,-0.379,0.000,1.553,-0.299,0.000,0.998,-0.001
2025-07-14 15:50:44.192576,6540,126.62441960,45.80126930,98.997,2.819,67.306,-0.183,152.785,-0.121,80.770,0.710,0.000,0.000,0.000,0.000,0.195,-0.135,0.000,0.000,0.358,-0.379,0.000,1.553,-0.299,0.000,0.998,-0.001
2025-07-14 15:50:44.302674,6233,126.62441930,45.80126920,99.344,3.156,67.295,-0.186,152.762,-0.147,80.770,0.710,0.000,0.000,0.000,0.000,0.222,-0.135,0.000,0.000,0.358,-0.379,0.000,1.553,-0.299,0.000,0.998,-0.001
2025-07-14 15:50:44.412776,6013,126.62441910,45.80126900,99.779,3.958,67.273,-0.123,152.746,-0.146,80.770,0.710,0.000,0.000,0.000,0.000,0.216,-0.135,0.000,0.000,0.358,-0.379,0.000,1.553,-0.299,0.000,0.998,-0.001
2025-07-14 15:50:44.522892,5693,126.62441880,45.80126880,100.121,3.112,67.251,-0.117,152.723,-0.150,80.770,0.710,0.000,0.000,0.000,0.000,0.206,-0.135,0.000,0.000,0.358,-0.379,0.000,1.553,-0.299,0.000,0.998,-0.001
2025-07-14 15:50:44.633036,5380,126.62441850,45.80126870,100.454,3.023,67.240,-0.108,152.699,-0.151,80.770,0.710,0.000,0.000,0.000,0.000,0.189,-0.135,0.000,0.000,0.358,-0.379,0.000,1.553,-0.299,0.000,0.998,-0.001
2025-07-14 15:50:44.753109,5160,126.62441830,45.80126850,100.782,2.713,67.217,-0.143,152.684,-0.161,80.770,0.710,0.000,0.000,0.000,0.000,0.197,-0.135,0.000,0.000,0.358,-0.379,0.000,1.553,-0.299,0.000,0.998,-0.001
2025-07-14 15:50:44.863213,5030,126.62441820,45.80126830,101.176,3.576,67.195,-0.118,152.676,-0.138,80.770,0.710,0.000,0.000,0.000,0.000,0.194,-0.135,0.000,0.000,0.358,-0.379,0.000,1.553,-0.299,0.000,0.998,-0.001
2025-07-14 15:50:44.973315,4830,126.62441800,45.80126820,101.568,3.564,67.184,-0.114,152.661,-0.153,80.770,0.710,0.000,0.000,0.000,0.000,0.196,-0.135,0.000,0.000,0.358,-0.379,0.000,1.553,-0.299,0.000,0.998,-0.001
2025-07-14 15:50:45.083431,4710,126.62441790,45.80126800,102.001,3.939,67.162,-0.140,152.653,-0.161,80.770,0.710,0.000,0.000,0.000,0.000,0.195,-0.135,0.000,0.000,0.358,-0.379,0.000,1.553,-0.299,0.000,0.998,-0.001
2025-07-14 15:50:45.193521,4503,126.62441770,45.80126790,102.317,2.876,67.151,-0.146,152.637,-0.141,80.770,0.710,0.000,0.000,0.000,0.000,0.202,-0.135,0.000,0.000,0.358,-0.379,0.000,1.553,-0.299,0.000,0.998,-0.001
2025-07-14 15:50:45.303624,4273,126.62441750,45.80126770,102.628,2.819,67.128,-0.140,152.622,-0.148,80.770,0.710,0.000,0.000,0.000,0.000,0.207,-0.135,0.000,0.000,0.358,-0.379,0.000,1.553,-0.299,0.000,0.998,-0.001
2025-07-14 15:50:45.413731,4073,126.62441730,45.80126760,102.912,2.584,67.117,-0.174,152.606,-0.142,80.770,0.710,0.000,0.000,0.000,0.000,0.210,-0.135,0.000,0.000,0.358,-0.379,0.000,1.553,-0.299,0.000,0.998,-0.001
2025-07-14 15:50:45.523842,3863,126.62441710,45.80126750,103.290,3.436,67.106,-0.160,152.591,-0.158,80.770,0.710,0.000,0.000,0.000,0.000,0.218,-0.135,0.000,0.000,0.358,-0.379,0.000,1.553,-0.299,0.000,0.998,-0.001
2025-07-14 15:50:45.633928,3653,126.62441690,45.80126740,103.670,3.455,67.095,-0.155,152.575,-0.175,80.770,0.710,0.000,0.000,0.000,0.000,0.228,-0.135,0.000,0.000,0.358,-0.379,0.000,1.553,-0.299,0.000,0.998,-0.001
2025-07-14 15:50:45.744050,3333,126.62441660,45.80126720,104.115,4.047,67.073,-0.142,152.552,-0.170,80.770,0.710,0.000,0.000,0.000,0.000,0.227,-0.135,0.000,0.000,0.358,-0.379,0.000,1.553,-0.299,0.000,0.998,-0.001
2025-07-14 15:50:45.854145,3213,126.62441650,45.80126710,104.506,3.525,67.062,-0.141,152.544,-0.173,80.770,0.710,0.000,0.000,0.000,0.000,0.226,-0.135,0.000,0.000,0.358,-0.379,0.000,1.553,-0.299,0.000,0.998,-0.001
2025-07-14 15:50:45.964360,3003,126.62441630,45.80126690,104.905,3.627,67.039,-0.136,152.529,-0.179,80.770,0.710,0.000,0.000,0.000,0.000,0.223,-0.135,0.000,0.000,0.358,-0.379,0.000,1.553,-0.299,0.000,0.998,-0.001
2025-07-14 15:50:46.074339,2893,126.62441620,45.80126680,105.253,3.163,67.028,-0.132,152.521,-0.135,80.770,0.710,0.000,0.000,0.000,0.000,0.212,-0.135,0.000,0.000,0.358,-0.379,0.000,1.553,-0.299,0.000,0.998,-0.001
2025-07-14 15:50:46.184478,2673,126.62441600,45.80126660,105.554,2.736,67.006,-0.123,152.506,-0.141,80.770,0.710,0.000,0.000,0.000,0.000,0.200,-0.135,0.000,0.000,0.358,-0.379,0.000,1.553,-0.299,0.000,0.998,-0.001
2025-07-14 15:50:46.294586,2450,126.62441580,45.80126650,105.946,3.564,66.995,-0.157,152.490,-0.156,80.770,0.710,0.000,0.000,0.000,0.000,0.199,-0.135,0.000,0.000,0.358,-0.379,0.000,1.553,-0.299,0.000,0.998,-0.001
2025-07-14 15:50:46.404682,2250,126.62441560,45.80126640,106.336,3.545,66.984,-0.133,152.475,-0.129,80.770,0.710,0.000,0.000,0.000,0.000,0.198,-0.135,0.000,0.000,0.358,-0.379,0.000,1.553,-0.299,0.000,0.998,-0.001
2025-07-14 15:50:46.514786,1933,126.62441530,45.80126620,106.785,4.079,66.962,-0.134,152.451,-0.151,80.770,0.710,0.000,0.000,0.000,0.000,0.203,-0.135,0.000,0.000,0.358,-0.379,0.000,1.553,-0.299,0.000,0.998,-0.001
2025-07-14 15:50:46.624874,1623,126.62441500,45.80126610,107.138,3.207,66.950,-0.132,152.428,-0.169,80.770,0.710,0.000,0.000,0.000,0.000,0.201,-0.135,0.000,0.000,0.358,-0.379,0.000,1.553,-0.299,0.000,0.998,-0.001
2025-07-14 15:50:46.735007,1413,126.62441480,45.80126600,107.497,3.265,66.939,-0.111,152.413,-0.169,80.770,0.710,0.000,0.000,0.000,0.000,0.206,-0.135,0.000,0.000,0.358,-0.379,0.000,1.553,-0.299,0.000,0.998,-0.001
2025-07-14 15:50:46.845094,1203,126.62441460,45.80126590,107.811,2.832,66.928,-0.158,152.397,-0.147,80.770,0.710,0.000,0.000,0.000,0.000,0.211,-0.135,0.000,0.000,0.358,-0.379,0.000,1.553,-0.299,0.000,0.998,-0.001
2025-07-14 15:50:46.955206,1083,126.62441450,45.80126570,108.210,3.627,66.906,-0.142,152.389,-0.151,80.770,0.710,0.000,0.000,0.000,0.000,0.208,-0.135,0.000,0.000,0.358,-0.379,0.000,1.553,-0.299,0.000,0.998,-0.001
2025-07-14 15:50:47.065287,973,126.62441440,45.80126560,108.582,3.385,66.895,-0.172,152.382,-0.175,80.770,0.710,0.000,0.000,0.000,0.000,0.223,-0.135,0.000,0.000,0.358,-0.379,0.000,1.553,-0.299,0.000,0.998,-0.001
2025-07-14 15:50:47.175417,763,126.62441420,45.80126550,108.983,3.640,66.884,-0.182,152.366,-0.194,80.770,0.710,0.000,0.000,0.000,0.000,0.240,-0.135,0.000,0.000,0.358,-0.379,0.000,1.553,-0.299,0.000,0.998,-0.001
2025-07-14 15:50:47.285514,553,126.62441400,45.80126540,109.296,2.851,66.873,-0.149,152.351,-0.143,80.770,0.710,0.000,0.000,0.000,0.000,0.239,-0.135,0.000,0.000,0.358,-0.379,0.000,1.553,-0.299,0.000,0.998,-0.001
2025-07-14 15:50:47.395616,343,126.62441380,45.80126530,109.651,3.226,66.862,-0.114,152.335,-0.118,80.770,0.710,0.000,0.000,0.000,0.000,0.212,-0.135,0.000,0.000,0.358,-0.379,0.000,1.553,-0.299,0.000,0.998,-0.001
2025-07-14 15:50:47.505717,130,126.62441360,45.80126520,110.004,3.207,66.850,-0.095,152.320,-0.126,80.770,0.710,0.000,0.000,0.000,0.000,0.176,-0.135,0.000,0.000,0.358,-0.379,0.000,1.553,-0.299,0.000,0.998,-0.001
2025-07-14 15:50:47.615820,9820,126.62441330,45.80126510,110.452,4.073,66.839,-0.078,152.296,-0.128,80.770,0.710,0.000,0.000,0.000,0.000,0.157,-0.135,0.000,0.000,0.358,-0.379,0.000,1.553,-0.299,0.000,0.998,-0.001
2025-07-14 15:50:47.725942,9610,126.62441310,45.80126500,110.888,3.965,66.828,-0.130,152.281,-0.158,80.770,0.710,0.000,0.000,0.000,0.000,0.171,-0.135,0.000,0.000,0.358,-0.379,0.000,1.553,-0.299,0.000,0.998,-0.001
2025-07-14 15:50:47.836047,9490,126.62441300,45.80126480,111.263,3.411,66.806,-0.175,152.273,-0.162,80.770,0.710,0.000,0.000,0.000,0.000,0.198,-0.135,0.000,0.000,0.358,-0.379,0.000,1.553,-0.299,0.000,0.998,-0.001
2025-07-14 15:50:47.946145,9373,126.62441290,45.80126460,111.555,2.623,66.784,-0.178,152.265,-0.178,80.770,0.710,0.000,0.000,0.000,0.000,0.232,-0.135,0.000,0.000,0.358,-0.379,0.000,1.553,-0.299,0.000,0.998,-0.001
2025-07-14 15:50:48.056230,9163,126.62441270,45.80126450,111.886,3.010,66.773,-0.138,152.250,-0.133,80.770,0.710,0.000,0.000,0.000,0.000,0.227,-0.135,0.000,0.000,0.358,-0.379,0.000,1.553,-0.299,0.000,0.998,-0.001
2025-07-14 15:50:48.166365,8943,126.62441250,45.80126430,112.234,3.169,66.750,-0.117,152.234,-0.139,80.770,0.710,0.000,0.000,0.000,0.000,0.208,-0.135,0.000,0.000,0.358,-0.379,0.000,1.553,-0.299,0.000,0.998,-0.001
2025-07-14 15:50:48.276470,8730,126.62441230,45.80126420,112.554,2.908,66.739,-0.116,152.219,-0.138,80.770,0.710,0.000,0.000,0.000,0.000,0.185,-0.135,0.000,0.000,0.358,-0.379,0.000,1.553,-0.299,0.000,0.998,-0.001
2025-07-14 15:50:48.386574,8520,126.62441210,45.80126410,112.924,3.360,66.728,-0.127,152.203,-0.129,80.770,0.710,0.000,0.000,0.000,0.000,0.181,-0.135,0.000,0.000,0.358,-0.379,0.000,1.553,-0.299,0.000,0.998,-0.001
2025-07-14 15:50:48.496667,8300,126.62441190,45.80126390,113.238,2.857,66.706,-0.133,152.188,-0.143,80.770,0.710,0.000,0.000,0.000,0.000,0.186,-0.135,0.000,0.000,0.358,-0.379,0.000,1.553,-0.299,0.000,0.998,-0.001
2025-07-14 15:50:48.606783,8090,126.62441170,45.80126380,113.589,3.188,66.695,-0.139,152.172,-0.163,80.770,0.710,0.000,0.000,0.000,0.000,0.197,-0.135,0.000,0.000,0.358,-0.379,0.000,1.553,-0.299,0.000,0.998,-0.001
2025-07-14 15:50:48.716892,7783,126.62441140,45.80126370,113.900,2.825,66.684,-0.133,152.149,-0.179,80.770,0.710,0.000,0.000,0.000,0.000,0.211,-0.135,0.000,0.000,0.358,-0.379,0.000,1.553,-0.299,0.000,0.998,-0.001
2025-07-14 15:50:48.826987,7770,126.62441140,45.80126360,114.245,3.144,66.672,-0.123,152.149,-0.096,80.770,0.710,0.000,0.000,0.000,0.000,0.198,-0.135,0.000,0.000,0.358,-0.379,0.000,1.553,-0.299,0.000,0.998,-0.001
2025-07-14 15:50:48.937100,7650,126.62441130,45.80126340,114.525,2.523,66.650,-0.113,152.141,-0.097,80.770,0.710,0.000,0.000,0.000,0.000,0.176,-0.135,0.000,0.000,0.358,-0.379,0.000,1.553,-0.299,0.000,0.998,-0.001
2025-07-14 15:50:49.047185,7640,126.62441130,45.80126330,114.821,2.685,66.639,-0.173,152.141,-0.145,80.770,0.710,0.000,0.000,0.000,0.000,0.177,-0.135,0.000,0.000,0.358,-0.379,0.000,1.553,-0.299,0.000,0.998,-0.001
2025-07-14 15:50:49.157287,7533,126.62441120,45.80126320,115.071,2.272,66.628,-0.172,152.134,-0.156,80.770,0.710,0.000,0.000,0.000,0.000,0.202,-0.135,0.000,0.000,0.358,-0.379,0.000,1.553,-0.299,0.000,0.998,-0.001
2025-07-14 15:50:49.267413,7423,126.62441110,45.80126310,115.374,2.762,66.617,-0.118,152.126,-0.136,80.770,0.710,0.000,0.000,0.000,0.000,0.213,-0.135,0.000,0.000,0.358,-0.379,0.000,1.553,-0.299,0.000,0.998,-0.001
2025-07-14 15:50:49.377519,7213,126.62441090,45.80126300,115.677,2.749,66.606,-0.107,152.110,-0.155,80.770,0.710,0.000,0.000,0.000,0.000,0.200,-0.135,0.000,0.000,0.358,-0.379,0.000,1.553,-0.299,0.000,0.998,-0.001
2025-07-14 15:50:49.487603,7000,126.62441070,45.80126290,116.044,3.341,66.595,-0.123,152.095,-0.139,80.770,0.710,0.000,0.000,0.000,0.000,0.185,-0.135,0.000,0.000,0.358,-0.379,0.000,1.553,-0.299,0.000,0.998,-0.001
2025-07-14 15:50:49.597711,6790,126.62441050,45.80126280,116.350,2.781,66.584,-0.107,152.079,-0.141,80.770,0.710,0.000,0.000,0.000,0.000,0.184,-0.135,0.000,0.000,0.358,-0.379,0.000,1.553,-0.299,0.000,0.998,-0.001
2025-07-14 15:50:49.707824,6580,126.62441030,45.80126270,116.694,3.125,66.572,-0.097,152.064,-0.134,80.770,0.710,0.000,0.000,0.000,0.000,0.176,-0.135,0.000,0.000,0.358,-0.379,0.000,1.553,-0.299,0.000,0.998,-0.001
2025-07-14 15:50:49.817928,6570,126.62441030,45.80126260,116.909,1.954,66.561,-0.169,152.064,-0.125,80.770,0.710,0.000,0.000,0.000,0.000,0.184,-0.135,0.000,0.000,0.358,-0.379,0.000,1.553,-0.299,0.000,0.998,-0.001
2025-07-14 15:50:49.928041,6453,126.62441020,45.80126240,117.153,2.221,66.539,-0.177,152.056,-0.142,80.770,0.710,0.000,0.000,0.000,0.000,0.201,-0.135,0.000,0.000,0.358,-0.379,0.000,1.553,-0.299,0.000,0.998,-0.001
2025-07-14 15:50:50.038123,6343,126.62441010,45.80126230,117.395,2.176,66.528,-0.140,152.048,-0.110,80.770,0.710,0.000,0.000,0.000,0.000,0.205,-0.135,0.000,0.000,0.358,-0.379,0.000,1.553,-0.299,0.000,0.998,-0.001
2025-07-14 15:50:50.148239,6220,126.62441000,45.80126210,117.709,2.857,66.506,-0.126,152.041,-0.127,80.770,0.710,0.000,0.000,0.000,0.000,0.195,-0.135,0.000,0.000,0.358,-0.379,0.000,1.553,-0.299,0.000,0.998,-0.001
2025-07-14 15:50:50.258361,6000,126.62440980,45.80126190,118.025,2.876,66.483,-0.117,152.025,-0.111,80.770,0.710,0.000,0.000,0.000,0.000,0.173,-0.135,0.000,0.000,0.358,-0.379,0.000,1.553,-0.299,0.000,0.998,-0.001
2025-07-14 15:50:50.368455,5790,126.62440960,45.80126180,118.275,2.265,66.472,-0.108,152.010,-0.106,80.770,0.710,0.000,0.000,0.000,0.000,0.164,-0.135,0.000,0.000,0.358,-0.379,0.000,1.553,-0.299,0.000,0.998,-0.001
2025-07-14 15:50:50.478564,5680,126.62440950,45.80126170,118.528,2.304,66.461,-0.138,152.002,-0.109,80.770,0.710,0.000,0.000,0.000,0.000,0.163,-0.135,0.000,0.000,0.358,-0.379,0.000,1.553,-0.299,0.000,0.998,-0.001
2025-07-14 15:50:50.588678,5460,126.62440930,45.80126160,118.737,1.903,66.450,-0.136,151.986,-0.115,80.770,0.710,0.000,0.000,0.000,0.000,0.168,-0.135,0.000,0.000,0.358,-0.379,0.000,1.553,-0.299,0.000,0.998,-0.001
2025-07-14 15:50:50.698778,5360,126.62440920,45.80126150,118.991,2.304,66.439,-0.126,151.979,-0.131,80.770,0.710,0.000,0.000,0.000,0.000,0.179,-0.135,0.000,0.000,0.358,-0.379,0.000,1.553,-0.299,0.000,0.998,-0.001
2025-07-14 15:50:50.818884,5140,126.62440900,45.80126130,119.239,2.065,66.417,-0.136,151.963,-0.111,80.770,0.710,0.000,0.000,0.000,0.000,0.178,-0.135,0.000,0.000,0.358,-0.379,0.000,1.553,-0.299,0.000,0.998,-0.001
2025-07-14 15:50:50.929000,4920,126.62440880,45.80126110,119.539,2.736,66.394,-0.120,151.948,-0.122,80.770,0.710,0.000,0.000,0.000,0.000,0.176,-0.135,0.000,0.000,0.358,-0.379,0.000,1.553,-0.299,0.000,0.998,-0.001
2025-07-14 15:50:51.039084,4700,126.62440860,45.80126090,119.836,2.674,66.372,-0.131,151.932,-0.120,80.770,0.710,0.000,0.000,0.000,0.000,0.175,-0.135,0.000,0.000,0.358,-0.379,0.000,1.553,-0.299,0.000,0.998,-0.001
2025-07-14 15:50:51.149203,4490,126.62440840,45.80126080,120.092,2.323,66.361,-0.135,151.917,-0.131,80.770,0.710,0.000,0.000,0.000,0.000,0.179,-0.135,0.000,0.000,0.358,-0.379,0.000,1.553,-0.299,0.000,0.998,-0.001
2025-07-14 15:50:51.259301,4270,126.62440820,45.80126060,120.377,2.590,66.339,-0.147,151.901,-0.131,80.770,0.710,0.000,0.000,0.000,0.000,0.188,-0.135,0.000,0.000,0.358,-0.379,0.000,1.553,-0.299,0.000,0.998,-0.001
2025-07-14 15:50:51.379419,4040,126.62440800,45.80126040,120.603,1.884,66.317,-0.144,151.886,-0.134,80.770,0.710,0.000,0.000,0.000,0.000,0.194,-0.135,0.000,0.000,0.358,-0.379,0.000,1.553,-0.299,0.000,0.998,-0.001
2025-07-14 15:50:51.499547,3730,126.62440770,45.80126020,120.862,2.158,66.294,-0.106,151.862,-0.086,80.770,0.710,0.000,0.000,0.000,0.000,0.177,-0.135,0.000,0.000,0.358,-0.379,0.000,1.553,-0.299,0.000,0.998,-0.001
2025-07-14 15:50:51.619634,3520,126.62440750,45.80126010,121.095,1.942,66.283,-0.088,151.847,-0.100,80.770,0.710,0.000,0.000,0.000,0.000,0.155,-0.082,0.000,0.000,0.358,-0.379,0.000,1.553,-0.299,0.000,0.998,-0.001
2025-07-14 15:50:51.739767,3300,126.62440730,45.80125990,121.292,1.639,66.261,-0.130,151.831,-0.144,80.770,0.710,0.000,0.000,0.000,0.000,0.155,-0.082,0.000,0.000,0.358,-0.379,0.000,1.553,-0.299,0.000,0.998,-0.001
2025-07-14 15:50:51.859884,3180,126.62440720,45.80125980,121.604,2.602,66.250,-0.138,151.824,-0.112,80.770,0.710,0.000,0.000,0.000,0.000,0.168,-0.082,0.000,0.000,0.358,-0.379,0.000,1.553,-0.299,0.000,0.998,-0.001
2025-07-14 15:50:51.980003,2970,126.62440700,45.80125960,121.972,3.068,66.228,-0.140,151.808,-0.120,80.770,0.710,0.000,0.000,0.000,0.000,0.185,-0.082,0.000,0.000,0.358,-0.379,0.000,1.553,-0.299,0.000,0.998,-0.001
2025-07-14 15:50:52.100102,2850,126.62440690,45.80125940,122.244,2.245,66.205,-0.121,151.800,-0.097,80.770,0.710,0.000,0.000,0.000,0.000,0.172,-0.135,0.000,0.000,0.358,-0.379,0.000,1.553,-0.299,0.000,0.998,-0.001
2025-07-14 15:50:52.220234,2640,126.62440670,45.80125930,122.434,1.587,66.194,-0.123,151.785,-0.092,80.770,0.710,0.000,0.000,0.000,0.000,0.164,-0.135,0.000,0.000,0.358,-0.379,0.000,1.553,-0.299,0.000,0.998,-0.001
2025-07-14 15:50:52.330342,2520,126.62440660,45.80125910,122.591,1.425,66.172,-0.106,151.777,-0.097,80.770,0.710,0.000,0.000,0.000,0.000,0.151,-0.135,0.000,0.000,0.358,-0.379,0.000,1.553,-0.299,0.000,0.998,-0.001
2025-07-14 15:50:52.440437,2310,126.62440640,45.80125900,122.802,1.922,66.161,-0.160,151.761,-0.105,80.770,0.710,0.000,0.000,0.000,0.000,0.163,-0.135,0.000,0.000,0.358,-0.379,0.000,1.553,-0.299,0.000,0.998,-0.001
2025-07-14 15:50:52.550528,2200,126.62440630,45.80125890,123.067,2.412,66.150,-0.146,151.754,-0.125,80.770,0.710,0.000,0.000,0.000,0.000,0.176,-0.135,0.000,0.000,0.358,-0.379,0.000,1.553,-0.299,0.000,0.998,-0.001
2025-07-14 15:50:52.660629,1990,126.62440610,45.80125880,123.414,3.150,66.139,-0.138,151.738,-0.136,80.770,0.710,0.000,0.000,0.000,0.000,0.192,-0.135,0.000,0.000,0.358,-0.379,0.000,1.553,-0.299,0.000,0.998,-0.001
2025-07-14 15:50:52.770829,1780,126.62440590,45.80125870,123.681,2.431,66.128,-0.134,151.723,-0.112,80.770,0.710,0.000,0.000,0.000,0.000,0.187,-0.135,0.000,0.000,0.358,-0.379,0.000,1.553,-0.299,0.000,0.998,-0.001
2025-07-14 15:50:52.880857,1760,126.62440590,45.80125850,123.892,1.915,66.105,-0.134,151.723,-0.110,80.770,0.710,0.000,0.000,0.000,0.000,0.181,-0.135,0.000,0.000,0.358,-0.379,0.000,1.553,-0.299,0.000,0.998,-0.001
2025-07-14 15:50:52.990966,1650,126.62440580,45.80125840,124.017,1.133,66.094,-0.137,151.715,-0.110,80.770,0.710,0.000,0.000,0.000,0.000,0.175,-0.135,0.000,0.000,0.358,-0.379,0.000,1.553,-0.299,0.000,0.998,-0.001
2025-07-14 15:50:53.101050,1630,126.62440580,45.80125820,124.189,1.565,66.072,-0.149,151.715,-0.115,80.770,0.710,0.000,0.000,0.000,0.000,0.179,-0.135,0.000,0.000,0.358,-0.379,0.000,1.553,-0.299,0.000,0.998,-0.001
2025-07-14 15:50:53.211180,1510,126.62440570,45.80125800,124.402,1.917,66.050,-0.137,151.707,-0.115,80.770,0.710,0.000,0.000,0.000,0.000,0.181,-0.135,0.000,0.000,0.358,-0.379,0.000,1.553,-0.299,0.000,0.998,-0.001
2025-07-14 15:50:53.321273,1400,126.62440560,45.80125790,124.685,2.577,66.039,-0.111,151.699,-0.122,80.770,0.710,0.000,0.000,0.000,0.000,0.177,-0.135,0.000,0.000,0.358,-0.379,0.000,1.553,-0.299,0.000,0.998,-0.001
2025-07-14 15:50:53.431381,1290,126.62440550,45.80125780,124.918,2.119,66.028,-0.145,151.692,-0.109,80.770,0.710,0.000,0.000,0.000,0.000,0.175,-0.135,0.000,0.000,0.358,-0.379,0.000,1.553,-0.299,0.000,0.998,-0.001
2025-07-14 15:50:53.541474,1080,126.62440530,45.80125770,125.143,2.043,66.016,-0.151,151.676,-0.113,80.770,0.710,0.000,0.000,0.000,0.000,0.178,-0.082,0.000,0.000,0.358,-0.379,0.000,1.553,-0.299,0.000,0.998,-0.001
2025-07-14 15:50:53.651592,970,126.62440520,45.80125760,125.311,1.527,66.005,-0.160,151.668,-0.119,80.770,0.710,0.000,0.000,0.000,0.000,0.190,-0.082,0.000,0.000,0.358,-0.379,0.000,1.553,-0.299,0.000,0.998,-0.001
2025-07-14 15:50:53.761698,850,126.62440510,45.80125740,125.372,0.554,65.983,-0.154,151.661,-0.123,80.770,0.710,0.000,0.000,0.000,0.000,0.195,-0.082,0.000,0.000,0.358,-0.379,0.000,1.553,-0.299,0.000,0.998,-0.001
2025-07-14 15:50:53.871809,730,126.62440500,45.80125720,125.546,1.585,65.961,-0.149,151.653,-0.127,80.770,0.710,0.000,0.000,0.000,0.000,0.197,-0.082,0.000,0.000,0.358,-0.379,0.000,1.553,-0.299,0.000,0.998,-0.001
2025-07-14 15:50:53.981909,520,126.62440480,45.80125710,125.720,1.585,65.950,-0.133,151.637,-0.137,80.770,0.710,0.000,0.000,0.000,0.000,0.195,-0.082,0.000,0.000,0.358,-0.379,0.000,1.553,-0.299,0.000,0.998,-0.001
2025-07-14 15:50:54.091985,400,126.62440470,45.80125690,125.966,2.234,65.927,-0.105,151.630,-0.103,80.770,0.710,0.000,0.000,0.000,0.000,0.178,-0.135,0.000,0.000,0.358,-0.379,0.000,1.553,-0.299,0.000,0.998,-0.001
2025-07-14 15:50:54.202126,190,126.62440450,45.80125680,126.210,2.195,65.916,-0.146,151.614,-0.119,80.770,0.710,0.000,0.000,0.000,0.000,0.175,-0.135,0.000,0.000,0.358,-0.379,0.000,1.553,-0.299,0.000,0.998,-0.001
2025-07-14 15:50:54.312221,9970,126.62440430,45.80125660,126.473,2.393,65.894,-0.145,151.599,-0.121,80.770,0.710,0.000,0.000,0.000,0.000,0.175,-0.135,0.000,0.000,0.358,-0.379,0.000,1.553,-0.299,0.000,0.998,-0.001
2025-07-14 15:50:54.422330,9860,126.62440420,45.80125650,126.654,1.642,65.883,-0.137,151.591,-0.093,80.770,0.710,0.000,0.000,0.000,0.000,0.181,-0.135,0.000,0.000,0.358,-0.379,0.000,1.553,-0.299,0.000,0.998,-0.001
2025-07-14 15:50:54.532438,9650,126.62440400,45.80125640,126.805,1.381,65.872,-0.130,151.575,-0.093,80.770,0.710,0.000,0.000,0.000,0.000,0.171,-0.135,0.000,0.000,0.358,-0.379,0.000,1.553,-0.299,0.000,0.998,-0.001
2025-07-14 15:50:54.642523,9530,126.62440390,45.80125620,126.924,1.075,65.850,-0.123,151.568,-0.097,80.770,0.710,0.000,0.000,0.000,0.000,0.161,-0.135,0.000,0.000,0.358,-0.379,0.000,1.553,-0.299,0.000,0.998,-0.001
2025-07-14 15:50:54.752652,9320,126.62440370,45.80125610,127.081,1.425,65.839,-0.142,151.552,-0.103,80.770,0.710,0.000,0.000,0.000,0.000,0.164,-0.135,0.000,0.000,0.358,-0.379,0.000,1.553,-0.299,0.000,0.998,-0.001
2025-07-14 15:50:54.862823,9200,126.62440360,45.80125590,127.253,1.565,65.816,-0.167,151.544,-0.118,80.770,0.710,0.000,0.000,0.000,0.000,0.179,-0.135,0.000,0.000,0.358,-0.379,0.000,1.553,-0.299,0.000,0.998,-0.001
2025-07-14 15:50:54.972848,9080,126.62440350,45.80125570,127.473,2.005,65.794,-0.154,151.537,-0.125,80.770,0.710,0.000,0.000,0.000,0.000,0.193,-0.135,0.000,0.000,0.358,-0.379,0.000,1.553,-0.299,0.000,0.998,-0.001
2025-07-14 15:50:55.083038,8970,126.62440340,45.80125560,127.660,1.699,65.783,-0.119,151.529,-0.108,80.770,0.710,0.000,0.000,0.000,0.000,0.188,-0.135,0.000,0.000,0.358,-0.379,0.000,1.553,-0.299,0.000,0.998,-0.001
2025-07-14 15:50:55.193069,8850,126.62440330,45.80125540,127.852,1.744,65.761,-0.163,151.521,-0.095,80.770,0.710,0.000,0.000,0.000,0.000,0.183,-0.135,0.000,0.000,0.358,-0.379,0.000,1.553,-0.299,0.000,0.998,-0.001
2025-07-14 15:50:55.303165,8740,126.62440320,45.80125530,128.005,1.375,65.750,-0.162,151.513,-0.098,80.770,0.710,0.000,0.000,0.000,0.000,0.180,-0.135,0.000,0.000,0.358,-0.379,0.000,1.553,-0.299,0.000,0.998,-0.001
2025-07-14 15:50:55.413270,8630,126.62440310,45.80125520,128.159,1.406,65.738,-0.178,151.506,-0.099,80.770,0.710,0.000,0.000,0.000,0.000,0.194,-0.135,0.000,0.000,0.358,-0.379,0.000,1.553,-0.299,0.000,0.998,-0.001
2025-07-14 15:50:55.523375,8410,126.62440290,45.80125500,128.280,1.095,65.716,-0.174,151.490,-0.109,80.770,0.710,0.000,0.000,0.000,0.000,0.199,-0.135,0.000,0.000,0.358,-0.379,0.000,1.553,-0.299,0.000,0.998,-0.001
2025-07-14 15:50:55.633565,8303,126.62440280,45.80125490,128.417,1.247,65.705,-0.161,151.482,-0.116,80.770,0.710,0.000,0.000,0.000,0.000,0.202,-0.135,0.000,0.000,0.358,-0.379,0.000,1.553,-0.299,0.000,0.998,-0.001
2025-07-14 15:50:55.743575,8090,126.62440260,45.80125480,128.498,0.738,65.694,-0.121,151.467,-0.135,80.770,0.710,0.000,0.000,0.000,0.000,0.195,-0.135,0.000,0.000,0.358,-0.379,0.000,1.553,-0.299,0.000,0.998,-0.001
2025-07-14 15:50:55.853688,7970,126.62440250,45.80125460,128.672,1.578,65.672,-0.166,151.459,-0.117,80.770,0.710,0.000,0.000,0.000,0.000,0.194,-0.135,0.000,0.000,0.358,-0.379,0.000,1.553,-0.299,0.000,0.998,-0.001
2025-07-14 15:50:55.963803,7750,126.62440230,45.80125440,128.851,1.629,65.649,-0.159,151.444,-0.118,80.770,0.710,0.000,0.000,0.000,0.000,0.194,-0.135,0.000,0.000,0.358,-0.379,0.000,1.553,-0.299,0.000,0.998,-0.001
2025-07-14 15:50:56.073876,7633,126.62440220,45.80125430,129.001,1.368,65.638,-0.158,151.436,-0.132,80.770,0.710,0.000,0.000,0.000,0.000,0.202,-0.082,0.000,0.000,0.358,-0.379,0.000,1.553,-0.299,0.000,0.998,-0.001
2025-07-14 15:50:56.184007,7420,126.62440200,45.80125410,129.171,1.540,65.616,-0.152,151.420,-0.108,80.770,0.710,0.000,0.000,0.000,0.000,0.197,-0.082,0.000,0.000,0.358,-0.379,0.000,1.553,-0.299,0.000,0.998,-0.001
2025-07-14 15:50:56.294116,7210,126.62440180,45.80125400,129.306,1.217,65.605,-0.150,151.405,-0.117,80.770,0.710,0.000,0.000,0.000,0.000,0.194,-0.082,0.000,0.000,0.358,-0.379,0.000,1.553,-0.299,0.000,0.998,-0.001
2025-07-14 15:50:56.404223,6990,126.62440160,45.80125380,129.425,1.082,65.583,-0.126,151.389,-0.119,80.770,0.710,0.000,0.000,0.000,0.000,0.183,-0.082,0.000,0.000,0.358,-0.379,0.000,1.553,-0.299,0.000,0.998,-0.001
2025-07-14 15:50:56.514324,6870,126.62440150,45.80125370,129.501,0.687,65.572,-0.113,151.382,-0.120,80.770,0.710,0.000,0.000,0.000,0.000,0.176,-0.082,0.000,0.000,0.358,-0.379,0.000,1.553,-0.299,0.000,0.998,-0.001
2025-07-14 15:50:56.624416,6570,126.62440120,45.80125360,129.591,0.821,65.561,-0.102,151.358,-0.124,80.770,0.710,0.000,0.000,0.000,0.000,0.166,-0.135,0.000,0.000,0.358,-0.379,0.000,1.553,-0.299,0.000,0.998,-0.001
2025-07-14 15:50:56.734548,6460,126.62440110,45.80125350,129.711,1.095,65.549,-0.156,151.351,-0.099,80.770,0.710,0.000,0.000,0.000,0.000,0.170,-0.135,0.000,0.000,0.358,-0.379,0.000,1.553,-0.299,0.000,0.998,-0.001
2025-07-14 15:50:56.844643,6330,126.62440100,45.80125320,129.909,1.801,65.516,-0.173,151.343,-0.110,80.770,0.710,0.000,0.000,0.000,0.000,0.183,-0.135,0.000,0.000,0.358,-0.379,0.000,1.553,-0.299,0.000,0.998,-0.001
2025-07-14 15:50:56.955186,6210,126.62440090,45.80125300,130.098,1.696,65.494,-0.160,151.335,-0.117,80.770,0.710,0.000,0.000,0.000,0.000,0.196,-0.135,0.000,0.000,0.358,-0.379,0.000,1.553,-0.299,0.000,0.998,-0.001
2025-07-14 15:50:57.065205,6090,126.62440080,45.80125280,130.259,1.464,65.472,-0.133,151.327,-0.105,80.770,0.710,0.000,0.000,0.000,0.000,0.191,-0.135,0.000,0.000,0.358,-0.379,0.000,1.553,-0.299,0.000,0.998,-0.001
2025-07-14 15:50:57.175286,5980,126.62440070,45.80125270,130.321,0.566,65.460,-0.131,151.320,-0.108,80.770,0.710,0.000,0.000,0.000,0.000,0.179,-0.135,0.000,0.000,0.358,-0.379,0.000,1.553,-0.299,0.000,0.998,-0.001
2025-07-14 15:50:57.285422,5750,126.62440050,45.80125250,130.341,0.185,65.438,-0.176,151.304,-0.093,80.770,0.710,0.000,0.000,0.000,0.000,0.179,-0.135,0.000,0.000,0.358,-0.379,0.000,1.553,-0.299,0.000,0.998,-0.001
2025-07-14 15:50:57.395515,5640,126.62440040,45.80125230,130.387,0.420,65.416,-0.169,151.296,-0.092,80.770,0.710,0.000,0.000,0.000,0.000,0.187,-0.135,0.000,0.000,0.358,-0.379,0.000,1.553,-0.299,0.000,0.998,-0.001
2025-07-14 15:50:57.505639,5430,126.62440020,45.80125220,130.536,1.349,65.405,-0.146,151.281,-0.097,80.770,0.710,0.000,0.000,0.000,0.000,0.189,-0.135,0.000,0.000,0.358,-0.379,0.000,1.553,-0.299,0.000,0.998,-0.001
2025-07-14 15:50:57.615733,5310,126.62440010,45.80125200,130.712,1.604,65.383,-0.121,151.273,-0.097,80.770,0.710,0.000,0.000,0.000,0.000,0.174,-0.135,0.000,0.000,0.358,-0.379,0.000,1.553,-0.299,0.000,0.998,-0.001
2025-07-14 15:50:57.725987,5090,126.62439990,45.80125190,130.928,1.966,65.371,-0.134,151.258,-0.114,80.770,0.710,0.000,0.000,0.000,0.000,0.169,-0.135,0.000,0.000,0.358,-0.379,0.000,1.553,-0.299,0.000,0.998,-0.001
2025-07-14 15:50:57.835957,4980,126.62439980,45.80125170,130.988,0.541,65.349,-0.189,151.250,-0.141,80.770,0.710,0.000,0.000,0.000,0.000,0.189,-0.135,0.000,0.000,0.358,-0.379,0.000,1.553,-0.299,0.000,0.998,-0.001
2025-07-14 15:50:57.946058,4863,126.62439970,45.80125150,130.999,0.102,65.327,-0.198,151.242,-0.150,80.770,0.710,0.000,0.000,0.000,0.000,0.220,-0.135,0.000,0.000,0.358,-0.379,0.000,1.553,-0.299,0.000,0.998,-0.001
2025-07-14 15:50:58.056162,4633,126.62439950,45.80125130,131.046,0.423,65.305,-0.202,151.227,-0.113,80.770,0.710,0.000,0.000,0.000,0.000,0.239,-0.135,0.000,0.000,0.358,-0.379,0.000,1.553,-0.299,0.000,0.998,-0.001
2025-07-14 15:50:58.166276,4523,126.62439940,45.80125110,131.140,0.853,65.283,-0.185,151.219,-0.117,80.770,0.710,0.000,0.000,0.000,0.000,0.233,-0.135,0.000,0.000,0.358,-0.379,0.000,1.553,-0.299,0.000,0.998,-0.001
2025-07-14 15:50:58.276384,4313,126.62439920,45.80125100,131.270,1.184,65.271,-0.147,151.203,-0.129,80.770,0.710,0.000,0.000,0.000,0.000,0.215,-0.135,0.000,0.000,0.358,-0.379,0.000,1.553,-0.299,0.000,0.998,-0.001
2025-07-14 15:50:58.386484,4193,126.62439910,45.80125080,131.370,0.904,65.249,-0.141,151.196,-0.127,80.770,0.710,0.000,0.000,0.000,0.000,0.201,-0.135,0.000,0.000,0.358,-0.379,0.000,1.553,-0.299,0.000,0.998,-0.001
2025-07-14 15:50:58.496579,3980,126.62439890,45.80125070,131.448,0.713,65.238,-0.164,151.180,-0.106,80.770,0.710,0.000,0.000,0.000,0.000,0.194,-0.135,0.000,0.000,0.358,-0.379,0.000,1.553,-0.299,0.000,0.998,-0.001
2025-07-14 15:50:58.606679,3860,126.62439880,45.80125050,131.492,0.401,65.216,-0.159,151.172,-0.112,80.770,0.710,0.000,0.000,0.000,0.000,0.193,-0.135,0.000,0.000,0.358,-0.379,0.000,1.553,-0.299,0.000,0.998,-0.001
2025-07-14 15:50:58.716805,3653,126.62439860,45.80125040,131.552,0.547,65.205,-0.202,151.157,-0.116,80.770,0.710,0.000,0.000,0.000,0.000,0.208,-0.135,0.000,0.000,0.358,-0.379,0.000,1.553,-0.299,0.000,0.998,-0.001
2025-07-14 15:50:58.826955,3423,126.62439840,45.80125010,131.638,0.783,65.171,-0.172,151.141,-0.134,80.770,0.710,0.000,0.000,0.000,0.000,0.215,-0.135,0.000,0.000,0.358,-0.379,0.000,1.553,-0.299,0.000,0.998,-0.001
2025-07-14 15:50:58.937010,3303,126.62439830,45.80124990,131.750,1.012,65.149,-0.168,151.134,-0.138,80.770,0.710,0.000,0.000,0.000,0.000,0.223,-0.135,0.000,0.000,0.358,-0.379,0.000,1.553,-0.299,0.000,0.998,-0.001
2025-07-14 15:50:59.047087,3183,126.62439820,45.80124970,131.820,0.637,65.127,-0.171,151.126,-0.124,80.770,0.710,0.000,0.000,0.000,0.000,0.216,-0.135,0.000,0.000,0.358,-0.379,0.000,1.553,-0.299,0.000,0.998,-0.001
2025-07-14 15:50:59.157207,2953,126.62439800,45.80124940,131.852,0.286,65.094,-0.174,151.110,-0.128,80.770,0.710,0.000,0.000,0.000,0.000,0.215,-0.135,0.000,0.000,0.358,-0.379,0.000,1.553,-0.299,0.000,0.998,-0.001
2025-07-14 15:50:59.267314,2733,126.62439780,45.80124920,131.866,0.127,65.071,-0.157,151.095,-0.118,80.770,0.710,0.000,0.000,0.000,0.000,0.208,-0.135,0.000,0.000,0.358,-0.379,0.000,1.553,-0.299,0.000,0.998,-0.001
2025-07-14 15:50:59.377419,2610,126.62439770,45.80124900,131.915,0.452,65.049,-0.133,151.087,-0.124,80.770,0.710,0.000,0.000,0.000,0.000,0.198,-0.135,0.000,0.000,0.358,-0.379,0.000,1.553,-0.299,0.000,0.998,-0.001
2025-07-14 15:50:59.487525,2390,126.62439750,45.80124880,131.990,0.675,65.027,-0.161,151.072,-0.118,80.770,0.710,0.000,0.000,0.000,0.000,0.193,-0.135,0.000,0.000,0.358,-0.379,0.000,1.553,-0.299,0.000,0.998,-0.001
2025-07-14 15:50:59.597626,2180,126.62439730,45.80124870,132.061,0.649,65.016,-0.152,151.056,-0.113,80.770,0.710,0.000,0.000,0.000,0.000,0.190,-0.135,0.000,0.000,0.358,-0.379,0.000,1.553,-0.299,0.000,0.998,-0.001
2025-07-14 15:50:59.707732,2060,126.62439720,45.80124850,132.043,-0.165,64.993,-0.155,151.048,-0.118,80.770,0.710,0.000,0.000,0.000,0.000,0.195,-0.135,0.000,0.000,0.358,-0.379,0.000,1.553,-0.299,0.000,0.998,-0.001
2025-07-14 15:50:59.817950,1843,126.62439700,45.80124830,132.027,-0.146,64.971,-0.185,151.033,-0.147,80.770,0.710,0.000,0.000,0.000,0.000,0.207,-0.135,0.000,0.000,0.358,-0.379,0.000,1.553,-0.299,0.000,0.998,-0.001
2025-07-14 15:50:59.927944,1523,126.62439670,45.80124810,132.039,0.115,64.949,-0.182,151.010,-0.168,80.770,0.710,0.000,0.000,0.000,0.000,0.226,-0.135,0.000,0.000,0.358,-0.379,0.000,1.553,-0.299,0.000,0.998,-0.001
2025-07-14 15:51:00.038036,1313,126.62439650,45.80124800,132.098,0.535,64.938,-0.189,150.994,-0.101,80.770,0.710,0.000,0.000,0.000,0.000,0.233,-0.135,0.000,0.000,0.358,-0.379,0.000,1.553,-0.299,0.000,0.998,-0.001
2025-07-14 15:51:00.148159,993,126.62439620,45.80124780,132.189,0.814,64.916,-0.166,150.971,-0.092,80.770,0.710,0.000,0.000,0.000,0.000,0.217,-0.135,0.000,0.000,0.358,-0.379,0.000,1.553,-0.299,0.000,0.998,-0.001
2025-07-14 15:51:00.258275,780,126.62439600,45.80124770,132.245,0.509,64.904,-0.151,150.955,-0.099,80.770,0.710,0.000,0.000,0.000,0.000,0.195,-0.135,0.000,0.000,0.358,-0.379,0.000,1.553,-0.299,0.000,0.998,-0.001
2025-07-14 15:51:00.368381,660,126.62439590,45.80124750,132.272,0.248,64.882,-0.147,150.948,-0.094,80.770,0.710,0.000,0.000,0.000,0.000,0.182,-0.135,0.000,0.000,0.358,-0.379,0.000,1.553,-0.299,0.000,0.998,-0.001
2025-07-14 15:51:00.478440,453,126.62439570,45.80124740,132.268,-0.032,64.871,-0.186,150.932,-0.172,80.770,0.710,0.000,0.000,0.000,0.000,0.203,-0.135,0.000,0.000,0.358,-0.379,0.000,1.553,-0.299,0.000,0.998,-0.001
2025-07-14 15:51:00.588623,243,126.62439550,45.80124730,132.255,-0.121,64.860,-0.193,150.917,-0.189,80.770,0.710,0.000,0.000,0.000,0.000,0.233,-0.135,0.000,0.000,0.358,-0.379,0.000,1.553,-0.299,0.000,0.998,-0.001
